state,year,accidents,source_file,source_type,source_name,source_url,source_year,source_granularity
Andhra Pradesh,2016,24888.0,RA2019_A2.csv,accident_totals,Official Government CSV,https://www.data.gov.in/catalog/road-accidents-india-2019,2016,State/UT
Andhra Pradesh,2017,25727.0,RA2019_A2.csv,accident_totals,Official Government CSV,https://www.data.gov.in/catalog/road-accidents-india-2019,2017,State/UT
Andhra Pradesh,2018,24475.0,RA2019_A2.csv,accident_totals,Official Government CSV,https://www.data.gov.in/catalog/road-accidents-india-2019,2018,State/UT
Andhra Pradesh,2019,21992.0,RA2019_A2.csv,accident_totals,Official Government CSV,https://www.data.gov.in/catalog/road-accidents-india-2019,2019,State/UT
Andhra Pradesh,2019,8.0,RA2019_A2.csv,accident_totals,Official Government CSV,https://www.data.gov.in/catalog/road-accidents-india-2019,2019,State/UT
Andhra Pradesh,2016,5.177966595,RA2019_A2.csv,accident_totals,Official Government CSV,https://www.data.gov.in/catalog/road-accidents-india-2019,2016,State/UT
Andhra Pradesh,2017,5.533759222,RA2019_A2.csv,accident_totals,Official Government CSV,https://www.data.gov.in/catalog/road-accidents-india-2019,2017,State/UT
Andhra Pradesh,2018,5.240405615,RA2019_A2.csv,accident_totals,Official Government CSV,https://www.data.gov.in/catalog/road-accidents-india-2019,2018,State/UT
Andhra Pradesh,2019,4.897973728,RA2019_A2.csv,accident_totals,Official Government CSV,https://www.data.gov.in/catalog/road-accidents-india-2019,2019,State/UT
Andhra Pradesh,2016,28.16627245,RA2019_A2.csv,accident_totals,Official Government CSV,https://www.data.gov.in/catalog/road-accidents-india-2019,2016,State/UT
Andhra Pradesh,2017,28.89537822,RA2019_A2.csv,accident_totals,Official Government CSV,https://www.data.gov.in/catalog/road-accidents-india-2019,2017,State/UT
Andhra Pradesh,2018,27.2881337,RA2019_A2.csv,accident_totals,Official Government CSV,https://www.data.gov.in/catalog/road-accidents-india-2019,2018,State/UT
Andhra Pradesh,2019,24.34628584,RA2019_A2.csv,accident_totals,Official Government CSV,https://www.data.gov.in/catalog/road-accidents-india-2019,2019,State/UT
Andhra Pradesh,2016,28.51656786,RA2019_A2.csv,accident_totals,Official Government CSV,https://www.data.gov.in/catalog/road-accidents-india-2019,2016,State/UT
Andhra Pradesh,2017,26.7255466,RA2019_A2.csv,accident_totals,Official Government CSV,https://www.data.gov.in/catalog/road-accidents-india-2019,2017,State/UT
Andhra Pradesh,2018,22.670402,RA2019_A2.csv,accident_totals,Official Government CSV,https://www.data.gov.in/catalog/road-accidents-india-2019,2018,State/UT
Andhra Pradesh,2019,18.33766009,RA2019_A2.csv,accident_totals,Official Government CSV,https://www.data.gov.in/catalog/road-accidents-india-2019,2019,State/UT
Andhra Pradesh,2016,1427.335496,RA2019_A2.csv,accident_totals,Official Government CSV,https://www.data.gov.in/catalog/road-accidents-india-2019,2016,State/UT
Andhra Pradesh,2017,1457.837875,RA2019_A2.csv,accident_totals,Official Government CSV,https://www.data.gov.in/catalog/road-accidents-india-2019,2017,State/UT
Andhra Pradesh,2018,1121.728769,RA2019_A2.csv,accident_totals,Official Government CSV,https://www.data.gov.in/catalog/road-accidents-india-2019,2018,State/UT
Arunachal Pradesh,2016,249.0,RA2019_A2.csv,accident_totals,Official Government CSV,https://www.data.gov.in/catalog/road-accidents-india-2019,2016,State/UT
Arunachal Pradesh,2017,241.0,RA2019_A2.csv,accident_totals,Official Government CSV,https://www.data.gov.in/catalog/road-accidents-india-2019,2017,State/UT
Arunachal Pradesh,2018,277.0,RA2019_A2.csv,accident_totals,Official Government CSV,https://www.data.gov.in/catalog/road-accidents-india-2019,2018,State/UT
Arunachal Pradesh,2019,237.0,RA2019_A2.csv,accident_totals,Official Government CSV,https://www.data.gov.in/catalog/road-accidents-india-2019,2019,State/UT
Arunachal Pradesh,2019,30.0,RA2019_A2.csv,accident_totals,Official Government CSV,https://www.data.gov.in/catalog/road-accidents-india-2019,2019,State/UT
Arunachal Pradesh,2016,0.051804632,RA2019_A2.csv,accident_totals,Official Government CSV,https://www.data.gov.in/catalog/road-accidents-india-2019,2016,State/UT
Arunachal Pradesh,2017,0.05183799,RA2019_A2.csv,accident_totals,Official Government CSV,https://www.data.gov.in/catalog/road-accidents-india-2019,2017,State/UT
Arunachal Pradesh,2018,0.059309187,RA2019_A2.csv,accident_totals,Official Government CSV,https://www.data.gov.in/catalog/road-accidents-india-2019,2018,State/UT
Arunachal Pradesh,2019,0.052783729,RA2019_A2.csv,accident_totals,Official Government CSV,https://www.data.gov.in/catalog/road-accidents-india-2019,2019,State/UT
Arunachal Pradesh,2016,18.96420411,RA2019_A2.csv,accident_totals,Official Government CSV,https://www.data.gov.in/catalog/road-accidents-india-2019,2016,State/UT
Arunachal Pradesh,2017,18.16126601,RA2019_A2.csv,accident_totals,Official Government CSV,https://www.data.gov.in/catalog/road-accidents-india-2019,2017,State/UT
Arunachal Pradesh,2018,20.6562267,RA2019_A2.csv,accident_totals,Official Government CSV,https://www.data.gov.in/catalog/road-accidents-india-2019,2018,State/UT
Arunachal Pradesh,2019,17.50369276,RA2019_A2.csv,accident_totals,Official Government CSV,https://www.data.gov.in/catalog/road-accidents-india-2019,2019,State/UT
Arunachal Pradesh,2016,9.404992578,RA2019_A2.csv,accident_totals,Official Government CSV,https://www.data.gov.in/catalog/road-accidents-india-2019,2016,State/UT
Arunachal Pradesh,2017,13.39864012,RA2019_A2.csv,accident_totals,Official Government CSV,https://www.data.gov.in/catalog/road-accidents-india-2019,2017,State/UT
Arunachal Pradesh,2018,13.19845812,RA2019_A2.csv,accident_totals,Official Government CSV,https://www.data.gov.in/catalog/road-accidents-india-2019,2018,State/UT
Arunachal Pradesh,2019,10.29736353,RA2019_A2.csv,accident_totals,Official Government CSV,https://www.data.gov.in/catalog/road-accidents-india-2019,2019,State/UT
Arunachal Pradesh,2016,81.12782138,RA2019_A2.csv,accident_totals,Official Government CSV,https://www.data.gov.in/catalog/road-accidents-india-2019,2016,State/UT
Arunachal Pradesh,2017,65.09047076,RA2019_A2.csv,accident_totals,Official Government CSV,https://www.data.gov.in/catalog/road-accidents-india-2019,2017,State/UT
Arunachal Pradesh,2018,54.7918109,RA2019_A2.csv,accident_totals,Official Government CSV,https://www.data.gov.in/catalog/road-accidents-india-2019,2018,State/UT
Assam,2016,7435.0,RA2019_A2.csv,accident_totals,Official Government CSV,https://www.data.gov.in/catalog/road-accidents-india-2019,2016,State/UT
Assam,2017,7170.0,RA2019_A2.csv,accident_totals,Official Government CSV,https://www.data.gov.in/catalog/road-accidents-india-2019,2017,State/UT
Assam,2018,8248.0,RA2019_A2.csv,accident_totals,Official Government CSV,https://www.data.gov.in/catalog/road-accidents-india-2019,2018,State/UT
Assam,2019,8350.0,RA2019_A2.csv,accident_totals,Official Government CSV,https://www.data.gov.in/catalog/road-accidents-india-2019,2019,State/UT
Assam,2019,16.0,RA2019_A2.csv,accident_totals,Official Government CSV,https://www.data.gov.in/catalog/road-accidents-india-2019,2019,State/UT
Assam,2016,1.546857186,RA2019_A2.csv,accident_totals,Official Government CSV,https://www.data.gov.in/catalog/road-accidents-india-2019,2016,State/UT
Assam,2017,1.542233981,RA2019_A2.csv,accident_totals,Official Government CSV,https://www.data.gov.in/catalog/road-accidents-india-2019,2017,State/UT
Assam,2018,1.766000634,RA2019_A2.csv,accident_totals,Official Government CSV,https://www.data.gov.in/catalog/road-accidents-india-2019,2018,State/UT
Assam,2019,1.859679912,RA2019_A2.csv,accident_totals,Official Government CSV,https://www.data.gov.in/catalog/road-accidents-india-2019,2019,State/UT
Assam,2016,22.91287867,RA2019_A2.csv,accident_totals,Official Government CSV,https://www.data.gov.in/catalog/road-accidents-india-2019,2016,State/UT
Assam,2017,21.85309357,RA2019_A2.csv,accident_totals,Official Government CSV,https://www.data.gov.in/catalog/road-accidents-india-2019,2017,State/UT
Assam,2018,24.86884158,RA2019_A2.csv,accident_totals,Official Government CSV,https://www.data.gov.in/catalog/road-accidents-india-2019,2018,State/UT
Assam,2019,24.91347416,RA2019_A2.csv,accident_totals,Official Government CSV,https://www.data.gov.in/catalog/road-accidents-india-2019,2019,State/UT
Assam,2016,26.38967271,RA2019_A2.csv,accident_totals,Official Government CSV,https://www.data.gov.in/catalog/road-accidents-india-2019,2016,State/UT
Assam,2017,23.67379687,RA2019_A2.csv,accident_totals,Official Government CSV,https://www.data.gov.in/catalog/road-accidents-india-2019,2017,State/UT
Assam,2018,23.9628332,RA2019_A2.csv,accident_totals,Official Government CSV,https://www.data.gov.in/catalog/road-accidents-india-2019,2018,State/UT
Assam,2019,21.21164471,RA2019_A2.csv,accident_totals,Official Government CSV,https://www.data.gov.in/catalog/road-accidents-india-2019,2019,State/UT
Assam,2016,225.6312212,RA2019_A2.csv,accident_totals,Official Government CSV,https://www.data.gov.in/catalog/road-accidents-india-2019,2016,State/UT
Assam,2017,212.2699372,RA2019_A2.csv,accident_totals,Official Government CSV,https://www.data.gov.in/catalog/road-accidents-india-2019,2017,State/UT
Assam,2018,240.0402783,RA2019_A2.csv,accident_totals,Official Government CSV,https://www.data.gov.in/catalog/road-accidents-india-2019,2018,State/UT
Bihar,2016,8222.0,RA2019_A2.csv,accident_totals,Official Government CSV,https://www.data.gov.in/catalog/road-accidents-india-2019,2016,State/UT
Bihar,2017,8855.0,RA2019_A2.csv,accident_totals,Official Government CSV,https://www.data.gov.in/catalog/road-accidents-india-2019,2017,State/UT
Bihar,2018,9600.0,RA2019_A2.csv,accident_totals,Official Government CSV,https://www.data.gov.in/catalog/road-accidents-india-2019,2018,State/UT
Bihar,2019,10007.0,RA2019_A2.csv,accident_totals,Official Government CSV,https://www.data.gov.in/catalog/road-accidents-india-2019,2019,State/UT
Bihar,2019,15.0,RA2019_A2.csv,accident_totals,Official Government CSV,https://www.data.gov.in/catalog/road-accidents-india-2019,2019,State/UT
Bihar,2016,1.710593111,RA2019_A2.csv,accident_totals,Official Government CSV,https://www.data.gov.in/catalog/road-accidents-india-2019,2016,State/UT
Bihar,2017,1.904669721,RA2019_A2.csv,accident_totals,Official Government CSV,https://www.data.gov.in/catalog/road-accidents-india-2019,2017,State/UT
Bihar,2018,2.055480854,RA2019_A2.csv,accident_totals,Official Government CSV,https://www.data.gov.in/catalog/road-accidents-india-2019,2018,State/UT
Bihar,2019,2.228720585,RA2019_A2.csv,accident_totals,Official Government CSV,https://www.data.gov.in/catalog/road-accidents-india-2019,2019,State/UT
Bihar,2016,7.912768988,RA2019_A2.csv,accident_totals,Official Government CSV,https://www.data.gov.in/catalog/road-accidents-india-2019,2016,State/UT
Bihar,2017,8.428196147,RA2019_A2.csv,accident_totals,Official Government CSV,https://www.data.gov.in/catalog/road-accidents-india-2019,2017,State/UT
Bihar,2018,9.040229019,RA2019_A2.csv,accident_totals,Official Government CSV,https://www.data.gov.in/catalog/road-accidents-india-2019,2018,State/UT
Bihar,2019,9.326796716,RA2019_A2.csv,accident_totals,Official Government CSV,https://www.data.gov.in/catalog/road-accidents-india-2019,2019,State/UT
Bihar,2016,14.99727579,RA2019_A2.csv,accident_totals,Official Government CSV,https://www.data.gov.in/catalog/road-accidents-india-2019,2016,State/UT
Bihar,2017,14.17719363,RA2019_A2.csv,accident_totals,Official Government CSV,https://www.data.gov.in/catalog/road-accidents-india-2019,2017,State/UT
Bihar,2018,13.03635432,RA2019_A2.csv,accident_totals,Official Government CSV,https://www.data.gov.in/catalog/road-accidents-india-2019,2018,State/UT
Bihar,2019,11.69973798,RA2019_A2.csv,accident_totals,Official Government CSV,https://www.data.gov.in/catalog/road-accidents-india-2019,2019,State/UT
Bihar,2016,398.1907167,RA2019_A2.csv,accident_totals,Official Government CSV,https://www.data.gov.in/catalog/road-accidents-india-2019,2016,State/UT
Bihar,2017,422.5746548,RA2019_A2.csv,accident_totals,Official Government CSV,https://www.data.gov.in/catalog/road-accidents-india-2019,2017,State/UT
Bihar,2018,330.3839681,RA2019_A2.csv,accident_totals,Official Government CSV,https://www.data.gov.in/catalog/road-accidents-india-2019,2018,State/UT
Chhattisgarh,2016,13580.0,RA2019_A2.csv,accident_totals,Official Government CSV,https://www.data.gov.in/catalog/road-accidents-india-2019,2016,State/UT
Chhattisgarh,2017,13563.0,RA2019_A2.csv,accident_totals,Official Government CSV,https://www.data.gov.in/catalog/road-accidents-india-2019,2017,State/UT
Chhattisgarh,2018,13864.0,RA2019_A2.csv,accident_totals,Official Government CSV,https://www.data.gov.in/catalog/road-accidents-india-2019,2018,State/UT
Chhattisgarh,2019,13899.0,RA2019_A2.csv,accident_totals,Official Government CSV,https://www.data.gov.in/catalog/road-accidents-india-2019,2019,State/UT
Chhattisgarh,2019,11.0,RA2019_A2.csv,accident_totals,Official Government CSV,https://www.data.gov.in/catalog/road-accidents-india-2019,2019,State/UT
Chhattisgarh,2016,2.825328928,RA2019_A2.csv,accident_totals,Official Government CSV,https://www.data.gov.in/catalog/road-accidents-india-2019,2016,State/UT
Chhattisgarh,2017,2.91733884,RA2019_A2.csv,accident_totals,Official Government CSV,https://www.data.gov.in/catalog/road-accidents-india-2019,2017,State/UT
Chhattisgarh,2018,2.968456933,RA2019_A2.csv,accident_totals,Official Government CSV,https://www.data.gov.in/catalog/road-accidents-india-2019,2018,State/UT
Chhattisgarh,2019,3.095531868,RA2019_A2.csv,accident_totals,Official Government CSV,https://www.data.gov.in/catalog/road-accidents-india-2019,2019,State/UT
Chhattisgarh,2016,52.47497971,RA2019_A2.csv,accident_totals,Official Government CSV,https://www.data.gov.in/catalog/road-accidents-india-2019,2016,State/UT
Chhattisgarh,2017,51.79485221,RA2019_A2.csv,accident_totals,Official Government CSV,https://www.data.gov.in/catalog/road-accidents-india-2019,2017,State/UT
Chhattisgarh,2018,52.34068257,RA2019_A2.csv,accident_totals,Official Government CSV,https://www.data.gov.in/catalog/road-accidents-india-2019,2018,State/UT
Chhattisgarh,2019,51.89679636,RA2019_A2.csv,accident_totals,Official Government CSV,https://www.data.gov.in/catalog/road-accidents-india-2019,2019,State/UT
Chhattisgarh,2016,28.23019542,RA2019_A2.csv,accident_totals,Official Government CSV,https://www.data.gov.in/catalog/road-accidents-india-2019,2016,State/UT
Chhattisgarh,2017,25.87355438,RA2019_A2.csv,accident_totals,Official Government CSV,https://www.data.gov.in/catalog/road-accidents-india-2019,2017,State/UT
Chhattisgarh,2018,23.93083258,RA2019_A2.csv,accident_totals,Official Government CSV,https://www.data.gov.in/catalog/road-accidents-india-2019,2018,State/UT
Chhattisgarh,2019,21.80144327,RA2019_A2.csv,accident_totals,Official Government CSV,https://www.data.gov.in/catalog/road-accidents-india-2019,2019,State/UT
Chhattisgarh,2016,1417.399085,RA2019_A2.csv,accident_totals,Official Government CSV,https://www.data.gov.in/catalog/road-accidents-india-2019,2016,State/UT
Chhattisgarh,2017,1386.178169,RA2019_A2.csv,accident_totals,Official Government CSV,https://www.data.gov.in/catalog/road-accidents-india-2019,2017,State/UT
Chhattisgarh,2018,1351.556864,RA2019_A2.csv,accident_totals,Official Government CSV,https://www.data.gov.in/catalog/road-accidents-india-2019,2018,State/UT
Goa,2016,4304.0,RA2019_A2.csv,accident_totals,Official Government CSV,https://www.data.gov.in/catalog/road-accidents-india-2019,2016,State/UT
Goa,2017,3917.0,RA2019_A2.csv,accident_totals,Official Government CSV,https://www.data.gov.in/catalog/road-accidents-india-2019,2017,State/UT
Goa,2018,3709.0,RA2019_A2.csv,accident_totals,Official Government CSV,https://www.data.gov.in/catalog/road-accidents-india-2019,2018,State/UT
Goa,2019,3440.0,RA2019_A2.csv,accident_totals,Official Government CSV,https://www.data.gov.in/catalog/road-accidents-india-2019,2019,State/UT
Goa,2019,21.0,RA2019_A2.csv,accident_totals,Official Government CSV,https://www.data.gov.in/catalog/road-accidents-india-2019,2019,State/UT
Goa,2016,0.895450347,RA2019_A2.csv,accident_totals,Official Government CSV,https://www.data.gov.in/catalog/road-accidents-india-2019,2016,State/UT
Goa,2017,0.842528661,RA2019_A2.csv,accident_totals,Official Government CSV,https://www.data.gov.in/catalog/road-accidents-india-2019,2017,State/UT
Goa,2018,0.794143592,RA2019_A2.csv,accident_totals,Official Government CSV,https://www.data.gov.in/catalog/road-accidents-india-2019,2018,State/UT
Goa,2019,0.766143581,RA2019_A2.csv,accident_totals,Official Government CSV,https://www.data.gov.in/catalog/road-accidents-india-2019,2019,State/UT
Goa,2016,217.7035913,RA2019_A2.csv,accident_totals,Official Government CSV,https://www.data.gov.in/catalog/road-accidents-india-2019,2016,State/UT
Goa,2017,193.6233317,RA2019_A2.csv,accident_totals,Official Government CSV,https://www.data.gov.in/catalog/road-accidents-india-2019,2017,State/UT
Goa,2018,179.3520309,RA2019_A2.csv,accident_totals,Official Government CSV,https://www.data.gov.in/catalog/road-accidents-india-2019,2018,State/UT
Goa,2019,162.4940954,RA2019_A2.csv,accident_totals,Official Government CSV,https://www.data.gov.in/catalog/road-accidents-india-2019,2019,State/UT
Goa,2016,37.15979662,RA2019_A2.csv,accident_totals,Official Government CSV,https://www.data.gov.in/catalog/road-accidents-india-2019,2016,State/UT
Goa,2017,31.62329128,RA2019_A2.csv,accident_totals,Official Government CSV,https://www.data.gov.in/catalog/road-accidents-india-2019,2017,State/UT
Goa,2018,27.98311808,RA2019_A2.csv,accident_totals,Official Government CSV,https://www.data.gov.in/catalog/road-accidents-india-2019,2018,State/UT
Goa,2019,24.53548409,RA2019_A2.csv,accident_totals,Official Government CSV,https://www.data.gov.in/catalog/road-accidents-india-2019,2019,State/UT
Goa,2016,2679.436322,RA2019_A2.csv,accident_totals,Official Government CSV,https://www.data.gov.in/catalog/road-accidents-india-2019,2016,State/UT
Goa,2017,2351.275718,RA2019_A2.csv,accident_totals,Official Government CSV,https://www.data.gov.in/catalog/road-accidents-india-2019,2017,State/UT
Goa,2018,1993.335841,RA2019_A2.csv,accident_totals,Official Government CSV,https://www.data.gov.in/catalog/road-accidents-india-2019,2018,State/UT
Gujarat,2016,21859.0,RA2019_A2.csv,accident_totals,Official Government CSV,https://www.data.gov.in/catalog/road-accidents-india-2019,2016,State/UT
Gujarat,2017,19081.0,RA2019_A2.csv,accident_totals,Official Government CSV,https://www.data.gov.in/catalog/road-accidents-india-2019,2017,State/UT
Gujarat,2018,18769.0,RA2019_A2.csv,accident_totals,Official Government CSV,https://www.data.gov.in/catalog/road-accidents-india-2019,2018,State/UT
Gujarat,2019,17046.0,RA2019_A2.csv,accident_totals,Official Government CSV,https://www.data.gov.in/catalog/road-accidents-india-2019,2019,State/UT
Gujarat,2019,10.0,RA2019_A2.csv,accident_totals,Official Government CSV,https://www.data.gov.in/catalog/road-accidents-india-2019,2019,State/UT
Gujarat,2016,4.547780931,RA2019_A2.csv,accident_totals,Official Government CSV,https://www.data.gov.in/catalog/road-accidents-india-2019,2016,State/UT
Gujarat,2017,4.104235228,RA2019_A2.csv,accident_totals,Official Government CSV,https://www.data.gov.in/catalog/road-accidents-india-2019,2017,State/UT
Gujarat,2018,4.018679182,RA2019_A2.csv,accident_totals,Official Government CSV,https://www.data.gov.in/catalog/road-accidents-india-2019,2018,State/UT
Gujarat,2019,3.796419615,RA2019_A2.csv,accident_totals,Official Government CSV,https://www.data.gov.in/catalog/road-accidents-india-2019,2019,State/UT
Gujarat,2016,34.79347394,RA2019_A2.csv,accident_totals,Official Government CSV,https://www.data.gov.in/catalog/road-accidents-india-2019,2016,State/UT
Gujarat,2017,30.03368381,RA2019_A2.csv,accident_totals,Official Government CSV,https://www.data.gov.in/catalog/road-accidents-india-2019,2017,State/UT
Gujarat,2018,29.22518763,RA2019_A2.csv,accident_totals,Official Government CSV,https://www.data.gov.in/catalog/road-accidents-india-2019,2018,State/UT
Gujarat,2019,26.26866592,RA2019_A2.csv,accident_totals,Official Government CSV,https://www.data.gov.in/catalog/road-accidents-india-2019,2019,State/UT
Gujarat,2016,10.73556418,RA2019_A2.csv,accident_totals,Official Government CSV,https://www.data.gov.in/catalog/road-accidents-india-2019,2016,State/UT
Gujarat,2017,8.658800731,RA2019_A2.csv,accident_totals,Official Government CSV,https://www.data.gov.in/catalog/road-accidents-india-2019,2017,State/UT
Gujarat,2018,7.879243096,RA2019_A2.csv,accident_totals,Official Government CSV,https://www.data.gov.in/catalog/road-accidents-india-2019,2018,State/UT
Gujarat,2019,6.763994487,RA2019_A2.csv,accident_totals,Official Government CSV,https://www.data.gov.in/catalog/road-accidents-india-2019,2019,State/UT
Gujarat,2016,1220.192327,RA2019_A2.csv,accident_totals,Official Government CSV,https://www.data.gov.in/catalog/road-accidents-india-2019,2016,State/UT
Gujarat,2017,1054.626502,RA2019_A2.csv,accident_totals,Official Government CSV,https://www.data.gov.in/catalog/road-accidents-india-2019,2017,State/UT
Gujarat,2018,930.3466804,RA2019_A2.csv,accident_totals,Official Government CSV,https://www.data.gov.in/catalog/road-accidents-india-2019,2018,State/UT
Haryana,2016,11234.0,RA2019_A2.csv,accident_totals,Official Government CSV,https://www.data.gov.in/catalog/road-accidents-india-2019,2016,State/UT
Haryana,2017,11258.0,RA2019_A2.csv,accident_totals,Official Government CSV,https://www.data.gov.in/catalog/road-accidents-india-2019,2017,State/UT
Haryana,2018,11238.0,RA2019_A2.csv,accident_totals,Official Government CSV,https://www.data.gov.in/catalog/road-accidents-india-2019,2018,State/UT
Haryana,2019,10944.0,RA2019_A2.csv,accident_totals,Official Government CSV,https://www.data.gov.in/catalog/road-accidents-india-2019,2019,State/UT
Haryana,2019,13.0,RA2019_A2.csv,accident_totals,Official Government CSV,https://www.data.gov.in/catalog/road-accidents-india-2019,2019,State/UT
Haryana,2016,2.337241913,RA2019_A2.csv,accident_totals,Official Government CSV,https://www.data.gov.in/catalog/road-accidents-india-2019,2016,State/UT
Haryana,2017,2.421543955,RA2019_A2.csv,accident_totals,Official Government CSV,https://www.data.gov.in/catalog/road-accidents-india-2019,2017,State/UT
Haryana,2018,2.406197275,RA2019_A2.csv,accident_totals,Official Government CSV,https://www.data.gov.in/catalog/road-accidents-india-2019,2018,State/UT
Haryana,2019,2.437405624,RA2019_A2.csv,accident_totals,Official Government CSV,https://www.data.gov.in/catalog/road-accidents-india-2019,2019,State/UT
Haryana,2016,40.88510391,RA2019_A2.csv,accident_totals,Official Government CSV,https://www.data.gov.in/catalog/road-accidents-india-2019,2016,State/UT
Haryana,2017,40.39758863,RA2019_A2.csv,accident_totals,Official Government CSV,https://www.data.gov.in/catalog/road-accidents-india-2019,2017,State/UT
Haryana,2018,39.77630694,RA2019_A2.csv,accident_totals,Official Government CSV,https://www.data.gov.in/catalog/road-accidents-india-2019,2018,State/UT
Haryana,2019,38.22430233,RA2019_A2.csv,accident_totals,Official Government CSV,https://www.data.gov.in/catalog/road-accidents-india-2019,2019,State/UT
Haryana,2016,13.01292396,RA2019_A2.csv,accident_totals,Official Government CSV,https://www.data.gov.in/catalog/road-accidents-india-2019,2016,State/UT
Haryana,2017,12.01448355,RA2019_A2.csv,accident_totals,Official Government CSV,https://www.data.gov.in/catalog/road-accidents-india-2019,2017,State/UT
Haryana,2018,14.5325192,RA2019_A2.csv,accident_totals,Official Government CSV,https://www.data.gov.in/catalog/road-accidents-india-2019,2018,State/UT
Haryana,2019,12.72607268,RA2019_A2.csv,accident_totals,Official Government CSV,https://www.data.gov.in/catalog/road-accidents-india-2019,2019,State/UT
Haryana,2016,2317.142419,RA2019_A2.csv,accident_totals,Official Government CSV,https://www.data.gov.in/catalog/road-accidents-india-2019,2016,State/UT
Haryana,2017,1383.286294,RA2019_A2.csv,accident_totals,Official Government CSV,https://www.data.gov.in/catalog/road-accidents-india-2019,2017,State/UT
Haryana,2018,2246.656404,RA2019_A2.csv,accident_totals,Official Government CSV,https://www.data.gov.in/catalog/road-accidents-india-2019,2018,State/UT
Himachal Pradesh,2016,3168.0,RA2019_A2.csv,accident_totals,Official Government CSV,https://www.data.gov.in/catalog/road-accidents-india-2019,2016,State/UT
Himachal Pradesh,2017,3114.0,RA2019_A2.csv,accident_totals,Official Government CSV,https://www.data.gov.in/catalog/road-accidents-india-2019,2017,State/UT
Himachal Pradesh,2018,3110.0,RA2019_A2.csv,accident_totals,Official Government CSV,https://www.data.gov.in/catalog/road-accidents-india-2019,2018,State/UT
Himachal Pradesh,2019,2873.0,RA2019_A2.csv,accident_totals,Official Government CSV,https://www.data.gov.in/catalog/road-accidents-india-2019,2019,State/UT
Himachal Pradesh,2019,22.0,RA2019_A2.csv,accident_totals,Official Government CSV,https://www.data.gov.in/catalog/road-accidents-india-2019,2019,State/UT
Himachal Pradesh,2016,0.659104716,RA2019_A2.csv,accident_totals,Official Government CSV,https://www.data.gov.in/catalog/road-accidents-india-2019,2016,State/UT
Himachal Pradesh,2017,0.669807059,RA2019_A2.csv,accident_totals,Official Government CSV,https://www.data.gov.in/catalog/road-accidents-india-2019,2017,State/UT
Himachal Pradesh,2018,0.665890152,RA2019_A2.csv,accident_totals,Official Government CSV,https://www.data.gov.in/catalog/road-accidents-india-2019,2018,State/UT
Himachal Pradesh,2019,0.63986352,RA2019_A2.csv,accident_totals,Official Government CSV,https://www.data.gov.in/catalog/road-accidents-india-2019,2019,State/UT
Himachal Pradesh,2016,44.65116279,RA2019_A2.csv,accident_totals,Official Government CSV,https://www.data.gov.in/catalog/road-accidents-india-2019,2016,State/UT
Himachal Pradesh,2017,43.54635715,RA2019_A2.csv,accident_totals,Official Government CSV,https://www.data.gov.in/catalog/road-accidents-india-2019,2017,State/UT
Himachal Pradesh,2018,43.15847905,RA2019_A2.csv,accident_totals,Official Government CSV,https://www.data.gov.in/catalog/road-accidents-india-2019,2018,State/UT
Himachal Pradesh,2019,39.57845433,RA2019_A2.csv,accident_totals,Official Government CSV,https://www.data.gov.in/catalog/road-accidents-india-2019,2019,State/UT
Himachal Pradesh,2016,26.95000468,RA2019_A2.csv,accident_totals,Official Government CSV,https://www.data.gov.in/catalog/road-accidents-india-2019,2016,State/UT
Himachal Pradesh,2017,22.96778609,RA2019_A2.csv,accident_totals,Official Government CSV,https://www.data.gov.in/catalog/road-accidents-india-2019,2017,State/UT
Himachal Pradesh,2018,20.8046656,RA2019_A2.csv,accident_totals,Official Government CSV,https://www.data.gov.in/catalog/road-accidents-india-2019,2018,State/UT
Himachal Pradesh,2019,17.57372493,RA2019_A2.csv,accident_totals,Official Government CSV,https://www.data.gov.in/catalog/road-accidents-india-2019,2019,State/UT
Himachal Pradesh,2016,568.1620496,RA2019_A2.csv,accident_totals,Official Government CSV,https://www.data.gov.in/catalog/road-accidents-india-2019,2016,State/UT
Himachal Pradesh,2017,495.7640354,RA2019_A2.csv,accident_totals,Official Government CSV,https://www.data.gov.in/catalog/road-accidents-india-2019,2017,State/UT
Himachal Pradesh,2018,502.4313802,RA2019_A2.csv,accident_totals,Official Government CSV,https://www.data.gov.in/catalog/road-accidents-india-2019,2018,State/UT
Jammu and Kashmir,2016,5501.0,RA2019_A2.csv,accident_totals,Official Government CSV,https://www.data.gov.in/catalog/road-accidents-india-2019,2016,State/UT
Jammu and Kashmir,2017,5624.0,RA2019_A2.csv,accident_totals,Official Government CSV,https://www.data.gov.in/catalog/road-accidents-india-2019,2017,State/UT
Jammu and Kashmir,2018,5978.0,RA2019_A2.csv,accident_totals,Official Government CSV,https://www.data.gov.in/catalog/road-accidents-india-2019,2018,State/UT
Jammu and Kashmir,2019,5796.0,RA2019_A2.csv,accident_totals,Official Government CSV,https://www.data.gov.in/catalog/road-accidents-india-2019,2019,State/UT
Jammu and Kashmir,2019,18.0,RA2019_A2.csv,accident_totals,Official Government CSV,https://www.data.gov.in/catalog/road-accidents-india-2019,2019,State/UT
Jammu and Kashmir,2016,1.144487072,RA2019_A2.csv,accident_totals,Official Government CSV,https://www.data.gov.in/catalog/road-accidents-india-2019,2016,State/UT
Jammu and Kashmir,2017,1.2096965,RA2019_A2.csv,accident_totals,Official Government CSV,https://www.data.gov.in/catalog/road-accidents-india-2019,2017,State/UT
Jammu and Kashmir,2018,1.279965057,RA2019_A2.csv,accident_totals,Official Government CSV,https://www.data.gov.in/catalog/road-accidents-india-2019,2018,State/UT
Jammu and Kashmir,2019,1.290862847,RA2019_A2.csv,accident_totals,Official Government CSV,https://www.data.gov.in/catalog/road-accidents-india-2019,2019,State/UT
Jammu and Kashmir,2016,44.29503181,RA2019_A2.csv,accident_totals,Official Government CSV,https://www.data.gov.in/catalog/road-accidents-india-2019,2016,State/UT
Jammu and Kashmir,2017,44.8306098,RA2019_A2.csv,accident_totals,Official Government CSV,https://www.data.gov.in/catalog/road-accidents-india-2019,2017,State/UT
Jammu and Kashmir,2018,47.20094749,RA2019_A2.csv,accident_totals,Official Government CSV,https://www.data.gov.in/catalog/road-accidents-india-2019,2018,State/UT
Jammu and Kashmir,2019,45.35211268,RA2019_A2.csv,accident_totals,Official Government CSV,https://www.data.gov.in/catalog/road-accidents-india-2019,2019,State/UT
Jammu and Kashmir,2016,40.2840756,RA2019_A2.csv,accident_totals,Official Government CSV,https://www.data.gov.in/catalog/road-accidents-india-2019,2016,State/UT
Jammu and Kashmir,2017,37.22420235,RA2019_A2.csv,accident_totals,Official Government CSV,https://www.data.gov.in/catalog/road-accidents-india-2019,2017,State/UT
Jammu and Kashmir,2018,35.70728864,RA2019_A2.csv,accident_totals,Official Government CSV,https://www.data.gov.in/catalog/road-accidents-india-2019,2018,State/UT
Jammu and Kashmir,2019,31.26822429,RA2019_A2.csv,accident_totals,Official Government CSV,https://www.data.gov.in/catalog/road-accidents-india-2019,2019,State/UT
Jammu and Kashmir,2016,1106.474819,RA2019_A2.csv,accident_totals,Official Government CSV,https://www.data.gov.in/catalog/road-accidents-india-2019,2016,State/UT
Jammu and Kashmir,2017,887.2672107,RA2019_A2.csv,accident_totals,Official Government CSV,https://www.data.gov.in/catalog/road-accidents-india-2019,2017,State/UT
Jammu and Kashmir,2018,550.0703921,RA2019_A2.csv,accident_totals,Official Government CSV,https://www.data.gov.in/catalog/road-accidents-india-2019,2018,State/UT
Jharkhand,2016,4932.0,RA2019_A2.csv,accident_totals,Official Government CSV,https://www.data.gov.in/catalog/road-accidents-india-2019,2016,State/UT
Jharkhand,2017,5198.0,RA2019_A2.csv,accident_totals,Official Government CSV,https://www.data.gov.in/catalog/road-accidents-india-2019,2017,State/UT
Jharkhand,2018,5394.0,RA2019_A2.csv,accident_totals,Official Government CSV,https://www.data.gov.in/catalog/road-accidents-india-2019,2018,State/UT
Jharkhand,2019,5217.0,RA2019_A2.csv,accident_totals,Official Government CSV,https://www.data.gov.in/catalog/road-accidents-india-2019,2019,State/UT
Jharkhand,2019,20.0,RA2019_A2.csv,accident_totals,Official Government CSV,https://www.data.gov.in/catalog/road-accidents-india-2019,2019,State/UT
Jharkhand,2016,1.026106206,RA2019_A2.csv,accident_totals,Official Government CSV,https://www.data.gov.in/catalog/road-accidents-india-2019,2016,State/UT
Jharkhand,2017,1.118065862,RA2019_A2.csv,accident_totals,Official Government CSV,https://www.data.gov.in/catalog/road-accidents-india-2019,2017,State/UT
Jharkhand,2018,1.154923305,RA2019_A2.csv,accident_totals,Official Government CSV,https://www.data.gov.in/catalog/road-accidents-india-2019,2018,State/UT
Jharkhand,2019,1.161910192,RA2019_A2.csv,accident_totals,Official Government CSV,https://www.data.gov.in/catalog/road-accidents-india-2019,2019,State/UT
Jharkhand,2016,14.65588969,RA2019_A2.csv,accident_totals,Official Government CSV,https://www.data.gov.in/catalog/road-accidents-india-2019,2016,State/UT
Jharkhand,2017,15.25727201,RA2019_A2.csv,accident_totals,Official Government CSV,https://www.data.gov.in/catalog/road-accidents-india-2019,2017,State/UT
Jharkhand,2018,15.6424905,RA2019_A2.csv,accident_totals,Official Government CSV,https://www.data.gov.in/catalog/road-accidents-india-2019,2018,State/UT
Jharkhand,2019,14.95399432,RA2019_A2.csv,accident_totals,Official Government CSV,https://www.data.gov.in/catalog/road-accidents-india-2019,2019,State/UT
Jharkhand,2016,19.91103819,RA2019_A2.csv,accident_totals,Official Government CSV,https://www.data.gov.in/catalog/road-accidents-india-2019,2016,State/UT
Jharkhand,2017,15.35440828,RA2019_A2.csv,accident_totals,Official Government CSV,https://www.data.gov.in/catalog/road-accidents-india-2019,2017,State/UT
Jharkhand,2018,13.41884843,RA2019_A2.csv,accident_totals,Official Government CSV,https://www.data.gov.in/catalog/road-accidents-india-2019,2018,State/UT
Jharkhand,2019,11.39659518,RA2019_A2.csv,accident_totals,Official Government CSV,https://www.data.gov.in/catalog/road-accidents-india-2019,2019,State/UT
Jharkhand,2016,738.4829784,RA2019_A2.csv,accident_totals,Official Government CSV,https://www.data.gov.in/catalog/road-accidents-india-2019,2016,State/UT
Jharkhand,2017,743.9474763,RA2019_A2.csv,accident_totals,Official Government CSV,https://www.data.gov.in/catalog/road-accidents-india-2019,2017,State/UT
Jharkhand,2018,682.2493739,RA2019_A2.csv,accident_totals,Official Government CSV,https://www.data.gov.in/catalog/road-accidents-india-2019,2018,State/UT
Karnataka,2016,44403.0,RA2019_A2.csv,accident_totals,Official Government CSV,https://www.data.gov.in/catalog/road-accidents-india-2019,2016,State/UT
Karnataka,2017,42542.0,RA2019_A2.csv,accident_totals,Official Government CSV,https://www.data.gov.in/catalog/road-accidents-india-2019,2017,State/UT
Karnataka,2018,41707.0,RA2019_A2.csv,accident_totals,Official Government CSV,https://www.data.gov.in/catalog/road-accidents-india-2019,2018,State/UT
Karnataka,2019,40658.0,RA2019_A2.csv,accident_totals,Official Government CSV,https://www.data.gov.in/catalog/road-accidents-india-2019,2019,State/UT
Karnataka,2019,5.0,RA2019_A2.csv,accident_totals,Official Government CSV,https://www.data.gov.in/catalog/road-accidents-india-2019,2019,State/UT
Karnataka,2016,9.238076613,RA2019_A2.csv,accident_totals,Official Government CSV,https://www.data.gov.in/catalog/road-accidents-india-2019,2016,State/UT
Karnataka,2017,9.150588286,RA2019_A2.csv,accident_totals,Official Government CSV,https://www.data.gov.in/catalog/road-accidents-india-2019,2017,State/UT
Karnataka,2018,8.929993748,RA2019_A2.csv,accident_totals,Official Government CSV,https://www.data.gov.in/catalog/road-accidents-india-2019,2018,State/UT
Karnataka,2019,9.055193518,RA2019_A2.csv,accident_totals,Official Government CSV,https://www.data.gov.in/catalog/road-accidents-india-2019,2019,State/UT
Karnataka,2016,71.18831564,RA2019_A2.csv,accident_totals,Official Government CSV,https://www.data.gov.in/catalog/road-accidents-india-2019,2016,State/UT
Karnataka,2017,67.62143947,RA2019_A2.csv,accident_totals,Official Government CSV,https://www.data.gov.in/catalog/road-accidents-india-2019,2017,State/UT
Karnataka,2018,65.74761567,RA2019_A2.csv,accident_totals,Official Government CSV,https://www.data.gov.in/catalog/road-accidents-india-2019,2018,State/UT
Karnataka,2019,63.59171672,RA2019_A2.csv,accident_totals,Official Government CSV,https://www.data.gov.in/catalog/road-accidents-india-2019,2019,State/UT
Karnataka,2016,27.25487386,RA2019_A2.csv,accident_totals,Official Government CSV,https://www.data.gov.in/catalog/road-accidents-india-2019,2016,State/UT
Karnataka,2017,23.80456509,RA2019_A2.csv,accident_totals,Official Government CSV,https://www.data.gov.in/catalog/road-accidents-india-2019,2017,State/UT
Karnataka,2018,21.51869338,RA2019_A2.csv,accident_totals,Official Government CSV,https://www.data.gov.in/catalog/road-accidents-india-2019,2018,State/UT
Karnataka,2019,19.29612567,RA2019_A2.csv,accident_totals,Official Government CSV,https://www.data.gov.in/catalog/road-accidents-india-2019,2019,State/UT
Karnataka,2016,1285.123429,RA2019_A2.csv,accident_totals,Official Government CSV,https://www.data.gov.in/catalog/road-accidents-india-2019,2016,State/UT
Karnataka,2017,1178.313698,RA2019_A2.csv,accident_totals,Official Government CSV,https://www.data.gov.in/catalog/road-accidents-india-2019,2017,State/UT
Karnataka,2018,1176.485522,RA2019_A2.csv,accident_totals,Official Government CSV,https://www.data.gov.in/catalog/road-accidents-india-2019,2018,State/UT
Kerala,2016,39420.0,RA2019_A2.csv,accident_totals,Official Government CSV,https://www.data.gov.in/catalog/road-accidents-india-2019,2016,State/UT
Kerala,2017,38470.0,RA2019_A2.csv,accident_totals,Official Government CSV,https://www.data.gov.in/catalog/road-accidents-india-2019,2017,State/UT
Kerala,2018,40181.0,RA2019_A2.csv,accident_totals,Official Government CSV,https://www.data.gov.in/catalog/road-accidents-india-2019,2018,State/UT
Kerala,2019,41111.0,RA2019_A2.csv,accident_totals,Official Government CSV,https://www.data.gov.in/catalog/road-accidents-india-2019,2019,State/UT
Kerala,2019,4.0,RA2019_A2.csv,accident_totals,Official Government CSV,https://www.data.gov.in/catalog/road-accidents-india-2019,2019,State/UT
Kerala,2016,8.20135982,RA2019_A2.csv,accident_totals,Official Government CSV,https://www.data.gov.in/catalog/road-accidents-india-2019,2016,State/UT
Kerala,2017,8.274719838,RA2019_A2.csv,accident_totals,Official Government CSV,https://www.data.gov.in/catalog/road-accidents-india-2019,2017,State/UT
Kerala,2018,8.603257937,RA2019_A2.csv,accident_totals,Official Government CSV,https://www.data.gov.in/catalog/road-accidents-india-2019,2018,State/UT
Kerala,2019,9.156083937,RA2019_A2.csv,accident_totals,Official Government CSV,https://www.data.gov.in/catalog/road-accidents-india-2019,2019,State/UT
Kerala,2016,110.491353,RA2019_A2.csv,accident_totals,Official Government CSV,https://www.data.gov.in/catalog/road-accidents-india-2019,2016,State/UT
Kerala,2017,107.239428,RA2019_A2.csv,accident_totals,Official Government CSV,https://www.data.gov.in/catalog/road-accidents-india-2019,2017,State/UT
Kerala,2018,111.4219955,RA2019_A2.csv,accident_totals,Official Government CSV,https://www.data.gov.in/catalog/road-accidents-india-2019,2018,State/UT
Kerala,2019,113.437819,RA2019_A2.csv,accident_totals,Official Government CSV,https://www.data.gov.in/catalog/road-accidents-india-2019,2019,State/UT
Kerala,2016,38.75415327,RA2019_A2.csv,accident_totals,Official Government CSV,https://www.data.gov.in/catalog/road-accidents-india-2019,2016,State/UT
Kerala,2017,34.03513661,RA2019_A2.csv,accident_totals,Official Government CSV,https://www.data.gov.in/catalog/road-accidents-india-2019,2017,State/UT
Kerala,2018,32.55808979,RA2019_A2.csv,accident_totals,Official Government CSV,https://www.data.gov.in/catalog/road-accidents-india-2019,2018,State/UT
Kerala,2019,30.82943332,RA2019_A2.csv,accident_totals,Official Government CSV,https://www.data.gov.in/catalog/road-accidents-india-2019,2019,State/UT
Kerala,2016,1963.070413,RA2019_A2.csv,accident_totals,Official Government CSV,https://www.data.gov.in/catalog/road-accidents-india-2019,2016,State/UT
Kerala,2017,1599.168808,RA2019_A2.csv,accident_totals,Official Government CSV,https://www.data.gov.in/catalog/road-accidents-india-2019,2017,State/UT
Kerala,2018,1562.946107,RA2019_A2.csv,accident_totals,Official Government CSV,https://www.data.gov.in/catalog/road-accidents-india-2019,2018,State/UT
Madhya Pradesh,2016,53972.0,RA2019_A2.csv,accident_totals,Official Government CSV,https://www.data.gov.in/catalog/road-accidents-india-2019,2016,State/UT
Madhya Pradesh,2017,53399.0,RA2019_A2.csv,accident_totals,Official Government CSV,https://www.data.gov.in/catalog/road-accidents-india-2019,2017,State/UT
Madhya Pradesh,2018,51397.0,RA2019_A2.csv,accident_totals,Official Government CSV,https://www.data.gov.in/catalog/road-accidents-india-2019,2018,State/UT
Madhya Pradesh,2019,50669.0,RA2019_A2.csv,accident_totals,Official Government CSV,https://www.data.gov.in/catalog/road-accidents-india-2019,2019,State/UT
Madhya Pradesh,2019,2.0,RA2019_A2.csv,accident_totals,Official Government CSV,https://www.data.gov.in/catalog/road-accidents-india-2019,2019,State/UT
Madhya Pradesh,2016,11.22891406,RA2019_A2.csv,accident_totals,Official Government CSV,https://www.data.gov.in/catalog/road-accidents-india-2019,2016,State/UT
Madhya Pradesh,2017,11.48587899,RA2019_A2.csv,accident_totals,Official Government CSV,https://www.data.gov.in/catalog/road-accidents-india-2019,2017,State/UT
Madhya Pradesh,2018,11.00474473,RA2019_A2.csv,accident_totals,Official Government CSV,https://www.data.gov.in/catalog/road-accidents-india-2019,2018,State/UT
Madhya Pradesh,2019,11.28480497,RA2019_A2.csv,accident_totals,Official Government CSV,https://www.data.gov.in/catalog/road-accidents-india-2019,2019,State/UT
Madhya Pradesh,2016,69.305939,RA2019_A2.csv,accident_totals,Official Government CSV,https://www.data.gov.in/catalog/road-accidents-india-2019,2016,State/UT
Madhya Pradesh,2017,67.62448711,RA2019_A2.csv,accident_totals,Official Government CSV,https://www.data.gov.in/catalog/road-accidents-india-2019,2017,State/UT
Madhya Pradesh,2018,64.21253842,RA2019_A2.csv,accident_totals,Official Government CSV,https://www.data.gov.in/catalog/road-accidents-india-2019,2018,State/UT
Madhya Pradesh,2019,62.47641829,RA2019_A2.csv,accident_totals,Official Government CSV,https://www.data.gov.in/catalog/road-accidents-india-2019,2019,State/UT
Madhya Pradesh,2016,48.44430606,RA2019_A2.csv,accident_totals,Official Government CSV,https://www.data.gov.in/catalog/road-accidents-india-2019,2016,State/UT
Madhya Pradesh,2017,40.45724513,RA2019_A2.csv,accident_totals,Official Government CSV,https://www.data.gov.in/catalog/road-accidents-india-2019,2017,State/UT
Madhya Pradesh,2018,38.94044885,RA2019_A2.csv,accident_totals,Official Government CSV,https://www.data.gov.in/catalog/road-accidents-india-2019,2018,State/UT
Madhya Pradesh,2019,38.38888657,RA2019_A2.csv,accident_totals,Official Government CSV,https://www.data.gov.in/catalog/road-accidents-india-2019,2019,State/UT
Madhya Pradesh,2016,1861.4913,RA2019_A2.csv,accident_totals,Official Government CSV,https://www.data.gov.in/catalog/road-accidents-india-2019,2016,State/UT
Madhya Pradesh,2017,1558.394077,RA2019_A2.csv,accident_totals,Official Government CSV,https://www.data.gov.in/catalog/road-accidents-india-2019,2017,State/UT
Madhya Pradesh,2018,1412.114119,RA2019_A2.csv,accident_totals,Official Government CSV,https://www.data.gov.in/catalog/road-accidents-india-2019,2018,State/UT
Maharashtra,2016,39878.0,RA2019_A2.csv,accident_totals,Official Government CSV,https://www.data.gov.in/catalog/road-accidents-india-2019,2016,State/UT
Maharashtra,2017,35853.0,RA2019_A2.csv,accident_totals,Official Government CSV,https://www.data.gov.in/catalog/road-accidents-india-2019,2017,State/UT
Maharashtra,2018,35717.0,RA2019_A2.csv,accident_totals,Official Government CSV,https://www.data.gov.in/catalog/road-accidents-india-2019,2018,State/UT
Maharashtra,2019,32925.0,RA2019_A2.csv,accident_totals,Official Government CSV,https://www.data.gov.in/catalog/road-accidents-india-2019,2019,State/UT
Maharashtra,2019,6.0,RA2019_A2.csv,accident_totals,Official Government CSV,https://www.data.gov.in/catalog/road-accidents-india-2019,2019,State/UT
Maharashtra,2016,8.296647054,RA2019_A2.csv,accident_totals,Official Government CSV,https://www.data.gov.in/catalog/road-accidents-india-2019,2016,State/UT
Maharashtra,2017,7.71181519,RA2019_A2.csv,accident_totals,Official Government CSV,https://www.data.gov.in/catalog/road-accidents-india-2019,2017,State/UT
Maharashtra,2018,7.64745934,RA2019_A2.csv,accident_totals,Official Government CSV,https://www.data.gov.in/catalog/road-accidents-india-2019,2018,State/UT
Maharashtra,2019,7.332929475,RA2019_A2.csv,accident_totals,Official Government CSV,https://www.data.gov.in/catalog/road-accidents-india-2019,2019,State/UT
Maharashtra,2016,33.21063327,RA2019_A2.csv,accident_totals,Official Government CSV,https://www.data.gov.in/catalog/road-accidents-india-2019,2016,State/UT
Maharashtra,2017,29.50645631,RA2019_A2.csv,accident_totals,Official Government CSV,https://www.data.gov.in/catalog/road-accidents-india-2019,2017,State/UT
Maharashtra,2018,29.05569204,RA2019_A2.csv,accident_totals,Official Government CSV,https://www.data.gov.in/catalog/road-accidents-india-2019,2018,State/UT
Maharashtra,2019,26.48279523,RA2019_A2.csv,accident_totals,Official Government CSV,https://www.data.gov.in/catalog/road-accidents-india-2019,2019,State/UT
Maharashtra,2016,14.30864433,RA2019_A2.csv,accident_totals,Official Government CSV,https://www.data.gov.in/catalog/road-accidents-india-2019,2016,State/UT
Maharashtra,2017,11.86513165,RA2019_A2.csv,accident_totals,Official Government CSV,https://www.data.gov.in/catalog/road-accidents-india-2019,2017,State/UT
Maharashtra,2018,10.87165157,RA2019_A2.csv,accident_totals,Official Government CSV,https://www.data.gov.in/catalog/road-accidents-india-2019,2018,State/UT
Maharashtra,2019,9.302905923,RA2019_A2.csv,accident_totals,Official Government CSV,https://www.data.gov.in/catalog/road-accidents-india-2019,2019,State/UT
Maharashtra,2016,650.0955414,RA2019_A2.csv,accident_totals,Official Government CSV,https://www.data.gov.in/catalog/road-accidents-india-2019,2016,State/UT
Maharashtra,2017,574.5927472,RA2019_A2.csv,accident_totals,Official Government CSV,https://www.data.gov.in/catalog/road-accidents-india-2019,2017,State/UT
Maharashtra,2018,570.084642,RA2019_A2.csv,accident_totals,Official Government CSV,https://www.data.gov.in/catalog/road-accidents-india-2019,2018,State/UT
Manipur,2016,538.0,RA2019_A2.csv,accident_totals,Official Government CSV,https://www.data.gov.in/catalog/road-accidents-india-2019,2016,State/UT
Manipur,2017,578.0,RA2019_A2.csv,accident_totals,Official Government CSV,https://www.data.gov.in/catalog/road-accidents-india-2019,2017,State/UT
Manipur,2018,601.0,RA2019_A2.csv,accident_totals,Official Government CSV,https://www.data.gov.in/catalog/road-accidents-india-2019,2018,State/UT
Manipur,2019,672.0,RA2019_A2.csv,accident_totals,Official Government CSV,https://www.data.gov.in/catalog/road-accidents-india-2019,2019,State/UT
Manipur,2019,25.0,RA2019_A2.csv,accident_totals,Official Government CSV,https://www.data.gov.in/catalog/road-accidents-india-2019,2019,State/UT
Manipur,2016,0.111931293,RA2019_A2.csv,accident_totals,Official Government CSV,https://www.data.gov.in/catalog/road-accidents-india-2019,2016,State/UT
Manipur,2017,0.124325138,RA2019_A2.csv,accident_totals,Official Government CSV,https://www.data.gov.in/catalog/road-accidents-india-2019,2017,State/UT
Manipur,2018,0.128681666,RA2019_A2.csv,accident_totals,Official Government CSV,https://www.data.gov.in/catalog/road-accidents-india-2019,2018,State/UT
Manipur,2019,0.149665258,RA2019_A2.csv,accident_totals,Official Government CSV,https://www.data.gov.in/catalog/road-accidents-india-2019,2019,State/UT
Manipur,2016,20.75617284,RA2019_A2.csv,accident_totals,Official Government CSV,https://www.data.gov.in/catalog/road-accidents-india-2019,2016,State/UT
Manipur,2017,22.06949217,RA2019_A2.csv,accident_totals,Official Government CSV,https://www.data.gov.in/catalog/road-accidents-india-2019,2017,State/UT
Manipur,2018,22.71352986,RA2019_A2.csv,accident_totals,Official Government CSV,https://www.data.gov.in/catalog/road-accidents-india-2019,2018,State/UT
Manipur,2019,25.14029181,RA2019_A2.csv,accident_totals,Official Government CSV,https://www.data.gov.in/catalog/road-accidents-india-2019,2019,State/UT
Manipur,2016,17.57945883,RA2019_A2.csv,accident_totals,Official Government CSV,https://www.data.gov.in/catalog/road-accidents-india-2019,2016,State/UT
Manipur,2017,16.98945654,RA2019_A2.csv,accident_totals,Official Government CSV,https://www.data.gov.in/catalog/road-accidents-india-2019,2017,State/UT
Manipur,2018,19.5182468,RA2019_A2.csv,accident_totals,Official Government CSV,https://www.data.gov.in/catalog/road-accidents-india-2019,2018,State/UT
Manipur,2019,18.56507445,RA2019_A2.csv,accident_totals,Official Government CSV,https://www.data.gov.in/catalog/road-accidents-india-2019,2019,State/UT
Manipur,2016,217.1481665,RA2019_A2.csv,accident_totals,Official Government CSV,https://www.data.gov.in/catalog/road-accidents-india-2019,2016,State/UT
Manipur,2017,209.3296562,RA2019_A2.csv,accident_totals,Official Government CSV,https://www.data.gov.in/catalog/road-accidents-india-2019,2017,State/UT
Manipur,2018,205.9629883,RA2019_A2.csv,accident_totals,Official Government CSV,https://www.data.gov.in/catalog/road-accidents-india-2019,2018,State/UT
Meghalaya,2016,620.0,RA2019_A2.csv,accident_totals,Official Government CSV,https://www.data.gov.in/catalog/road-accidents-india-2019,2016,State/UT
Meghalaya,2017,675.0,RA2019_A2.csv,accident_totals,Official Government CSV,https://www.data.gov.in/catalog/road-accidents-india-2019,2017,State/UT
Meghalaya,2018,399.0,RA2019_A2.csv,accident_totals,Official Government CSV,https://www.data.gov.in/catalog/road-accidents-india-2019,2018,State/UT
Meghalaya,2019,482.0,RA2019_A2.csv,accident_totals,Official Government CSV,https://www.data.gov.in/catalog/road-accidents-india-2019,2019,State/UT
Meghalaya,2019,27.0,RA2019_A2.csv,accident_totals,Official Government CSV,https://www.data.gov.in/catalog/road-accidents-india-2019,2019,State/UT
Meghalaya,2016,0.128991453,RA2019_A2.csv,accident_totals,Official Government CSV,https://www.data.gov.in/catalog/road-accidents-india-2019,2016,State/UT
Meghalaya,2017,0.145189391,RA2019_A2.csv,accident_totals,Official Government CSV,https://www.data.gov.in/catalog/road-accidents-india-2019,2017,State/UT
Meghalaya,2018,0.085430923,RA2019_A2.csv,accident_totals,Official Government CSV,https://www.data.gov.in/catalog/road-accidents-india-2019,2018,State/UT
Meghalaya,2019,0.107349188,RA2019_A2.csv,accident_totals,Official Government CSV,https://www.data.gov.in/catalog/road-accidents-india-2019,2019,State/UT
Meghalaya,2016,22.35845655,RA2019_A2.csv,accident_totals,Official Government CSV,https://www.data.gov.in/catalog/road-accidents-india-2019,2016,State/UT
Meghalaya,2017,24.08134142,RA2019_A2.csv,accident_totals,Official Government CSV,https://www.data.gov.in/catalog/road-accidents-india-2019,2017,State/UT
Meghalaya,2018,14.08898305,RA2019_A2.csv,accident_totals,Official Government CSV,https://www.data.gov.in/catalog/road-accidents-india-2019,2018,State/UT
Meghalaya,2019,16.85314685,RA2019_A2.csv,accident_totals,Official Government CSV,https://www.data.gov.in/catalog/road-accidents-india-2019,2019,State/UT
Meghalaya,2016,11.10178005,RA2019_A2.csv,accident_totals,Official Government CSV,https://www.data.gov.in/catalog/road-accidents-india-2019,2016,State/UT
Meghalaya,2017,11.57592003,RA2019_A2.csv,accident_totals,Official Government CSV,https://www.data.gov.in/catalog/road-accidents-india-2019,2017,State/UT
Meghalaya,2018,11.99545435,RA2019_A2.csv,accident_totals,Official Government CSV,https://www.data.gov.in/catalog/road-accidents-india-2019,2018,State/UT
Meghalaya,2019,13.17645515,RA2019_A2.csv,accident_totals,Official Government CSV,https://www.data.gov.in/catalog/road-accidents-india-2019,2019,State/UT
Meghalaya,2016,285.3612005,RA2019_A2.csv,accident_totals,Official Government CSV,https://www.data.gov.in/catalog/road-accidents-india-2019,2016,State/UT
Meghalaya,2017,294.2636249,RA2019_A2.csv,accident_totals,Official Government CSV,https://www.data.gov.in/catalog/road-accidents-india-2019,2017,State/UT
Meghalaya,2018,91.02107857,RA2019_A2.csv,accident_totals,Official Government CSV,https://www.data.gov.in/catalog/road-accidents-india-2019,2018,State/UT
Mizoram,2016,83.0,RA2019_A2.csv,accident_totals,Official Government CSV,https://www.data.gov.in/catalog/road-accidents-india-2019,2016,State/UT
Mizoram,2017,68.0,RA2019_A2.csv,accident_totals,Official Government CSV,https://www.data.gov.in/catalog/road-accidents-india-2019,2017,State/UT
Mizoram,2018,53.0,RA2019_A2.csv,accident_totals,Official Government CSV,https://www.data.gov.in/catalog/road-accidents-india-2019,2018,State/UT
Mizoram,2019,62.0,RA2019_A2.csv,accident_totals,Official Government CSV,https://www.data.gov.in/catalog/road-accidents-india-2019,2019,State/UT
Mizoram,2019,35.0,RA2019_A2.csv,accident_totals,Official Government CSV,https://www.data.gov.in/catalog/road-accidents-india-2019,2019,State/UT
Mizoram,2016,0.017268211,RA2019_A2.csv,accident_totals,Official Government CSV,https://www.data.gov.in/catalog/road-accidents-india-2019,2016,State/UT
Mizoram,2017,0.014626487,RA2019_A2.csv,accident_totals,Official Government CSV,https://www.data.gov.in/catalog/road-accidents-india-2019,2017,State/UT
Mizoram,2018,0.011347967,RA2019_A2.csv,accident_totals,Official Government CSV,https://www.data.gov.in/catalog/road-accidents-india-2019,2018,State/UT
Mizoram,2019,0.013808402,RA2019_A2.csv,accident_totals,Official Government CSV,https://www.data.gov.in/catalog/road-accidents-india-2019,2019,State/UT
Mizoram,2016,7.80809031,RA2019_A2.csv,accident_totals,Official Government CSV,https://www.data.gov.in/catalog/road-accidents-india-2019,2016,State/UT
Mizoram,2017,6.331471136,RA2019_A2.csv,accident_totals,Official Government CSV,https://www.data.gov.in/catalog/road-accidents-india-2019,2017,State/UT
Mizoram,2018,4.884792627,RA2019_A2.csv,accident_totals,Official Government CSV,https://www.data.gov.in/catalog/road-accidents-india-2019,2018,State/UT
Mizoram,2019,5.656934307,RA2019_A2.csv,accident_totals,Official Government CSV,https://www.data.gov.in/catalog/road-accidents-india-2019,2019,State/UT
Mizoram,2016,4.845555225,RA2019_A2.csv,accident_totals,Official Government CSV,https://www.data.gov.in/catalog/road-accidents-india-2019,2016,State/UT
Mizoram,2017,3.635858116,RA2019_A2.csv,accident_totals,Official Government CSV,https://www.data.gov.in/catalog/road-accidents-india-2019,2017,State/UT
Mizoram,2018,2.549560081,RA2019_A2.csv,accident_totals,Official Government CSV,https://www.data.gov.in/catalog/road-accidents-india-2019,2018,State/UT
Mizoram,2019,2.65448458,RA2019_A2.csv,accident_totals,Official Government CSV,https://www.data.gov.in/catalog/road-accidents-india-2019,2019,State/UT
Mizoram,2016,102.3682841,RA2019_A2.csv,accident_totals,Official Government CSV,https://www.data.gov.in/catalog/road-accidents-india-2019,2016,State/UT
Mizoram,2017,61.75040794,RA2019_A2.csv,accident_totals,Official Government CSV,https://www.data.gov.in/catalog/road-accidents-india-2019,2017,State/UT
Mizoram,2018,39.62913115,RA2019_A2.csv,accident_totals,Official Government CSV,https://www.data.gov.in/catalog/road-accidents-india-2019,2018,State/UT
Nagaland,2016,75.0,RA2019_A2.csv,accident_totals,Official Government CSV,https://www.data.gov.in/catalog/road-accidents-india-2019,2016,State/UT
Nagaland,2017,531.0,RA2019_A2.csv,accident_totals,Official Government CSV,https://www.data.gov.in/catalog/road-accidents-india-2019,2017,State/UT
Nagaland,2018,430.0,RA2019_A2.csv,accident_totals,Official Government CSV,https://www.data.gov.in/catalog/road-accidents-india-2019,2018,State/UT
Nagaland,2019,358.0,RA2019_A2.csv,accident_totals,Official Government CSV,https://www.data.gov.in/catalog/road-accidents-india-2019,2019,State/UT
Nagaland,2019,28.0,RA2019_A2.csv,accident_totals,Official Government CSV,https://www.data.gov.in/catalog/road-accidents-india-2019,2019,State/UT
Nagaland,2016,0.015603805,RA2019_A2.csv,accident_totals,Official Government CSV,https://www.data.gov.in/catalog/road-accidents-india-2019,2016,State/UT
Nagaland,2017,0.114215655,RA2019_A2.csv,accident_totals,Official Government CSV,https://www.data.gov.in/catalog/road-accidents-india-2019,2017,State/UT
Nagaland,2018,0.092068413,RA2019_A2.csv,accident_totals,Official Government CSV,https://www.data.gov.in/catalog/road-accidents-india-2019,2018,State/UT
Nagaland,2019,0.079732384,RA2019_A2.csv,accident_totals,Official Government CSV,https://www.data.gov.in/catalog/road-accidents-india-2019,2019,State/UT
Nagaland,2016,3.151260504,RA2019_A2.csv,accident_totals,Official Government CSV,https://www.data.gov.in/catalog/road-accidents-india-2019,2016,State/UT
Nagaland,2017,22.07900208,RA2019_A2.csv,accident_totals,Official Government CSV,https://www.data.gov.in/catalog/road-accidents-india-2019,2017,State/UT
Nagaland,2018,17.69547325,RA2019_A2.csv,accident_totals,Official Government CSV,https://www.data.gov.in/catalog/road-accidents-india-2019,2018,State/UT
Nagaland,2019,14.58842706,RA2019_A2.csv,accident_totals,Official Government CSV,https://www.data.gov.in/catalog/road-accidents-india-2019,2019,State/UT
Nagaland,2016,1.971795438,RA2019_A2.csv,accident_totals,Official Government CSV,https://www.data.gov.in/catalog/road-accidents-india-2019,2016,State/UT
Nagaland,2017,12.94559923,RA2019_A2.csv,accident_totals,Official Government CSV,https://www.data.gov.in/catalog/road-accidents-india-2019,2017,State/UT
Nagaland,2018,9.572530844,RA2019_A2.csv,accident_totals,Official Government CSV,https://www.data.gov.in/catalog/road-accidents-india-2019,2018,State/UT
Nagaland,2019,7.310777475,RA2019_A2.csv,accident_totals,Official Government CSV,https://www.data.gov.in/catalog/road-accidents-india-2019,2019,State/UT
Nagaland,2016,20.76762112,RA2019_A2.csv,accident_totals,Official Government CSV,https://www.data.gov.in/catalog/road-accidents-india-2019,2016,State/UT
Nagaland,2017,146.5292438,RA2019_A2.csv,accident_totals,Official Government CSV,https://www.data.gov.in/catalog/road-accidents-india-2019,2017,State/UT
Nagaland,2018,117.1566357,RA2019_A2.csv,accident_totals,Official Government CSV,https://www.data.gov.in/catalog/road-accidents-india-2019,2018,State/UT
Odisha,2016,10532.0,RA2019_A2.csv,accident_totals,Official Government CSV,https://www.data.gov.in/catalog/road-accidents-india-2019,2016,State/UT
Odisha,2017,10855.0,RA2019_A2.csv,accident_totals,Official Government CSV,https://www.data.gov.in/catalog/road-accidents-india-2019,2017,State/UT
Odisha,2018,11262.0,RA2019_A2.csv,accident_totals,Official Government CSV,https://www.data.gov.in/catalog/road-accidents-india-2019,2018,State/UT
Odisha,2019,11064.0,RA2019_A2.csv,accident_totals,Official Government CSV,https://www.data.gov.in/catalog/road-accidents-india-2019,2019,State/UT
Odisha,2019,12.0,RA2019_A2.csv,accident_totals,Official Government CSV,https://www.data.gov.in/catalog/road-accidents-india-2019,2019,State/UT
Odisha,2016,2.1911903,RA2019_A2.csv,accident_totals,Official Government CSV,https://www.data.gov.in/catalog/road-accidents-india-2019,2016,State/UT
Odisha,2017,2.334860511,RA2019_A2.csv,accident_totals,Official Government CSV,https://www.data.gov.in/catalog/road-accidents-india-2019,2017,State/UT
Odisha,2018,2.411335977,RA2019_A2.csv,accident_totals,Official Government CSV,https://www.data.gov.in/catalog/road-accidents-india-2019,2018,State/UT
Odisha,2019,2.464131563,RA2019_A2.csv,accident_totals,Official Government CSV,https://www.data.gov.in/catalog/road-accidents-india-2019,2019,State/UT
Odisha,2016,24.79342734,RA2019_A2.csv,accident_totals,Official Government CSV,https://www.data.gov.in/catalog/road-accidents-india-2019,2016,State/UT
Odisha,2017,25.35740983,RA2019_A2.csv,accident_totals,Official Government CSV,https://www.data.gov.in/catalog/road-accidents-india-2019,2017,State/UT
Odisha,2018,26.11054438,RA2019_A2.csv,accident_totals,Official Government CSV,https://www.data.gov.in/catalog/road-accidents-india-2019,2018,State/UT
Odisha,2019,25.46375144,RA2019_A2.csv,accident_totals,Official Government CSV,https://www.data.gov.in/catalog/road-accidents-india-2019,2019,State/UT
Odisha,2016,18.05478389,RA2019_A2.csv,accident_totals,Official Government CSV,https://www.data.gov.in/catalog/road-accidents-india-2019,2016,State/UT
Odisha,2017,16.55320364,RA2019_A2.csv,accident_totals,Official Government CSV,https://www.data.gov.in/catalog/road-accidents-india-2019,2017,State/UT
Odisha,2018,15.16986899,RA2019_A2.csv,accident_totals,Official Government CSV,https://www.data.gov.in/catalog/road-accidents-india-2019,2018,State/UT
Odisha,2019,13.36090368,RA2019_A2.csv,accident_totals,Official Government CSV,https://www.data.gov.in/catalog/road-accidents-india-2019,2019,State/UT
Odisha,2016,365.5893248,RA2019_A2.csv,accident_totals,Official Government CSV,https://www.data.gov.in/catalog/road-accidents-india-2019,2016,State/UT
Odisha,2017,357.4614841,RA2019_A2.csv,accident_totals,Official Government CSV,https://www.data.gov.in/catalog/road-accidents-india-2019,2017,State/UT
Odisha,2018,365.677845,RA2019_A2.csv,accident_totals,Official Government CSV,https://www.data.gov.in/catalog/road-accidents-india-2019,2018,State/UT
Punjab,2016,6952.0,RA2019_A2.csv,accident_totals,Official Government CSV,https://www.data.gov.in/catalog/road-accidents-india-2019,2016,State/UT
Punjab,2017,6273.0,RA2019_A2.csv,accident_totals,Official Government CSV,https://www.data.gov.in/catalog/road-accidents-india-2019,2017,State/UT
Punjab,2018,6428.0,RA2019_A2.csv,accident_totals,Official Government CSV,https://www.data.gov.in/catalog/road-accidents-india-2019,2018,State/UT
Punjab,2019,6348.0,RA2019_A2.csv,accident_totals,Official Government CSV,https://www.data.gov.in/catalog/road-accidents-india-2019,2019,State/UT
Punjab,2019,17.0,RA2019_A2.csv,accident_totals,Official Government CSV,https://www.data.gov.in/catalog/road-accidents-india-2019,2019,State/UT
Punjab,2016,1.446368683,RA2019_A2.csv,accident_totals,Official Government CSV,https://www.data.gov.in/catalog/road-accidents-india-2019,2016,State/UT
Punjab,2017,1.349293412,RA2019_A2.csv,accident_totals,Official Government CSV,https://www.data.gov.in/catalog/road-accidents-india-2019,2017,State/UT
Punjab,2018,1.376315722,RA2019_A2.csv,accident_totals,Official Government CSV,https://www.data.gov.in/catalog/road-accidents-india-2019,2018,State/UT
Punjab,2019,1.413802166,RA2019_A2.csv,accident_totals,Official Government CSV,https://www.data.gov.in/catalog/road-accidents-india-2019,2019,State/UT
Punjab,2016,23.88018686,RA2019_A2.csv,accident_totals,Official Government CSV,https://www.data.gov.in/catalog/road-accidents-india-2019,2016,State/UT
Punjab,2017,21.35707477,RA2019_A2.csv,accident_totals,Official Government CSV,https://www.data.gov.in/catalog/road-accidents-india-2019,2017,State/UT
Punjab,2018,21.6978903,RA2019_A2.csv,accident_totals,Official Government CSV,https://www.data.gov.in/catalog/road-accidents-india-2019,2018,State/UT
Punjab,2019,21.25351547,RA2019_A2.csv,accident_totals,Official Government CSV,https://www.data.gov.in/catalog/road-accidents-india-2019,2019,State/UT
Punjab,2016,7.669500145,RA2019_A2.csv,accident_totals,Official Government CSV,https://www.data.gov.in/catalog/road-accidents-india-2019,2016,State/UT
Punjab,2017,6.37313016,RA2019_A2.csv,accident_totals,Official Government CSV,https://www.data.gov.in/catalog/road-accidents-india-2019,2017,State/UT
Punjab,2018,6.639826398,RA2019_A2.csv,accident_totals,Official Government CSV,https://www.data.gov.in/catalog/road-accidents-india-2019,2018,State/UT
Punjab,2019,6.011685284,RA2019_A2.csv,accident_totals,Official Government CSV,https://www.data.gov.in/catalog/road-accidents-india-2019,2019,State/UT
Punjab,2016,641.4555209,RA2019_A2.csv,accident_totals,Official Government CSV,https://www.data.gov.in/catalog/road-accidents-india-2019,2016,State/UT
Punjab,2017,449.7017516,RA2019_A2.csv,accident_totals,Official Government CSV,https://www.data.gov.in/catalog/road-accidents-india-2019,2017,State/UT
Punjab,2018,450.6607775,RA2019_A2.csv,accident_totals,Official Government CSV,https://www.data.gov.in/catalog/road-accidents-india-2019,2018,State/UT
Rajasthan,2016,23066.0,RA2019_A2.csv,accident_totals,Official Government CSV,https://www.data.gov.in/catalog/road-accidents-india-2019,2016,State/UT
Rajasthan,2017,22112.0,RA2019_A2.csv,accident_totals,Official Government CSV,https://www.data.gov.in/catalog/road-accidents-india-2019,2017,State/UT
Rajasthan,2018,21743.0,RA2019_A2.csv,accident_totals,Official Government CSV,https://www.data.gov.in/catalog/road-accidents-india-2019,2018,State/UT
Rajasthan,2019,23480.0,RA2019_A2.csv,accident_totals,Official Government CSV,https://www.data.gov.in/catalog/road-accidents-india-2019,2019,State/UT
Rajasthan,2019,7.0,RA2019_A2.csv,accident_totals,Official Government CSV,https://www.data.gov.in/catalog/road-accidents-india-2019,2019,State/UT
Rajasthan,2016,4.798898163,RA2019_A2.csv,accident_totals,Official Government CSV,https://www.data.gov.in/catalog/road-accidents-india-2019,2016,State/UT
Rajasthan,2017,4.75618937,RA2019_A2.csv,accident_totals,Official Government CSV,https://www.data.gov.in/catalog/road-accidents-india-2019,2017,State/UT
Rajasthan,2018,4.655450022,RA2019_A2.csv,accident_totals,Official Government CSV,https://www.data.gov.in/catalog/road-accidents-india-2019,2018,State/UT
Rajasthan,2019,5.22937537,RA2019_A2.csv,accident_totals,Official Government CSV,https://www.data.gov.in/catalog/road-accidents-india-2019,2019,State/UT
Rajasthan,2016,31.61978396,RA2019_A2.csv,accident_totals,Official Government CSV,https://www.data.gov.in/catalog/road-accidents-india-2019,2016,State/UT
Rajasthan,2017,29.91180131,RA2019_A2.csv,accident_totals,Official Government CSV,https://www.data.gov.in/catalog/road-accidents-india-2019,2017,State/UT
Rajasthan,2018,29.03557502,RA2019_A2.csv,accident_totals,Official Government CSV,https://www.data.gov.in/catalog/road-accidents-india-2019,2018,State/UT
Rajasthan,2019,30.96481511,RA2019_A2.csv,accident_totals,Official Government CSV,https://www.data.gov.in/catalog/road-accidents-india-2019,2019,State/UT
Rajasthan,2016,16.92037448,RA2019_A2.csv,accident_totals,Official Government CSV,https://www.data.gov.in/catalog/road-accidents-india-2019,2016,State/UT
Rajasthan,2017,14.83970873,RA2019_A2.csv,accident_totals,Official Government CSV,https://www.data.gov.in/catalog/road-accidents-india-2019,2017,State/UT
Rajasthan,2018,13.35564618,RA2019_A2.csv,accident_totals,Official Government CSV,https://www.data.gov.in/catalog/road-accidents-india-2019,2018,State/UT
Rajasthan,2019,13.25808448,RA2019_A2.csv,accident_totals,Official Government CSV,https://www.data.gov.in/catalog/road-accidents-india-2019,2019,State/UT
Rajasthan,2016,907.1149454,RA2019_A2.csv,accident_totals,Official Government CSV,https://www.data.gov.in/catalog/road-accidents-india-2019,2016,State/UT
Rajasthan,2017,832.5326538,RA2019_A2.csv,accident_totals,Official Government CSV,https://www.data.gov.in/catalog/road-accidents-india-2019,2017,State/UT
Rajasthan,2018,693.8000574,RA2019_A2.csv,accident_totals,Official Government CSV,https://www.data.gov.in/catalog/road-accidents-india-2019,2018,State/UT
Sikkim,2016,210.0,RA2019_A2.csv,accident_totals,Official Government CSV,https://www.data.gov.in/catalog/road-accidents-india-2019,2016,State/UT
Sikkim,2017,196.0,RA2019_A2.csv,accident_totals,Official Government CSV,https://www.data.gov.in/catalog/road-accidents-india-2019,2017,State/UT
Sikkim,2018,180.0,RA2019_A2.csv,accident_totals,Official Government CSV,https://www.data.gov.in/catalog/road-accidents-india-2019,2018,State/UT
Sikkim,2019,162.0,RA2019_A2.csv,accident_totals,Official Government CSV,https://www.data.gov.in/catalog/road-accidents-india-2019,2019,State/UT
Sikkim,2019,32.0,RA2019_A2.csv,accident_totals,Official Government CSV,https://www.data.gov.in/catalog/road-accidents-india-2019,2019,State/UT
Sikkim,2016,0.043690654,RA2019_A2.csv,accident_totals,Official Government CSV,https://www.data.gov.in/catalog/road-accidents-india-2019,2016,State/UT
Sikkim,2017,0.042158697,RA2019_A2.csv,accident_totals,Official Government CSV,https://www.data.gov.in/catalog/road-accidents-india-2019,2017,State/UT
Sikkim,2018,0.038540266,RA2019_A2.csv,accident_totals,Official Government CSV,https://www.data.gov.in/catalog/road-accidents-india-2019,2018,State/UT
Sikkim,2019,0.036080017,RA2019_A2.csv,accident_totals,Official Government CSV,https://www.data.gov.in/catalog/road-accidents-india-2019,2019,State/UT
Sikkim,2016,32.45749614,RA2019_A2.csv,accident_totals,Official Government CSV,https://www.data.gov.in/catalog/road-accidents-india-2019,2016,State/UT
Sikkim,2017,30.01531394,RA2019_A2.csv,accident_totals,Official Government CSV,https://www.data.gov.in/catalog/road-accidents-india-2019,2017,State/UT
Sikkim,2018,27.27272727,RA2019_A2.csv,accident_totals,Official Government CSV,https://www.data.gov.in/catalog/road-accidents-india-2019,2018,State/UT
Sikkim,2019,24.28785607,RA2019_A2.csv,accident_totals,Official Government CSV,https://www.data.gov.in/catalog/road-accidents-india-2019,2019,State/UT
Sikkim,2016,42.85277013,RA2019_A2.csv,accident_totals,Official Government CSV,https://www.data.gov.in/catalog/road-accidents-india-2019,2016,State/UT
Sikkim,2017,36.22518759,RA2019_A2.csv,accident_totals,Official Government CSV,https://www.data.gov.in/catalog/road-accidents-india-2019,2017,State/UT
Sikkim,2018,29.342723,RA2019_A2.csv,accident_totals,Official Government CSV,https://www.data.gov.in/catalog/road-accidents-india-2019,2018,State/UT
Sikkim,2019,22.57210534,RA2019_A2.csv,accident_totals,Official Government CSV,https://www.data.gov.in/catalog/road-accidents-india-2019,2019,State/UT
Sikkim,2016,254.7640885,RA2019_A2.csv,accident_totals,Official Government CSV,https://www.data.gov.in/catalog/road-accidents-india-2019,2016,State/UT
Sikkim,2017,172.1385047,RA2019_A2.csv,accident_totals,Official Government CSV,https://www.data.gov.in/catalog/road-accidents-india-2019,2017,State/UT
Sikkim,2018,133.234641,RA2019_A2.csv,accident_totals,Official Government CSV,https://www.data.gov.in/catalog/road-accidents-india-2019,2018,State/UT
Tamil Nadu,2016,71431.0,RA2019_A2.csv,accident_totals,Official Government CSV,https://www.data.gov.in/catalog/road-accidents-india-2019,2016,State/UT
Tamil Nadu,2017,65562.0,RA2019_A2.csv,accident_totals,Official Government CSV,https://www.data.gov.in/catalog/road-accidents-india-2019,2017,State/UT
Tamil Nadu,2018,63920.0,RA2019_A2.csv,accident_totals,Official Government CSV,https://www.data.gov.in/catalog/road-accidents-india-2019,2018,State/UT
Tamil Nadu,2019,57228.0,RA2019_A2.csv,accident_totals,Official Government CSV,https://www.data.gov.in/catalog/road-accidents-india-2019,2019,State/UT
Tamil Nadu,2019,1.0,RA2019_A2.csv,accident_totals,Official Government CSV,https://www.data.gov.in/catalog/road-accidents-india-2019,2019,State/UT
Tamil Nadu,2016,14.86127177,RA2019_A2.csv,accident_totals,Official Government CSV,https://www.data.gov.in/catalog/road-accidents-india-2019,2016,State/UT
Tamil Nadu,2017,14.10208427,RA2019_A2.csv,accident_totals,Official Government CSV,https://www.data.gov.in/catalog/road-accidents-india-2019,2017,State/UT
Tamil Nadu,2018,13.68607669,RA2019_A2.csv,accident_totals,Official Government CSV,https://www.data.gov.in/catalog/road-accidents-india-2019,2018,State/UT
Tamil Nadu,2019,12.74560024,RA2019_A2.csv,accident_totals,Official Government CSV,https://www.data.gov.in/catalog/road-accidents-india-2019,2019,State/UT
Tamil Nadu,2016,102.9324457,RA2019_A2.csv,accident_totals,Official Government CSV,https://www.data.gov.in/catalog/road-accidents-india-2019,2016,State/UT
Tamil Nadu,2017,94.02265883,RA2019_A2.csv,accident_totals,Official Government CSV,https://www.data.gov.in/catalog/road-accidents-india-2019,2017,State/UT
Tamil Nadu,2018,91.25301583,RA2019_A2.csv,accident_totals,Official Government CSV,https://www.data.gov.in/catalog/road-accidents-india-2019,2018,State/UT
Tamil Nadu,2019,81.35448652,RA2019_A2.csv,accident_totals,Official Government CSV,https://www.data.gov.in/catalog/road-accidents-india-2019,2019,State/UT
Tamil Nadu,2016,29.51285913,RA2019_A2.csv,accident_totals,Official Government CSV,https://www.data.gov.in/catalog/road-accidents-india-2019,2016,State/UT
Tamil Nadu,2017,25.11091401,RA2019_A2.csv,accident_totals,Official Government CSV,https://www.data.gov.in/catalog/road-accidents-india-2019,2017,State/UT
Tamil Nadu,2018,22.79405634,RA2019_A2.csv,accident_totals,Official Government CSV,https://www.data.gov.in/catalog/road-accidents-india-2019,2018,State/UT
Tamil Nadu,2019,18.96525681,RA2019_A2.csv,accident_totals,Official Government CSV,https://www.data.gov.in/catalog/road-accidents-india-2019,2019,State/UT
Tamil Nadu,2016,2736.456321,RA2019_A2.csv,accident_totals,Official Government CSV,https://www.data.gov.in/catalog/road-accidents-india-2019,2016,State/UT
Tamil Nadu,2017,2507.764039,RA2019_A2.csv,accident_totals,Official Government CSV,https://www.data.gov.in/catalog/road-accidents-india-2019,2017,State/UT
Tamil Nadu,2018,2367.346032,RA2019_A2.csv,accident_totals,Official Government CSV,https://www.data.gov.in/catalog/road-accidents-india-2019,2018,State/UT
Telangana,2016,22811.0,RA2019_A2.csv,accident_totals,Official Government CSV,https://www.data.gov.in/catalog/road-accidents-india-2019,2016,State/UT
Telangana,2017,22484.0,RA2019_A2.csv,accident_totals,Official Government CSV,https://www.data.gov.in/catalog/road-accidents-india-2019,2017,State/UT
Telangana,2018,22230.0,RA2019_A2.csv,accident_totals,Official Government CSV,https://www.data.gov.in/catalog/road-accidents-india-2019,2018,State/UT
Telangana,2019,21570.0,RA2019_A2.csv,accident_totals,Official Government CSV,https://www.data.gov.in/catalog/road-accidents-india-2019,2019,State/UT
Telangana,2019,9.0,RA2019_A2.csv,accident_totals,Official Government CSV,https://www.data.gov.in/catalog/road-accidents-india-2019,2019,State/UT
Telangana,2016,4.745845227,RA2019_A2.csv,accident_totals,Official Government CSV,https://www.data.gov.in/catalog/road-accidents-india-2019,2016,State/UT
Telangana,2017,4.836204857,RA2019_A2.csv,accident_totals,Official Government CSV,https://www.data.gov.in/catalog/road-accidents-india-2019,2017,State/UT
Telangana,2018,4.759722853,RA2019_A2.csv,accident_totals,Official Government CSV,https://www.data.gov.in/catalog/road-accidents-india-2019,2018,State/UT
Telangana,2019,4.80398751,RA2019_A2.csv,accident_totals,Official Government CSV,https://www.data.gov.in/catalog/road-accidents-india-2019,2019,State/UT
Telangana,2016,26.19187619,RA2019_A2.csv,accident_totals,Official Government CSV,https://www.data.gov.in/catalog/road-accidents-india-2019,2016,State/UT
Telangana,2017,22.83933204,RA2019_A2.csv,accident_totals,Official Government CSV,https://www.data.gov.in/catalog/road-accidents-india-2019,2017,State/UT
Telangana,2018,20.27322433,RA2019_A2.csv,accident_totals,Official Government CSV,https://www.data.gov.in/catalog/road-accidents-india-2019,2018,State/UT
Telangana,2019,17.78489137,RA2019_A2.csv,accident_totals,Official Government CSV,https://www.data.gov.in/catalog/road-accidents-india-2019,2019,State/UT
Telangana,2016,1845.965818,RA2019_A2.csv,accident_totals,Official Government CSV,https://www.data.gov.in/catalog/road-accidents-india-2019,2016,State/UT
Telangana,2017,1782.531647,RA2019_A2.csv,accident_totals,Official Government CSV,https://www.data.gov.in/catalog/road-accidents-india-2019,2017,State/UT
Telangana,2018,1735.755948,RA2019_A2.csv,accident_totals,Official Government CSV,https://www.data.gov.in/catalog/road-accidents-india-2019,2018,State/UT
Tripura,2016,557.0,RA2019_A2.csv,accident_totals,Official Government CSV,https://www.data.gov.in/catalog/road-accidents-india-2019,2016,State/UT
Tripura,2017,503.0,RA2019_A2.csv,accident_totals,Official Government CSV,https://www.data.gov.in/catalog/road-accidents-india-2019,2017,State/UT
Tripura,2018,552.0,RA2019_A2.csv,accident_totals,Official Government CSV,https://www.data.gov.in/catalog/road-accidents-india-2019,2018,State/UT
Tripura,2019,655.0,RA2019_A2.csv,accident_totals,Official Government CSV,https://www.data.gov.in/catalog/road-accidents-india-2019,2019,State/UT
Tripura,2019,26.0,RA2019_A2.csv,accident_totals,Official Government CSV,https://www.data.gov.in/catalog/road-accidents-india-2019,2019,State/UT
Tripura,2016,0.115884257,RA2019_A2.csv,accident_totals,Official Government CSV,https://www.data.gov.in/catalog/road-accidents-india-2019,2016,State/UT
Tripura,2017,0.108192984,RA2019_A2.csv,accident_totals,Official Government CSV,https://www.data.gov.in/catalog/road-accidents-india-2019,2017,State/UT
Tripura,2018,0.118190149,RA2019_A2.csv,accident_totals,Official Government CSV,https://www.data.gov.in/catalog/road-accidents-india-2019,2018,State/UT
Tripura,2019,0.145879083,RA2019_A2.csv,accident_totals,Official Government CSV,https://www.data.gov.in/catalog/road-accidents-india-2019,2019,State/UT
Tripura,2016,14.55828542,RA2019_A2.csv,accident_totals,Official Government CSV,https://www.data.gov.in/catalog/road-accidents-india-2019,2016,State/UT
Tripura,2017,13.00749935,RA2019_A2.csv,accident_totals,Official Government CSV,https://www.data.gov.in/catalog/road-accidents-india-2019,2017,State/UT
Tripura,2018,14.13210445,RA2019_A2.csv,accident_totals,Official Government CSV,https://www.data.gov.in/catalog/road-accidents-india-2019,2018,State/UT
Tripura,2019,16.59908768,RA2019_A2.csv,accident_totals,Official Government CSV,https://www.data.gov.in/catalog/road-accidents-india-2019,2019,State/UT
Tripura,2016,17.43447205,RA2019_A2.csv,accident_totals,Official Government CSV,https://www.data.gov.in/catalog/road-accidents-india-2019,2016,State/UT
Tripura,2017,13.14390089,RA2019_A2.csv,accident_totals,Official Government CSV,https://www.data.gov.in/catalog/road-accidents-india-2019,2017,State/UT
Tripura,2018,12.68586399,RA2019_A2.csv,accident_totals,Official Government CSV,https://www.data.gov.in/catalog/road-accidents-india-2019,2018,State/UT
Tripura,2019,13.20940025,RA2019_A2.csv,accident_totals,Official Government CSV,https://www.data.gov.in/catalog/road-accidents-india-2019,2019,State/UT
Tripura,2016,141.4960373,RA2019_A2.csv,accident_totals,Official Government CSV,https://www.data.gov.in/catalog/road-accidents-india-2019,2016,State/UT
Tripura,2017,117.1798741,RA2019_A2.csv,accident_totals,Official Government CSV,https://www.data.gov.in/catalog/road-accidents-india-2019,2017,State/UT
Tripura,2018,127.7334259,RA2019_A2.csv,accident_totals,Official Government CSV,https://www.data.gov.in/catalog/road-accidents-india-2019,2018,State/UT
Uttarakhand,2016,1591.0,RA2019_A2.csv,accident_totals,Official Government CSV,https://www.data.gov.in/catalog/road-accidents-india-2019,2016,State/UT
Uttarakhand,2017,1603.0,RA2019_A2.csv,accident_totals,Official Government CSV,https://www.data.gov.in/catalog/road-accidents-india-2019,2017,State/UT
Uttarakhand,2018,1468.0,RA2019_A2.csv,accident_totals,Official Government CSV,https://www.data.gov.in/catalog/road-accidents-india-2019,2018,State/UT
Uttarakhand,2019,1352.0,RA2019_A2.csv,accident_totals,Official Government CSV,https://www.data.gov.in/catalog/road-accidents-india-2019,2019,State/UT
Uttarakhand,2019,24.0,RA2019_A2.csv,accident_totals,Official Government CSV,https://www.data.gov.in/catalog/road-accidents-india-2019,2019,State/UT
Uttarakhand,2016,0.331008713,RA2019_A2.csv,accident_totals,Official Government CSV,https://www.data.gov.in/catalog/road-accidents-india-2019,2016,State/UT
Uttarakhand,2017,0.344797918,RA2019_A2.csv,accident_totals,Official Government CSV,https://www.data.gov.in/catalog/road-accidents-india-2019,2017,State/UT
Uttarakhand,2018,0.314317281,RA2019_A2.csv,accident_totals,Official Government CSV,https://www.data.gov.in/catalog/road-accidents-india-2019,2018,State/UT
Uttarakhand,2019,0.301112244,RA2019_A2.csv,accident_totals,Official Government CSV,https://www.data.gov.in/catalog/road-accidents-india-2019,2019,State/UT
Uttarakhand,2016,14.96425884,RA2019_A2.csv,accident_totals,Official Government CSV,https://www.data.gov.in/catalog/road-accidents-india-2019,2016,State/UT
Uttarakhand,2017,14.89638509,RA2019_A2.csv,accident_totals,Official Government CSV,https://www.data.gov.in/catalog/road-accidents-india-2019,2017,State/UT
Uttarakhand,2018,13.48397171,RA2019_A2.csv,accident_totals,Official Government CSV,https://www.data.gov.in/catalog/road-accidents-india-2019,2018,State/UT
Uttarakhand,2019,12.27974569,RA2019_A2.csv,accident_totals,Official Government CSV,https://www.data.gov.in/catalog/road-accidents-india-2019,2019,State/UT
Uttarakhand,2016,8.425924945,RA2019_A2.csv,accident_totals,Official Government CSV,https://www.data.gov.in/catalog/road-accidents-india-2019,2016,State/UT
Uttarakhand,2017,7.50000117,RA2019_A2.csv,accident_totals,Official Government CSV,https://www.data.gov.in/catalog/road-accidents-india-2019,2017,State/UT
Uttarakhand,2018,5.918304817,RA2019_A2.csv,accident_totals,Official Government CSV,https://www.data.gov.in/catalog/road-accidents-india-2019,2018,State/UT
Uttarakhand,2019,4.91156816,RA2019_A2.csv,accident_totals,Official Government CSV,https://www.data.gov.in/catalog/road-accidents-india-2019,2019,State/UT
Uttarakhand,2016,260.7407233,RA2019_A2.csv,accident_totals,Official Government CSV,https://www.data.gov.in/catalog/road-accidents-india-2019,2016,State/UT
Uttarakhand,2017,229.7314024,RA2019_A2.csv,accident_totals,Official Government CSV,https://www.data.gov.in/catalog/road-accidents-india-2019,2017,State/UT
Uttarakhand,2018,277.7777778,RA2019_A2.csv,accident_totals,Official Government CSV,https://www.data.gov.in/catalog/road-accidents-india-2019,2018,State/UT
Uttar Pradesh,2016,35612.0,RA2019_A2.csv,accident_totals,Official Government CSV,https://www.data.gov.in/catalog/road-accidents-india-2019,2016,State/UT
Uttar Pradesh,2017,38783.0,RA2019_A2.csv,accident_totals,Official Government CSV,https://www.data.gov.in/catalog/road-accidents-india-2019,2017,State/UT
Uttar Pradesh,2018,42568.0,RA2019_A2.csv,accident_totals,Official Government CSV,https://www.data.gov.in/catalog/road-accidents-india-2019,2018,State/UT
Uttar Pradesh,2019,42572.0,RA2019_A2.csv,accident_totals,Official Government CSV,https://www.data.gov.in/catalog/road-accidents-india-2019,2019,State/UT
Uttar Pradesh,2019,3.0,RA2019_A2.csv,accident_totals,Official Government CSV,https://www.data.gov.in/catalog/road-accidents-india-2019,2019,State/UT
Uttar Pradesh,2016,7.409102636,RA2019_A2.csv,accident_totals,Official Government CSV,https://www.data.gov.in/catalog/road-accidents-india-2019,2016,State/UT
Uttar Pradesh,2017,8.342044697,RA2019_A2.csv,accident_totals,Official Government CSV,https://www.data.gov.in/catalog/road-accidents-india-2019,2017,State/UT
Uttar Pradesh,2018,9.114344687,RA2019_A2.csv,accident_totals,Official Government CSV,https://www.data.gov.in/catalog/road-accidents-india-2019,2018,State/UT
Uttar Pradesh,2019,9.481472243,RA2019_A2.csv,accident_totals,Official Government CSV,https://www.data.gov.in/catalog/road-accidents-india-2019,2019,State/UT
Uttar Pradesh,2016,16.32918822,RA2019_A2.csv,accident_totals,Official Government CSV,https://www.data.gov.in/catalog/road-accidents-india-2019,2016,State/UT
Uttar Pradesh,2017,17.51170593,RA2019_A2.csv,accident_totals,Official Government CSV,https://www.data.gov.in/catalog/road-accidents-india-2019,2017,State/UT
Uttar Pradesh,2018,18.93350057,RA2019_A2.csv,accident_totals,Official Government CSV,https://www.data.gov.in/catalog/road-accidents-india-2019,2018,State/UT
Uttar Pradesh,2019,18.65949016,RA2019_A2.csv,accident_totals,Official Government CSV,https://www.data.gov.in/catalog/road-accidents-india-2019,2019,State/UT
Uttar Pradesh,2016,14.87778053,RA2019_A2.csv,accident_totals,Official Government CSV,https://www.data.gov.in/catalog/road-accidents-india-2019,2016,State/UT
Uttar Pradesh,2017,14.76590016,RA2019_A2.csv,accident_totals,Official Government CSV,https://www.data.gov.in/catalog/road-accidents-india-2019,2017,State/UT
Uttar Pradesh,2018,14.48146503,RA2019_A2.csv,accident_totals,Official Government CSV,https://www.data.gov.in/catalog/road-accidents-india-2019,2018,State/UT
Uttar Pradesh,2019,13.01416291,RA2019_A2.csv,accident_totals,Official Government CSV,https://www.data.gov.in/catalog/road-accidents-india-2019,2019,State/UT
Uttar Pradesh,2016,843.0632703,RA2019_A2.csv,accident_totals,Official Government CSV,https://www.data.gov.in/catalog/road-accidents-india-2019,2016,State/UT
Uttar Pradesh,2017,906.0276668,RA2019_A2.csv,accident_totals,Official Government CSV,https://www.data.gov.in/catalog/road-accidents-india-2019,2017,State/UT
Uttar Pradesh,2018,975.5851609,RA2019_A2.csv,accident_totals,Official Government CSV,https://www.data.gov.in/catalog/road-accidents-india-2019,2018,State/UT
West Bengal,2016,13580.0,RA2019_A2.csv,accident_totals,Official Government CSV,https://www.data.gov.in/catalog/road-accidents-india-2019,2016,State/UT
West Bengal,2017,11631.0,RA2019_A2.csv,accident_totals,Official Government CSV,https://www.data.gov.in/catalog/road-accidents-india-2019,2017,State/UT
West Bengal,2018,12705.0,RA2019_A2.csv,accident_totals,Official Government CSV,https://www.data.gov.in/catalog/road-accidents-india-2019,2018,State/UT
West Bengal,2019,10158.0,RA2019_A2.csv,accident_totals,Official Government CSV,https://www.data.gov.in/catalog/road-accidents-india-2019,2019,State/UT
West Bengal,2019,14.0,RA2019_A2.csv,accident_totals,Official Government CSV,https://www.data.gov.in/catalog/road-accidents-india-2019,2019,State/UT
West Bengal,2016,2.825328928,RA2019_A2.csv,accident_totals,Official Government CSV,https://www.data.gov.in/catalog/road-accidents-india-2019,2016,State/UT
West Bengal,2017,2.501774537,RA2019_A2.csv,accident_totals,Official Government CSV,https://www.data.gov.in/catalog/road-accidents-india-2019,2017,State/UT
West Bengal,2018,2.720300443,RA2019_A2.csv,accident_totals,Official Government CSV,https://www.data.gov.in/catalog/road-accidents-india-2019,2018,State/UT
West Bengal,2019,2.262350724,RA2019_A2.csv,accident_totals,Official Government CSV,https://www.data.gov.in/catalog/road-accidents-india-2019,2019,State/UT
West Bengal,2016,14.51630144,RA2019_A2.csv,accident_totals,Official Government CSV,https://www.data.gov.in/catalog/road-accidents-india-2019,2016,State/UT
West Bengal,2017,12.32959484,RA2019_A2.csv,accident_totals,Official Government CSV,https://www.data.gov.in/catalog/road-accidents-india-2019,2017,State/UT
West Bengal,2018,13.35835725,RA2019_A2.csv,accident_totals,Official Government CSV,https://www.data.gov.in/catalog/road-accidents-india-2019,2018,State/UT
West Bengal,2019,10.59504563,RA2019_A2.csv,accident_totals,Official Government CSV,https://www.data.gov.in/catalog/road-accidents-india-2019,2019,State/UT
West Bengal,2016,20.92969457,RA2019_A2.csv,accident_totals,Official Government CSV,https://www.data.gov.in/catalog/road-accidents-india-2019,2016,State/UT
West Bengal,2017,15.62136319,RA2019_A2.csv,accident_totals,Official Government CSV,https://www.data.gov.in/catalog/road-accidents-india-2019,2017,State/UT
West Bengal,2018,14.81552658,RA2019_A2.csv,accident_totals,Official Government CSV,https://www.data.gov.in/catalog/road-accidents-india-2019,2018,State/UT
West Bengal,2019,10.41736424,RA2019_A2.csv,accident_totals,Official Government CSV,https://www.data.gov.in/catalog/road-accidents-india-2019,2019,State/UT
West Bengal,2016,428.7559763,RA2019_A2.csv,accident_totals,Official Government CSV,https://www.data.gov.in/catalog/road-accidents-india-2019,2016,State/UT
West Bengal,2017,361.1365202,RA2019_A2.csv,accident_totals,Official Government CSV,https://www.data.gov.in/catalog/road-accidents-india-2019,2017,State/UT
West Bengal,2018,386.0223744,RA2019_A2.csv,accident_totals,Official Government CSV,https://www.data.gov.in/catalog/road-accidents-india-2019,2018,State/UT
Andaman and Nicobar Islands,2016,238.0,RA2019_A2.csv,accident_totals,Official Government CSV,https://www.data.gov.in/catalog/road-accidents-india-2019,2016,State/UT
Andaman and Nicobar Islands,2017,189.0,RA2019_A2.csv,accident_totals,Official Government CSV,https://www.data.gov.in/catalog/road-accidents-india-2019,2017,State/UT
Andaman and Nicobar Islands,2018,254.0,RA2019_A2.csv,accident_totals,Official Government CSV,https://www.data.gov.in/catalog/road-accidents-india-2019,2018,State/UT
Andaman and Nicobar Islands,2019,230.0,RA2019_A2.csv,accident_totals,Official Government CSV,https://www.data.gov.in/catalog/road-accidents-india-2019,2019,State/UT
Andaman and Nicobar Islands,2019,31.0,RA2019_A2.csv,accident_totals,Official Government CSV,https://www.data.gov.in/catalog/road-accidents-india-2019,2019,State/UT
Andaman and Nicobar Islands,2016,0.049516074,RA2019_A2.csv,accident_totals,Official Government CSV,https://www.data.gov.in/catalog/road-accidents-india-2019,2016,State/UT
Andaman and Nicobar Islands,2017,0.04065303,RA2019_A2.csv,accident_totals,Official Government CSV,https://www.data.gov.in/catalog/road-accidents-india-2019,2017,State/UT
Andaman and Nicobar Islands,2018,0.054384598,RA2019_A2.csv,accident_totals,Official Government CSV,https://www.data.gov.in/catalog/road-accidents-india-2019,2018,State/UT
Andaman and Nicobar Islands,2019,0.051224716,RA2019_A2.csv,accident_totals,Official Government CSV,https://www.data.gov.in/catalog/road-accidents-india-2019,2019,State/UT
Andaman and Nicobar Islands,2016,43.19419238,RA2019_A2.csv,accident_totals,Official Government CSV,https://www.data.gov.in/catalog/road-accidents-india-2019,2016,State/UT
Andaman and Nicobar Islands,2017,33.57015986,RA2019_A2.csv,accident_totals,Official Government CSV,https://www.data.gov.in/catalog/road-accidents-india-2019,2017,State/UT
Andaman and Nicobar Islands,2018,44.17391304,RA2019_A2.csv,accident_totals,Official Government CSV,https://www.data.gov.in/catalog/road-accidents-india-2019,2018,State/UT
Andaman and Nicobar Islands,2019,39.11564626,RA2019_A2.csv,accident_totals,Official Government CSV,https://www.data.gov.in/catalog/road-accidents-india-2019,2019,State/UT
Andaman and Nicobar Islands,2016,21.41655194,RA2019_A2.csv,accident_totals,Official Government CSV,https://www.data.gov.in/catalog/road-accidents-india-2019,2016,State/UT
Andaman and Nicobar Islands,2017,15.5480055,RA2019_A2.csv,accident_totals,Official Government CSV,https://www.data.gov.in/catalog/road-accidents-india-2019,2017,State/UT
Andaman and Nicobar Islands,2018,19.36876139,RA2019_A2.csv,accident_totals,Official Government CSV,https://www.data.gov.in/catalog/road-accidents-india-2019,2018,State/UT
Andaman and Nicobar Islands,2019,16.30615877,RA2019_A2.csv,accident_totals,Official Government CSV,https://www.data.gov.in/catalog/road-accidents-india-2019,2019,State/UT
Andaman and Nicobar Islands,2016,1594.3194,RA2019_A2.csv,accident_totals,Official Government CSV,https://www.data.gov.in/catalog/road-accidents-india-2019,2016,State/UT
Andaman and Nicobar Islands,2017,1168.920808,RA2019_A2.csv,accident_totals,Official Government CSV,https://www.data.gov.in/catalog/road-accidents-india-2019,2017,State/UT
Andaman and Nicobar Islands,2018,1415.830546,RA2019_A2.csv,accident_totals,Official Government CSV,https://www.data.gov.in/catalog/road-accidents-india-2019,2018,State/UT
Chandigarh,2016,428.0,RA2019_A2.csv,accident_totals,Official Government CSV,https://www.data.gov.in/catalog/road-accidents-india-2019,2016,State/UT
Chandigarh,2017,342.0,RA2019_A2.csv,accident_totals,Official Government CSV,https://www.data.gov.in/catalog/road-accidents-india-2019,2017,State/UT
Chandigarh,2018,316.0,RA2019_A2.csv,accident_totals,Official Government CSV,https://www.data.gov.in/catalog/road-accidents-india-2019,2018,State/UT
Chandigarh,2019,305.0,RA2019_A2.csv,accident_totals,Official Government CSV,https://www.data.gov.in/catalog/road-accidents-india-2019,2019,State/UT
Chandigarh,2019,29.0,RA2019_A2.csv,accident_totals,Official Government CSV,https://www.data.gov.in/catalog/road-accidents-india-2019,2019,State/UT
Chandigarh,2016,0.089045713,RA2019_A2.csv,accident_totals,Official Government CSV,https://www.data.gov.in/catalog/road-accidents-india-2019,2016,State/UT
Chandigarh,2017,0.073562625,RA2019_A2.csv,accident_totals,Official Government CSV,https://www.data.gov.in/catalog/road-accidents-india-2019,2017,State/UT
Chandigarh,2018,0.067659578,RA2019_A2.csv,accident_totals,Official Government CSV,https://www.data.gov.in/catalog/road-accidents-india-2019,2018,State/UT
Chandigarh,2019,0.067928428,RA2019_A2.csv,accident_totals,Official Government CSV,https://www.data.gov.in/catalog/road-accidents-india-2019,2019,State/UT
Chandigarh,2016,24.04494382,RA2019_A2.csv,accident_totals,Official Government CSV,https://www.data.gov.in/catalog/road-accidents-india-2019,2016,State/UT
Chandigarh,2017,18.39698763,RA2019_A2.csv,accident_totals,Official Government CSV,https://www.data.gov.in/catalog/road-accidents-india-2019,2017,State/UT
Chandigarh,2018,16.2802679,RA2019_A2.csv,accident_totals,Official Government CSV,https://www.data.gov.in/catalog/road-accidents-india-2019,2018,State/UT
Chandigarh,2019,15.03944773,RA2019_A2.csv,accident_totals,Official Government CSV,https://www.data.gov.in/catalog/road-accidents-india-2019,2019,State/UT
Chandigarh,2016,5.113885513,RA2019_A2.csv,accident_totals,Official Government CSV,https://www.data.gov.in/catalog/road-accidents-india-2019,2016,State/UT
Chandigarh,2017,3.874085427,RA2019_A2.csv,accident_totals,Official Government CSV,https://www.data.gov.in/catalog/road-accidents-india-2019,2017,State/UT
Chandigarh,2018,3.323558985,RA2019_A2.csv,accident_totals,Official Government CSV,https://www.data.gov.in/catalog/road-accidents-india-2019,2018,State/UT
Chandigarh,2019,3.015979748,RA2019_A2.csv,accident_totals,Official Government CSV,https://www.data.gov.in/catalog/road-accidents-india-2019,2019,State/UT
Chandigarh,2016,1517.20862,RA2019_A2.csv,accident_totals,Official Government CSV,https://www.data.gov.in/catalog/road-accidents-india-2019,2016,State/UT
Chandigarh,2017,1212.422008,RA2019_A2.csv,accident_totals,Official Government CSV,https://www.data.gov.in/catalog/road-accidents-india-2019,2017,State/UT
Chandigarh,2018,1244.584482,RA2019_A2.csv,accident_totals,Official Government CSV,https://www.data.gov.in/catalog/road-accidents-india-2019,2018,State/UT
Dadra and Nagar Haveli,2016,70.0,RA2019_A2.csv,accident_totals,Official Government CSV,https://www.data.gov.in/catalog/road-accidents-india-2019,2016,State/UT
Dadra and Nagar Haveli,2017,67.0,RA2019_A2.csv,accident_totals,Official Government CSV,https://www.data.gov.in/catalog/road-accidents-india-2019,2017,State/UT
Dadra and Nagar Haveli,2018,80.0,RA2019_A2.csv,accident_totals,Official Government CSV,https://www.data.gov.in/catalog/road-accidents-india-2019,2018,State/UT
Dadra and Nagar Haveli,2019,68.0,RA2019_A2.csv,accident_totals,Official Government CSV,https://www.data.gov.in/catalog/road-accidents-india-2019,2019,State/UT
Dadra and Nagar Haveli,2019,34.0,RA2019_A2.csv,accident_totals,Official Government CSV,https://www.data.gov.in/catalog/road-accidents-india-2019,2019,State/UT
Dadra and Nagar Haveli,2016,0.014563551,RA2019_A2.csv,accident_totals,Official Government CSV,https://www.data.gov.in/catalog/road-accidents-india-2019,2016,State/UT
Dadra and Nagar Haveli,2017,0.014411391,RA2019_A2.csv,accident_totals,Official Government CSV,https://www.data.gov.in/catalog/road-accidents-india-2019,2017,State/UT
Dadra and Nagar Haveli,2018,0.017129007,RA2019_A2.csv,accident_totals,Official Government CSV,https://www.data.gov.in/catalog/road-accidents-india-2019,2018,State/UT
Dadra and Nagar Haveli,2019,0.015144699,RA2019_A2.csv,accident_totals,Official Government CSV,https://www.data.gov.in/catalog/road-accidents-india-2019,2019,State/UT
Dadra and Nagar Haveli,2016,16.58767773,RA2019_A2.csv,accident_totals,Official Government CSV,https://www.data.gov.in/catalog/road-accidents-india-2019,2016,State/UT
Dadra and Nagar Haveli,2017,15.33180778,RA2019_A2.csv,accident_totals,Official Government CSV,https://www.data.gov.in/catalog/road-accidents-india-2019,2017,State/UT
Dadra and Nagar Haveli,2018,17.69911504,RA2019_A2.csv,accident_totals,Official Government CSV,https://www.data.gov.in/catalog/road-accidents-india-2019,2018,State/UT
Dadra and Nagar Haveli,2019,14.52991453,RA2019_A2.csv,accident_totals,Official Government CSV,https://www.data.gov.in/catalog/road-accidents-india-2019,2019,State/UT
Dadra and Nagar Haveli,2016,6.646284727,RA2019_A2.csv,accident_totals,Official Government CSV,https://www.data.gov.in/catalog/road-accidents-india-2019,2016,State/UT
Dadra and Nagar Haveli,2017,6.019009289,RA2019_A2.csv,accident_totals,Official Government CSV,https://www.data.gov.in/catalog/road-accidents-india-2019,2017,State/UT
Dadra and Nagar Haveli,2018,6.807004408,RA2019_A2.csv,accident_totals,Official Government CSV,https://www.data.gov.in/catalog/road-accidents-india-2019,2018,State/UT
Dadra and Nagar Haveli,2019,5.50509221,RA2019_A2.csv,accident_totals,Official Government CSV,https://www.data.gov.in/catalog/road-accidents-india-2019,2019,State/UT
Dadra and Nagar Haveli,2016,617.433681,RA2019_A2.csv,accident_totals,Official Government CSV,https://www.data.gov.in/catalog/road-accidents-india-2019,2016,State/UT
Dadra and Nagar Haveli,2017,564.5295152,RA2019_A2.csv,accident_totals,Official Government CSV,https://www.data.gov.in/catalog/road-accidents-india-2019,2017,State/UT
Dadra and Nagar Haveli,2018,673.9679865,RA2019_A2.csv,accident_totals,Official Government CSV,https://www.data.gov.in/catalog/road-accidents-india-2019,2018,State/UT
Daman and Diu,2016,71.0,RA2019_A2.csv,accident_totals,Official Government CSV,https://www.data.gov.in/catalog/road-accidents-india-2019,2016,State/UT
Daman and Diu,2017,79.0,RA2019_A2.csv,accident_totals,Official Government CSV,https://www.data.gov.in/catalog/road-accidents-india-2019,2017,State/UT
Daman and Diu,2018,76.0,RA2019_A2.csv,accident_totals,Official Government CSV,https://www.data.gov.in/catalog/road-accidents-india-2019,2018,State/UT
Daman and Diu,2019,69.0,RA2019_A2.csv,accident_totals,Official Government CSV,https://www.data.gov.in/catalog/road-accidents-india-2019,2019,State/UT
Daman and Diu,2019,33.0,RA2019_A2.csv,accident_totals,Official Government CSV,https://www.data.gov.in/catalog/road-accidents-india-2019,2019,State/UT
Daman and Diu,2016,0.014771602,RA2019_A2.csv,accident_totals,Official Government CSV,https://www.data.gov.in/catalog/road-accidents-india-2019,2016,State/UT
Daman and Diu,2017,0.016992536,RA2019_A2.csv,accident_totals,Official Government CSV,https://www.data.gov.in/catalog/road-accidents-india-2019,2017,State/UT
Daman and Diu,2018,0.016272557,RA2019_A2.csv,accident_totals,Official Government CSV,https://www.data.gov.in/catalog/road-accidents-india-2019,2018,State/UT
Daman and Diu,2019,0.015367415,RA2019_A2.csv,accident_totals,Official Government CSV,https://www.data.gov.in/catalog/road-accidents-india-2019,2019,State/UT
Daman and Diu,2016,21.51515152,RA2019_A2.csv,accident_totals,Official Government CSV,https://www.data.gov.in/catalog/road-accidents-india-2019,2016,State/UT
Daman and Diu,2017,22.96511628,RA2019_A2.csv,accident_totals,Official Government CSV,https://www.data.gov.in/catalog/road-accidents-india-2019,2017,State/UT
Daman and Diu,2018,21.16991643,RA2019_A2.csv,accident_totals,Official Government CSV,https://www.data.gov.in/catalog/road-accidents-india-2019,2018,State/UT
Daman and Diu,2019,18.44919786,RA2019_A2.csv,accident_totals,Official Government CSV,https://www.data.gov.in/catalog/road-accidents-india-2019,2019,State/UT
Daman and Diu,2016,6.728135927,RA2019_A2.csv,accident_totals,Official Government CSV,https://www.data.gov.in/catalog/road-accidents-india-2019,2016,State/UT
Daman and Diu,2017,6.799851953,RA2019_A2.csv,accident_totals,Official Government CSV,https://www.data.gov.in/catalog/road-accidents-india-2019,2017,State/UT
Daman and Diu,2016,1432.578035,RA2019_A2.csv,accident_totals,Official Government CSV,https://www.data.gov.in/catalog/road-accidents-india-2019,2016,State/UT
Daman and Diu,2017,1853.150708,RA2019_A2.csv,accident_totals,Official Government CSV,https://www.data.gov.in/catalog/road-accidents-india-2019,2017,State/UT
Daman and Diu,2018,2076.502732,RA2019_A2.csv,accident_totals,Official Government CSV,https://www.data.gov.in/catalog/road-accidents-india-2019,2018,State/UT
Delhi,2016,7375.0,RA2019_A2.csv,accident_totals,Official Government CSV,https://www.data.gov.in/catalog/road-accidents-india-2019,2016,State/UT
Delhi,2017,6673.0,RA2019_A2.csv,accident_totals,Official Government CSV,https://www.data.gov.in/catalog/road-accidents-india-2019,2017,State/UT
Delhi,2018,6515.0,RA2019_A2.csv,accident_totals,Official Government CSV,https://www.data.gov.in/catalog/road-accidents-india-2019,2018,State/UT
Delhi,2019,5610.0,RA2019_A2.csv,accident_totals,Official Government CSV,https://www.data.gov.in/catalog/road-accidents-india-2019,2019,State/UT
Delhi,2019,19.0,RA2019_A2.csv,accident_totals,Official Government CSV,https://www.data.gov.in/catalog/road-accidents-india-2019,2019,State/UT
Delhi,2016,1.534374142,RA2019_A2.csv,accident_totals,Official Government CSV,https://www.data.gov.in/catalog/road-accidents-india-2019,2016,State/UT
Delhi,2017,1.43533157,RA2019_A2.csv,accident_totals,Official Government CSV,https://www.data.gov.in/catalog/road-accidents-india-2019,2017,State/UT
Delhi,2018,1.394943517,RA2019_A2.csv,accident_totals,Official Government CSV,https://www.data.gov.in/catalog/road-accidents-india-2019,2018,State/UT
Delhi,2019,1.249437642,RA2019_A2.csv,accident_totals,Official Government CSV,https://www.data.gov.in/catalog/road-accidents-india-2019,2019,State/UT
Delhi,2016,34.64881372,RA2019_A2.csv,accident_totals,Official Government CSV,https://www.data.gov.in/catalog/road-accidents-india-2019,2016,State/UT
Delhi,2017,30.47588601,RA2019_A2.csv,accident_totals,Official Government CSV,https://www.data.gov.in/catalog/road-accidents-india-2019,2017,State/UT
Delhi,2018,28.92598677,RA2019_A2.csv,accident_totals,Official Government CSV,https://www.data.gov.in/catalog/road-accidents-india-2019,2018,State/UT
Delhi,2019,24.21861509,RA2019_A2.csv,accident_totals,Official Government CSV,https://www.data.gov.in/catalog/road-accidents-india-2019,2019,State/UT
Delhi,2016,7.599378489,RA2019_A2.csv,accident_totals,Official Government CSV,https://www.data.gov.in/catalog/road-accidents-india-2019,2016,State/UT
Delhi,2017,6.503865672,RA2019_A2.csv,accident_totals,Official Government CSV,https://www.data.gov.in/catalog/road-accidents-india-2019,2017,State/UT
Delhi,2018,6.096545893,RA2019_A2.csv,accident_totals,Official Government CSV,https://www.data.gov.in/catalog/road-accidents-india-2019,2018,State/UT
Delhi,2019,4.924702527,RA2019_A2.csv,accident_totals,Official Government CSV,https://www.data.gov.in/catalog/road-accidents-india-2019,2019,State/UT
Delhi,2016,4184.423279,RA2019_A2.csv,accident_totals,Official Government CSV,https://www.data.gov.in/catalog/road-accidents-india-2019,2016,State/UT
Delhi,2017,3731.620177,RA2019_A2.csv,accident_totals,Official Government CSV,https://www.data.gov.in/catalog/road-accidents-india-2019,2017,State/UT
Delhi,2018,3702.546033,RA2019_A2.csv,accident_totals,Official Government CSV,https://www.data.gov.in/catalog/road-accidents-india-2019,2018,State/UT
Lakshadweep,2016,1.0,RA2019_A2.csv,accident_totals,Official Government CSV,https://www.data.gov.in/catalog/road-accidents-india-2019,2016,State/UT
Lakshadweep,2017,1.0,RA2019_A2.csv,accident_totals,Official Government CSV,https://www.data.gov.in/catalog/road-accidents-india-2019,2017,State/UT
Lakshadweep,2018,3.0,RA2019_A2.csv,accident_totals,Official Government CSV,https://www.data.gov.in/catalog/road-accidents-india-2019,2018,State/UT
Lakshadweep,2019,1.0,RA2019_A2.csv,accident_totals,Official Government CSV,https://www.data.gov.in/catalog/road-accidents-india-2019,2019,State/UT
Lakshadweep,2019,36.0,RA2019_A2.csv,accident_totals,Official Government CSV,https://www.data.gov.in/catalog/road-accidents-india-2019,2019,State/UT
Lakshadweep,2016,0.000208051,RA2019_A2.csv,accident_totals,Official Government CSV,https://www.data.gov.in/catalog/road-accidents-india-2019,2016,State/UT
Lakshadweep,2017,0.000215095,RA2019_A2.csv,accident_totals,Official Government CSV,https://www.data.gov.in/catalog/road-accidents-india-2019,2017,State/UT
Lakshadweep,2018,0.000642338,RA2019_A2.csv,accident_totals,Official Government CSV,https://www.data.gov.in/catalog/road-accidents-india-2019,2018,State/UT
Lakshadweep,2019,0.000222716,RA2019_A2.csv,accident_totals,Official Government CSV,https://www.data.gov.in/catalog/road-accidents-india-2019,2019,State/UT
Lakshadweep,2016,1.234567901,RA2019_A2.csv,accident_totals,Official Government CSV,https://www.data.gov.in/catalog/road-accidents-india-2019,2016,State/UT
Lakshadweep,2017,1.219512195,RA2019_A2.csv,accident_totals,Official Government CSV,https://www.data.gov.in/catalog/road-accidents-india-2019,2017,State/UT
Lakshadweep,2018,3.614457831,RA2019_A2.csv,accident_totals,Official Government CSV,https://www.data.gov.in/catalog/road-accidents-india-2019,2018,State/UT
Lakshadweep,2019,1.19047619,RA2019_A2.csv,accident_totals,Official Government CSV,https://www.data.gov.in/catalog/road-accidents-india-2019,2019,State/UT
Lakshadweep,2016,0.624687656,RA2019_A2.csv,accident_totals,Official Government CSV,https://www.data.gov.in/catalog/road-accidents-india-2019,2016,State/UT
Lakshadweep,2017,0.552883286,RA2019_A2.csv,accident_totals,Official Government CSV,https://www.data.gov.in/catalog/road-accidents-india-2019,2017,State/UT
Lakshadweep,2018,1.658649859,RA2019_A2.csv,accident_totals,Official Government CSV,https://www.data.gov.in/catalog/road-accidents-india-2019,2018,State/UT
Lakshadweep,2019,0.552883286,RA2019_A2.csv,accident_totals,Official Government CSV,https://www.data.gov.in/catalog/road-accidents-india-2019,2019,State/UT
Lakshadweep,2016,47.81028877,RA2019_A2.csv,accident_totals,Official Government CSV,https://www.data.gov.in/catalog/road-accidents-india-2019,2016,State/UT
Lakshadweep,2017,47.09650073,RA2019_A2.csv,accident_totals,Official Government CSV,https://www.data.gov.in/catalog/road-accidents-india-2019,2017,State/UT
Lakshadweep,2018,133.9285714,RA2019_A2.csv,accident_totals,Official Government CSV,https://www.data.gov.in/catalog/road-accidents-india-2019,2018,State/UT
Puducherry,2016,1766.0,RA2019_A2.csv,accident_totals,Official Government CSV,https://www.data.gov.in/catalog/road-accidents-india-2019,2016,State/UT
Puducherry,2017,1693.0,RA2019_A2.csv,accident_totals,Official Government CSV,https://www.data.gov.in/catalog/road-accidents-india-2019,2017,State/UT
Puducherry,2018,1597.0,RA2019_A2.csv,accident_totals,Official Government CSV,https://www.data.gov.in/catalog/road-accidents-india-2019,2018,State/UT
Puducherry,2019,1392.0,RA2019_A2.csv,accident_totals,Official Government CSV,https://www.data.gov.in/catalog/road-accidents-india-2019,2019,State/UT
Puducherry,2019,23.0,RA2019_A2.csv,accident_totals,Official Government CSV,https://www.data.gov.in/catalog/road-accidents-india-2019,2019,State/UT
Puducherry,2016,0.367417591,RA2019_A2.csv,accident_totals,Official Government CSV,https://www.data.gov.in/catalog/road-accidents-india-2019,2016,State/UT
Puducherry,2017,0.364156503,RA2019_A2.csv,accident_totals,Official Government CSV,https://www.data.gov.in/catalog/road-accidents-india-2019,2017,State/UT
Puducherry,2018,0.341937805,RA2019_A2.csv,accident_totals,Official Government CSV,https://www.data.gov.in/catalog/road-accidents-india-2019,2018,State/UT
Puducherry,2019,0.310020891,RA2019_A2.csv,accident_totals,Official Government CSV,https://www.data.gov.in/catalog/road-accidents-india-2019,2019,State/UT
Puducherry,2016,105.8118634,RA2019_A2.csv,accident_totals,Official Government CSV,https://www.data.gov.in/catalog/road-accidents-india-2019,2016,State/UT
Puducherry,2017,97.69186382,RA2019_A2.csv,accident_totals,Official Government CSV,https://www.data.gov.in/catalog/road-accidents-india-2019,2017,State/UT
Puducherry,2018,88.82091212,RA2019_A2.csv,accident_totals,Official Government CSV,https://www.data.gov.in/catalog/road-accidents-india-2019,2018,State/UT
Puducherry,2019,74.51820128,RA2019_A2.csv,accident_totals,Official Government CSV,https://www.data.gov.in/catalog/road-accidents-india-2019,2019,State/UT
Puducherry,2016,20.45608024,RA2019_A2.csv,accident_totals,Official Government CSV,https://www.data.gov.in/catalog/road-accidents-india-2019,2016,State/UT
Puducherry,2017,18.19780465,RA2019_A2.csv,accident_totals,Official Government CSV,https://www.data.gov.in/catalog/road-accidents-india-2019,2017,State/UT
Puducherry,2018,16.00423305,RA2019_A2.csv,accident_totals,Official Government CSV,https://www.data.gov.in/catalog/road-accidents-india-2019,2018,State/UT
Puducherry,2019,13.10044901,RA2019_A2.csv,accident_totals,Official Government CSV,https://www.data.gov.in/catalog/road-accidents-india-2019,2019,State/UT
Puducherry,2016,5564.707528,RA2019_A2.csv,accident_totals,Official Government CSV,https://www.data.gov.in/catalog/road-accidents-india-2019,2016,State/UT
Puducherry,2017,5221.785548,RA2019_A2.csv,accident_totals,Official Government CSV,https://www.data.gov.in/catalog/road-accidents-india-2019,2017,State/UT
Puducherry,2018,3720.009317,RA2019_A2.csv,accident_totals,Official Government CSV,https://www.data.gov.in/catalog/road-accidents-india-2019,2018,State/UT
Andhra Pradesh,2003,34826.0,Total_No_Road_Accidents_in_India_2003-11_1.csv,historical_time_series,Official Government CSV,https://www.data.gov.in/catalog/road-accidents-india-2019,2003,State/UT
Andhra Pradesh,2004,38940.0,Total_No_Road_Accidents_in_India_2003-11_1.csv,historical_time_series,Official Government CSV,https://www.data.gov.in/catalog/road-accidents-india-2019,2004,State/UT
Andhra Pradesh,2005,37131.0,Total_No_Road_Accidents_in_India_2003-11_1.csv,historical_time_series,Official Government CSV,https://www.data.gov.in/catalog/road-accidents-india-2019,2005,State/UT
Andhra Pradesh,2006,43559.0,Total_No_Road_Accidents_in_India_2003-11_1.csv,historical_time_series,Official Government CSV,https://www.data.gov.in/catalog/road-accidents-india-2019,2006,State/UT
Andhra Pradesh,2007,44325.0,Total_No_Road_Accidents_in_India_2003-11_1.csv,historical_time_series,Official Government CSV,https://www.data.gov.in/catalog/road-accidents-india-2019,2007,State/UT
Andhra Pradesh,2008,42657.0,Total_No_Road_Accidents_in_India_2003-11_1.csv,historical_time_series,Official Government CSV,https://www.data.gov.in/catalog/road-accidents-india-2019,2008,State/UT
Andhra Pradesh,2009,43600.0,Total_No_Road_Accidents_in_India_2003-11_1.csv,historical_time_series,Official Government CSV,https://www.data.gov.in/catalog/road-accidents-india-2019,2009,State/UT
Andhra Pradesh,2010,44599.0,Total_No_Road_Accidents_in_India_2003-11_1.csv,historical_time_series,Official Government CSV,https://www.data.gov.in/catalog/road-accidents-india-2019,2010,State/UT
Andhra Pradesh,2011,44165.0,Total_No_Road_Accidents_in_India_2003-11_1.csv,historical_time_series,Official Government CSV,https://www.data.gov.in/catalog/road-accidents-india-2019,2011,State/UT
Arunachal Pradesh,2003,245.0,Total_No_Road_Accidents_in_India_2003-11_1.csv,historical_time_series,Official Government CSV,https://www.data.gov.in/catalog/road-accidents-india-2019,2003,State/UT
Arunachal Pradesh,2004,241.0,Total_No_Road_Accidents_in_India_2003-11_1.csv,historical_time_series,Official Government CSV,https://www.data.gov.in/catalog/road-accidents-india-2019,2004,State/UT
Arunachal Pradesh,2005,231.0,Total_No_Road_Accidents_in_India_2003-11_1.csv,historical_time_series,Official Government CSV,https://www.data.gov.in/catalog/road-accidents-india-2019,2005,State/UT
Arunachal Pradesh,2006,250.0,Total_No_Road_Accidents_in_India_2003-11_1.csv,historical_time_series,Official Government CSV,https://www.data.gov.in/catalog/road-accidents-india-2019,2006,State/UT
Arunachal Pradesh,2007,240.0,Total_No_Road_Accidents_in_India_2003-11_1.csv,historical_time_series,Official Government CSV,https://www.data.gov.in/catalog/road-accidents-india-2019,2007,State/UT
Arunachal Pradesh,2008,280.0,Total_No_Road_Accidents_in_India_2003-11_1.csv,historical_time_series,Official Government CSV,https://www.data.gov.in/catalog/road-accidents-india-2019,2008,State/UT
Arunachal Pradesh,2009,306.0,Total_No_Road_Accidents_in_India_2003-11_1.csv,historical_time_series,Official Government CSV,https://www.data.gov.in/catalog/road-accidents-india-2019,2009,State/UT
Arunachal Pradesh,2010,293.0,Total_No_Road_Accidents_in_India_2003-11_1.csv,historical_time_series,Official Government CSV,https://www.data.gov.in/catalog/road-accidents-india-2019,2010,State/UT
Arunachal Pradesh,2011,263.0,Total_No_Road_Accidents_in_India_2003-11_1.csv,historical_time_series,Official Government CSV,https://www.data.gov.in/catalog/road-accidents-india-2019,2011,State/UT
Assam,2003,3262.0,Total_No_Road_Accidents_in_India_2003-11_1.csv,historical_time_series,Official Government CSV,https://www.data.gov.in/catalog/road-accidents-india-2019,2003,State/UT
Assam,2004,3688.0,Total_No_Road_Accidents_in_India_2003-11_1.csv,historical_time_series,Official Government CSV,https://www.data.gov.in/catalog/road-accidents-india-2019,2004,State/UT
Assam,2005,4258.0,Total_No_Road_Accidents_in_India_2003-11_1.csv,historical_time_series,Official Government CSV,https://www.data.gov.in/catalog/road-accidents-india-2019,2005,State/UT
Assam,2006,4694.0,Total_No_Road_Accidents_in_India_2003-11_1.csv,historical_time_series,Official Government CSV,https://www.data.gov.in/catalog/road-accidents-india-2019,2006,State/UT
Assam,2007,4403.0,Total_No_Road_Accidents_in_India_2003-11_1.csv,historical_time_series,Official Government CSV,https://www.data.gov.in/catalog/road-accidents-india-2019,2007,State/UT
Assam,2008,4683.0,Total_No_Road_Accidents_in_India_2003-11_1.csv,historical_time_series,Official Government CSV,https://www.data.gov.in/catalog/road-accidents-india-2019,2008,State/UT
Assam,2009,4869.0,Total_No_Road_Accidents_in_India_2003-11_1.csv,historical_time_series,Official Government CSV,https://www.data.gov.in/catalog/road-accidents-india-2019,2009,State/UT
Assam,2010,5828.0,Total_No_Road_Accidents_in_India_2003-11_1.csv,historical_time_series,Official Government CSV,https://www.data.gov.in/catalog/road-accidents-india-2019,2010,State/UT
Assam,2011,6569.0,Total_No_Road_Accidents_in_India_2003-11_1.csv,historical_time_series,Official Government CSV,https://www.data.gov.in/catalog/road-accidents-india-2019,2011,State/UT
Bihar,2003,6141.0,Total_No_Road_Accidents_in_India_2003-11_1.csv,historical_time_series,Official Government CSV,https://www.data.gov.in/catalog/road-accidents-india-2019,2003,State/UT
Bihar,2004,4027.0,Total_No_Road_Accidents_in_India_2003-11_1.csv,historical_time_series,Official Government CSV,https://www.data.gov.in/catalog/road-accidents-india-2019,2004,State/UT
Bihar,2005,3768.0,Total_No_Road_Accidents_in_India_2003-11_1.csv,historical_time_series,Official Government CSV,https://www.data.gov.in/catalog/road-accidents-india-2019,2005,State/UT
Bihar,2006,5594.0,Total_No_Road_Accidents_in_India_2003-11_1.csv,historical_time_series,Official Government CSV,https://www.data.gov.in/catalog/road-accidents-india-2019,2006,State/UT
Bihar,2007,7774.0,Total_No_Road_Accidents_in_India_2003-11_1.csv,historical_time_series,Official Government CSV,https://www.data.gov.in/catalog/road-accidents-india-2019,2007,State/UT
Bihar,2008,8991.0,Total_No_Road_Accidents_in_India_2003-11_1.csv,historical_time_series,Official Government CSV,https://www.data.gov.in/catalog/road-accidents-india-2019,2008,State/UT
Bihar,2009,10065.0,Total_No_Road_Accidents_in_India_2003-11_1.csv,historical_time_series,Official Government CSV,https://www.data.gov.in/catalog/road-accidents-india-2019,2009,State/UT
Bihar,2010,11033.0,Total_No_Road_Accidents_in_India_2003-11_1.csv,historical_time_series,Official Government CSV,https://www.data.gov.in/catalog/road-accidents-india-2019,2010,State/UT
Bihar,2011,10673.0,Total_No_Road_Accidents_in_India_2003-11_1.csv,historical_time_series,Official Government CSV,https://www.data.gov.in/catalog/road-accidents-india-2019,2011,State/UT
Chhattisgarh,2003,10521.0,Total_No_Road_Accidents_in_India_2003-11_1.csv,historical_time_series,Official Government CSV,https://www.data.gov.in/catalog/road-accidents-india-2019,2003,State/UT
Chhattisgarh,2004,10600.0,Total_No_Road_Accidents_in_India_2003-11_1.csv,historical_time_series,Official Government CSV,https://www.data.gov.in/catalog/road-accidents-india-2019,2004,State/UT
Chhattisgarh,2005,11164.0,Total_No_Road_Accidents_in_India_2003-11_1.csv,historical_time_series,Official Government CSV,https://www.data.gov.in/catalog/road-accidents-india-2019,2005,State/UT
Chhattisgarh,2006,11934.0,Total_No_Road_Accidents_in_India_2003-11_1.csv,historical_time_series,Official Government CSV,https://www.data.gov.in/catalog/road-accidents-india-2019,2006,State/UT
Chhattisgarh,2007,12296.0,Total_No_Road_Accidents_in_India_2003-11_1.csv,historical_time_series,Official Government CSV,https://www.data.gov.in/catalog/road-accidents-india-2019,2007,State/UT
Chhattisgarh,2008,12945.0,Total_No_Road_Accidents_in_India_2003-11_1.csv,historical_time_series,Official Government CSV,https://www.data.gov.in/catalog/road-accidents-india-2019,2008,State/UT
Chhattisgarh,2009,12888.0,Total_No_Road_Accidents_in_India_2003-11_1.csv,historical_time_series,Official Government CSV,https://www.data.gov.in/catalog/road-accidents-india-2019,2009,State/UT
Chhattisgarh,2010,13664.0,Total_No_Road_Accidents_in_India_2003-11_1.csv,historical_time_series,Official Government CSV,https://www.data.gov.in/catalog/road-accidents-india-2019,2010,State/UT
Chhattisgarh,2011,14108.0,Total_No_Road_Accidents_in_India_2003-11_1.csv,historical_time_series,Official Government CSV,https://www.data.gov.in/catalog/road-accidents-india-2019,2011,State/UT
Goa,2003,3244.0,Total_No_Road_Accidents_in_India_2003-11_1.csv,historical_time_series,Official Government CSV,https://www.data.gov.in/catalog/road-accidents-india-2019,2003,State/UT
Goa,2004,3525.0,Total_No_Road_Accidents_in_India_2003-11_1.csv,historical_time_series,Official Government CSV,https://www.data.gov.in/catalog/road-accidents-india-2019,2004,State/UT
Goa,2005,3577.0,Total_No_Road_Accidents_in_India_2003-11_1.csv,historical_time_series,Official Government CSV,https://www.data.gov.in/catalog/road-accidents-india-2019,2005,State/UT
Goa,2006,3707.0,Total_No_Road_Accidents_in_India_2003-11_1.csv,historical_time_series,Official Government CSV,https://www.data.gov.in/catalog/road-accidents-india-2019,2006,State/UT
Goa,2007,4020.0,Total_No_Road_Accidents_in_India_2003-11_1.csv,historical_time_series,Official Government CSV,https://www.data.gov.in/catalog/road-accidents-india-2019,2007,State/UT
Goa,2008,4178.0,Total_No_Road_Accidents_in_India_2003-11_1.csv,historical_time_series,Official Government CSV,https://www.data.gov.in/catalog/road-accidents-india-2019,2008,State/UT
Goa,2009,4165.0,Total_No_Road_Accidents_in_India_2003-11_1.csv,historical_time_series,Official Government CSV,https://www.data.gov.in/catalog/road-accidents-india-2019,2009,State/UT
Goa,2010,4572.0,Total_No_Road_Accidents_in_India_2003-11_1.csv,historical_time_series,Official Government CSV,https://www.data.gov.in/catalog/road-accidents-india-2019,2010,State/UT
Goa,2011,4560.0,Total_No_Road_Accidents_in_India_2003-11_1.csv,historical_time_series,Official Government CSV,https://www.data.gov.in/catalog/road-accidents-india-2019,2011,State/UT
Gujarat,2003,30604.0,Total_No_Road_Accidents_in_India_2003-11_1.csv,historical_time_series,Official Government CSV,https://www.data.gov.in/catalog/road-accidents-india-2019,2003,State/UT
Gujarat,2004,30630.0,Total_No_Road_Accidents_in_India_2003-11_1.csv,historical_time_series,Official Government CSV,https://www.data.gov.in/catalog/road-accidents-india-2019,2004,State/UT
Gujarat,2005,30515.0,Total_No_Road_Accidents_in_India_2003-11_1.csv,historical_time_series,Official Government CSV,https://www.data.gov.in/catalog/road-accidents-india-2019,2005,State/UT
Gujarat,2006,31547.0,Total_No_Road_Accidents_in_India_2003-11_1.csv,historical_time_series,Official Government CSV,https://www.data.gov.in/catalog/road-accidents-india-2019,2006,State/UT
Gujarat,2007,33623.0,Total_No_Road_Accidents_in_India_2003-11_1.csv,historical_time_series,Official Government CSV,https://www.data.gov.in/catalog/road-accidents-india-2019,2007,State/UT
Gujarat,2008,33671.0,Total_No_Road_Accidents_in_India_2003-11_1.csv,historical_time_series,Official Government CSV,https://www.data.gov.in/catalog/road-accidents-india-2019,2008,State/UT
Gujarat,2009,31034.0,Total_No_Road_Accidents_in_India_2003-11_1.csv,historical_time_series,Official Government CSV,https://www.data.gov.in/catalog/road-accidents-india-2019,2009,State/UT
Gujarat,2010,30114.0,Total_No_Road_Accidents_in_India_2003-11_1.csv,historical_time_series,Official Government CSV,https://www.data.gov.in/catalog/road-accidents-india-2019,2010,State/UT
Gujarat,2011,30205.0,Total_No_Road_Accidents_in_India_2003-11_1.csv,historical_time_series,Official Government CSV,https://www.data.gov.in/catalog/road-accidents-india-2019,2011,State/UT
Haryana,2003,8690.0,Total_No_Road_Accidents_in_India_2003-11_1.csv,historical_time_series,Official Government CSV,https://www.data.gov.in/catalog/road-accidents-india-2019,2003,State/UT
Haryana,2004,9321.0,Total_No_Road_Accidents_in_India_2003-11_1.csv,historical_time_series,Official Government CSV,https://www.data.gov.in/catalog/road-accidents-india-2019,2004,State/UT
Haryana,2005,9298.0,Total_No_Road_Accidents_in_India_2003-11_1.csv,historical_time_series,Official Government CSV,https://www.data.gov.in/catalog/road-accidents-india-2019,2005,State/UT
Haryana,2006,10314.0,Total_No_Road_Accidents_in_India_2003-11_1.csv,historical_time_series,Official Government CSV,https://www.data.gov.in/catalog/road-accidents-india-2019,2006,State/UT
Haryana,2007,11998.0,Total_No_Road_Accidents_in_India_2003-11_1.csv,historical_time_series,Official Government CSV,https://www.data.gov.in/catalog/road-accidents-india-2019,2007,State/UT
Haryana,2008,11596.0,Total_No_Road_Accidents_in_India_2003-11_1.csv,historical_time_series,Official Government CSV,https://www.data.gov.in/catalog/road-accidents-india-2019,2008,State/UT
Haryana,2009,11915.0,Total_No_Road_Accidents_in_India_2003-11_1.csv,historical_time_series,Official Government CSV,https://www.data.gov.in/catalog/road-accidents-india-2019,2009,State/UT
Haryana,2010,11195.0,Total_No_Road_Accidents_in_India_2003-11_1.csv,historical_time_series,Official Government CSV,https://www.data.gov.in/catalog/road-accidents-india-2019,2010,State/UT
Haryana,2011,11128.0,Total_No_Road_Accidents_in_India_2003-11_1.csv,historical_time_series,Official Government CSV,https://www.data.gov.in/catalog/road-accidents-india-2019,2011,State/UT
Himachal Pradesh,2003,2680.0,Total_No_Road_Accidents_in_India_2003-11_1.csv,historical_time_series,Official Government CSV,https://www.data.gov.in/catalog/road-accidents-india-2019,2003,State/UT
Himachal Pradesh,2004,2808.0,Total_No_Road_Accidents_in_India_2003-11_1.csv,historical_time_series,Official Government CSV,https://www.data.gov.in/catalog/road-accidents-india-2019,2004,State/UT
Himachal Pradesh,2005,2797.0,Total_No_Road_Accidents_in_India_2003-11_1.csv,historical_time_series,Official Government CSV,https://www.data.gov.in/catalog/road-accidents-india-2019,2005,State/UT
Himachal Pradesh,2006,2727.0,Total_No_Road_Accidents_in_India_2003-11_1.csv,historical_time_series,Official Government CSV,https://www.data.gov.in/catalog/road-accidents-india-2019,2006,State/UT
Himachal Pradesh,2007,2955.0,Total_No_Road_Accidents_in_India_2003-11_1.csv,historical_time_series,Official Government CSV,https://www.data.gov.in/catalog/road-accidents-india-2019,2007,State/UT
Himachal Pradesh,2008,2756.0,Total_No_Road_Accidents_in_India_2003-11_1.csv,historical_time_series,Official Government CSV,https://www.data.gov.in/catalog/road-accidents-india-2019,2008,State/UT
Himachal Pradesh,2009,3051.0,Total_No_Road_Accidents_in_India_2003-11_1.csv,historical_time_series,Official Government CSV,https://www.data.gov.in/catalog/road-accidents-india-2019,2009,State/UT
Himachal Pradesh,2010,3069.0,Total_No_Road_Accidents_in_India_2003-11_1.csv,historical_time_series,Official Government CSV,https://www.data.gov.in/catalog/road-accidents-india-2019,2010,State/UT
Himachal Pradesh,2011,3099.0,Total_No_Road_Accidents_in_India_2003-11_1.csv,historical_time_series,Official Government CSV,https://www.data.gov.in/catalog/road-accidents-india-2019,2011,State/UT
Jammu & Kashmir,2003,5904.0,Total_No_Road_Accidents_in_India_2003-11_1.csv,historical_time_series,Official Government CSV,https://www.data.gov.in/catalog/road-accidents-india-2019,2003,State/UT
Jammu & Kashmir,2004,6257.0,Total_No_Road_Accidents_in_India_2003-11_1.csv,historical_time_series,Official Government CSV,https://www.data.gov.in/catalog/road-accidents-india-2019,2004,State/UT
Jammu & Kashmir,2005,5664.0,Total_No_Road_Accidents_in_India_2003-11_1.csv,historical_time_series,Official Government CSV,https://www.data.gov.in/catalog/road-accidents-india-2019,2005,State/UT
Jammu & Kashmir,2006,5593.0,Total_No_Road_Accidents_in_India_2003-11_1.csv,historical_time_series,Official Government CSV,https://www.data.gov.in/catalog/road-accidents-india-2019,2006,State/UT
Jammu & Kashmir,2007,5864.0,Total_No_Road_Accidents_in_India_2003-11_1.csv,historical_time_series,Official Government CSV,https://www.data.gov.in/catalog/road-accidents-india-2019,2007,State/UT
Jammu & Kashmir,2008,5326.0,Total_No_Road_Accidents_in_India_2003-11_1.csv,historical_time_series,Official Government CSV,https://www.data.gov.in/catalog/road-accidents-india-2019,2008,State/UT
Jammu & Kashmir,2009,5945.0,Total_No_Road_Accidents_in_India_2003-11_1.csv,historical_time_series,Official Government CSV,https://www.data.gov.in/catalog/road-accidents-india-2019,2009,State/UT
Jammu & Kashmir,2010,6134.0,Total_No_Road_Accidents_in_India_2003-11_1.csv,historical_time_series,Official Government CSV,https://www.data.gov.in/catalog/road-accidents-india-2019,2010,State/UT
Jammu & Kashmir,2011,6655.0,Total_No_Road_Accidents_in_India_2003-11_1.csv,historical_time_series,Official Government CSV,https://www.data.gov.in/catalog/road-accidents-india-2019,2011,State/UT
Jharkhand,2003,4211.0,Total_No_Road_Accidents_in_India_2003-11_1.csv,historical_time_series,Official Government CSV,https://www.data.gov.in/catalog/road-accidents-india-2019,2003,State/UT
Jharkhand,2004,4614.0,Total_No_Road_Accidents_in_India_2003-11_1.csv,historical_time_series,Official Government CSV,https://www.data.gov.in/catalog/road-accidents-india-2019,2004,State/UT
Jharkhand,2005,5013.0,Total_No_Road_Accidents_in_India_2003-11_1.csv,historical_time_series,Official Government CSV,https://www.data.gov.in/catalog/road-accidents-india-2019,2005,State/UT
Jharkhand,2006,4980.0,Total_No_Road_Accidents_in_India_2003-11_1.csv,historical_time_series,Official Government CSV,https://www.data.gov.in/catalog/road-accidents-india-2019,2006,State/UT
Jharkhand,2007,5285.0,Total_No_Road_Accidents_in_India_2003-11_1.csv,historical_time_series,Official Government CSV,https://www.data.gov.in/catalog/road-accidents-india-2019,2007,State/UT
Jharkhand,2008,4985.0,Total_No_Road_Accidents_in_India_2003-11_1.csv,historical_time_series,Official Government CSV,https://www.data.gov.in/catalog/road-accidents-india-2019,2008,State/UT
Jharkhand,2009,4996.0,Total_No_Road_Accidents_in_India_2003-11_1.csv,historical_time_series,Official Government CSV,https://www.data.gov.in/catalog/road-accidents-india-2019,2009,State/UT
Jharkhand,2010,5521.0,Total_No_Road_Accidents_in_India_2003-11_1.csv,historical_time_series,Official Government CSV,https://www.data.gov.in/catalog/road-accidents-india-2019,2010,State/UT
Jharkhand,2011,5451.0,Total_No_Road_Accidents_in_India_2003-11_1.csv,historical_time_series,Official Government CSV,https://www.data.gov.in/catalog/road-accidents-india-2019,2011,State/UT
Karnataka,2003,37658.0,Total_No_Road_Accidents_in_India_2003-11_1.csv,historical_time_series,Official Government CSV,https://www.data.gov.in/catalog/road-accidents-india-2019,2003,State/UT
Karnataka,2004,38869.0,Total_No_Road_Accidents_in_India_2003-11_1.csv,historical_time_series,Official Government CSV,https://www.data.gov.in/catalog/road-accidents-india-2019,2004,State/UT
Karnataka,2005,40330.0,Total_No_Road_Accidents_in_India_2003-11_1.csv,historical_time_series,Official Government CSV,https://www.data.gov.in/catalog/road-accidents-india-2019,2005,State/UT
Karnataka,2006,43411.0,Total_No_Road_Accidents_in_India_2003-11_1.csv,historical_time_series,Official Government CSV,https://www.data.gov.in/catalog/road-accidents-india-2019,2006,State/UT
Karnataka,2007,46363.0,Total_No_Road_Accidents_in_India_2003-11_1.csv,historical_time_series,Official Government CSV,https://www.data.gov.in/catalog/road-accidents-india-2019,2007,State/UT
Karnataka,2008,46279.0,Total_No_Road_Accidents_in_India_2003-11_1.csv,historical_time_series,Official Government CSV,https://www.data.gov.in/catalog/road-accidents-india-2019,2008,State/UT
Karnataka,2009,45190.0,Total_No_Road_Accidents_in_India_2003-11_1.csv,historical_time_series,Official Government CSV,https://www.data.gov.in/catalog/road-accidents-india-2019,2009,State/UT
Karnataka,2010,46250.0,Total_No_Road_Accidents_in_India_2003-11_1.csv,historical_time_series,Official Government CSV,https://www.data.gov.in/catalog/road-accidents-india-2019,2010,State/UT
Karnataka,2011,44731.0,Total_No_Road_Accidents_in_India_2003-11_1.csv,historical_time_series,Official Government CSV,https://www.data.gov.in/catalog/road-accidents-india-2019,2011,State/UT
Kerala,2003,39496.0,Total_No_Road_Accidents_in_India_2003-11_1.csv,historical_time_series,Official Government CSV,https://www.data.gov.in/catalog/road-accidents-india-2019,2003,State/UT
Kerala,2004,41219.0,Total_No_Road_Accidents_in_India_2003-11_1.csv,historical_time_series,Official Government CSV,https://www.data.gov.in/catalog/road-accidents-india-2019,2004,State/UT
Kerala,2005,42295.0,Total_No_Road_Accidents_in_India_2003-11_1.csv,historical_time_series,Official Government CSV,https://www.data.gov.in/catalog/road-accidents-india-2019,2005,State/UT
Kerala,2006,41728.0,Total_No_Road_Accidents_in_India_2003-11_1.csv,historical_time_series,Official Government CSV,https://www.data.gov.in/catalog/road-accidents-india-2019,2006,State/UT
Kerala,2007,39917.0,Total_No_Road_Accidents_in_India_2003-11_1.csv,historical_time_series,Official Government CSV,https://www.data.gov.in/catalog/road-accidents-india-2019,2007,State/UT
Kerala,2008,37263.0,Total_No_Road_Accidents_in_India_2003-11_1.csv,historical_time_series,Official Government CSV,https://www.data.gov.in/catalog/road-accidents-india-2019,2008,State/UT
Kerala,2009,35433.0,Total_No_Road_Accidents_in_India_2003-11_1.csv,historical_time_series,Official Government CSV,https://www.data.gov.in/catalog/road-accidents-india-2019,2009,State/UT
Kerala,2010,35082.0,Total_No_Road_Accidents_in_India_2003-11_1.csv,historical_time_series,Official Government CSV,https://www.data.gov.in/catalog/road-accidents-india-2019,2010,State/UT
Kerala,2011,35216.0,Total_No_Road_Accidents_in_India_2003-11_1.csv,historical_time_series,Official Government CSV,https://www.data.gov.in/catalog/road-accidents-india-2019,2011,State/UT
Madhya Pradesh,2003,30164.0,Total_No_Road_Accidents_in_India_2003-11_1.csv,historical_time_series,Official Government CSV,https://www.data.gov.in/catalog/road-accidents-india-2019,2003,State/UT
Madhya Pradesh,2004,32445.0,Total_No_Road_Accidents_in_India_2003-11_1.csv,historical_time_series,Official Government CSV,https://www.data.gov.in/catalog/road-accidents-india-2019,2004,State/UT
Madhya Pradesh,2005,35123.0,Total_No_Road_Accidents_in_India_2003-11_1.csv,historical_time_series,Official Government CSV,https://www.data.gov.in/catalog/road-accidents-india-2019,2005,State/UT
Madhya Pradesh,2006,38041.0,Total_No_Road_Accidents_in_India_2003-11_1.csv,historical_time_series,Official Government CSV,https://www.data.gov.in/catalog/road-accidents-india-2019,2006,State/UT
Madhya Pradesh,2007,41981.0,Total_No_Road_Accidents_in_India_2003-11_1.csv,historical_time_series,Official Government CSV,https://www.data.gov.in/catalog/road-accidents-india-2019,2007,State/UT
Madhya Pradesh,2008,43852.0,Total_No_Road_Accidents_in_India_2003-11_1.csv,historical_time_series,Official Government CSV,https://www.data.gov.in/catalog/road-accidents-india-2019,2008,State/UT
Madhya Pradesh,2009,47267.0,Total_No_Road_Accidents_in_India_2003-11_1.csv,historical_time_series,Official Government CSV,https://www.data.gov.in/catalog/road-accidents-india-2019,2009,State/UT
Madhya Pradesh,2010,50023.0,Total_No_Road_Accidents_in_India_2003-11_1.csv,historical_time_series,Official Government CSV,https://www.data.gov.in/catalog/road-accidents-india-2019,2010,State/UT
Madhya Pradesh,2011,49406.0,Total_No_Road_Accidents_in_India_2003-11_1.csv,historical_time_series,Official Government CSV,https://www.data.gov.in/catalog/road-accidents-india-2019,2011,State/UT
Maharashtra,2003,65686.0,Total_No_Road_Accidents_in_India_2003-11_1.csv,historical_time_series,Official Government CSV,https://www.data.gov.in/catalog/road-accidents-india-2019,2003,State/UT
Maharashtra,2004,67720.0,Total_No_Road_Accidents_in_India_2003-11_1.csv,historical_time_series,Official Government CSV,https://www.data.gov.in/catalog/road-accidents-india-2019,2004,State/UT
Maharashtra,2005,72408.0,Total_No_Road_Accidents_in_India_2003-11_1.csv,historical_time_series,Official Government CSV,https://www.data.gov.in/catalog/road-accidents-india-2019,2005,State/UT
Maharashtra,2006,75413.0,Total_No_Road_Accidents_in_India_2003-11_1.csv,historical_time_series,Official Government CSV,https://www.data.gov.in/catalog/road-accidents-india-2019,2006,State/UT
Maharashtra,2007,73661.0,Total_No_Road_Accidents_in_India_2003-11_1.csv,historical_time_series,Official Government CSV,https://www.data.gov.in/catalog/road-accidents-india-2019,2007,State/UT
Maharashtra,2008,75527.0,Total_No_Road_Accidents_in_India_2003-11_1.csv,historical_time_series,Official Government CSV,https://www.data.gov.in/catalog/road-accidents-india-2019,2008,State/UT
Maharashtra,2009,71996.0,Total_No_Road_Accidents_in_India_2003-11_1.csv,historical_time_series,Official Government CSV,https://www.data.gov.in/catalog/road-accidents-india-2019,2009,State/UT
Maharashtra,2010,71289.0,Total_No_Road_Accidents_in_India_2003-11_1.csv,historical_time_series,Official Government CSV,https://www.data.gov.in/catalog/road-accidents-india-2019,2010,State/UT
Maharashtra,2011,68438.0,Total_No_Road_Accidents_in_India_2003-11_1.csv,historical_time_series,Official Government CSV,https://www.data.gov.in/catalog/road-accidents-india-2019,2011,State/UT
Manipur,2003,523.0,Total_No_Road_Accidents_in_India_2003-11_1.csv,historical_time_series,Official Government CSV,https://www.data.gov.in/catalog/road-accidents-india-2019,2003,State/UT
Manipur,2004,468.0,Total_No_Road_Accidents_in_India_2003-11_1.csv,historical_time_series,Official Government CSV,https://www.data.gov.in/catalog/road-accidents-india-2019,2004,State/UT
Manipur,2005,600.0,Total_No_Road_Accidents_in_India_2003-11_1.csv,historical_time_series,Official Government CSV,https://www.data.gov.in/catalog/road-accidents-india-2019,2005,State/UT
Manipur,2006,521.0,Total_No_Road_Accidents_in_India_2003-11_1.csv,historical_time_series,Official Government CSV,https://www.data.gov.in/catalog/road-accidents-india-2019,2006,State/UT
Manipur,2007,538.0,Total_No_Road_Accidents_in_India_2003-11_1.csv,historical_time_series,Official Government CSV,https://www.data.gov.in/catalog/road-accidents-india-2019,2007,State/UT
Manipur,2008,573.0,Total_No_Road_Accidents_in_India_2003-11_1.csv,historical_time_series,Official Government CSV,https://www.data.gov.in/catalog/road-accidents-india-2019,2008,State/UT
Manipur,2009,578.0,Total_No_Road_Accidents_in_India_2003-11_1.csv,historical_time_series,Official Government CSV,https://www.data.gov.in/catalog/road-accidents-india-2019,2009,State/UT
Manipur,2010,602.0,Total_No_Road_Accidents_in_India_2003-11_1.csv,historical_time_series,Official Government CSV,https://www.data.gov.in/catalog/road-accidents-india-2019,2010,State/UT
Manipur,2011,692.0,Total_No_Road_Accidents_in_India_2003-11_1.csv,historical_time_series,Official Government CSV,https://www.data.gov.in/catalog/road-accidents-india-2019,2011,State/UT
Meghalaya,2003,617.0,Total_No_Road_Accidents_in_India_2003-11_1.csv,historical_time_series,Official Government CSV,https://www.data.gov.in/catalog/road-accidents-india-2019,2003,State/UT
Meghalaya,2004,433.0,Total_No_Road_Accidents_in_India_2003-11_1.csv,historical_time_series,Official Government CSV,https://www.data.gov.in/catalog/road-accidents-india-2019,2004,State/UT
Meghalaya,2005,428.0,Total_No_Road_Accidents_in_India_2003-11_1.csv,historical_time_series,Official Government CSV,https://www.data.gov.in/catalog/road-accidents-india-2019,2005,State/UT
Meghalaya,2006,435.0,Total_No_Road_Accidents_in_India_2003-11_1.csv,historical_time_series,Official Government CSV,https://www.data.gov.in/catalog/road-accidents-india-2019,2006,State/UT
Meghalaya,2007,300.0,Total_No_Road_Accidents_in_India_2003-11_1.csv,historical_time_series,Official Government CSV,https://www.data.gov.in/catalog/road-accidents-india-2019,2007,State/UT
Meghalaya,2008,294.0,Total_No_Road_Accidents_in_India_2003-11_1.csv,historical_time_series,Official Government CSV,https://www.data.gov.in/catalog/road-accidents-india-2019,2008,State/UT
Meghalaya,2009,398.0,Total_No_Road_Accidents_in_India_2003-11_1.csv,historical_time_series,Official Government CSV,https://www.data.gov.in/catalog/road-accidents-india-2019,2009,State/UT
Meghalaya,2010,474.0,Total_No_Road_Accidents_in_India_2003-11_1.csv,historical_time_series,Official Government CSV,https://www.data.gov.in/catalog/road-accidents-india-2019,2010,State/UT
Meghalaya,2011,599.0,Total_No_Road_Accidents_in_India_2003-11_1.csv,historical_time_series,Official Government CSV,https://www.data.gov.in/catalog/road-accidents-india-2019,2011,State/UT
Mizoram,2003,122.0,Total_No_Road_Accidents_in_India_2003-11_1.csv,historical_time_series,Official Government CSV,https://www.data.gov.in/catalog/road-accidents-india-2019,2003,State/UT
Mizoram,2004,83.0,Total_No_Road_Accidents_in_India_2003-11_1.csv,historical_time_series,Official Government CSV,https://www.data.gov.in/catalog/road-accidents-india-2019,2004,State/UT
Mizoram,2005,96.0,Total_No_Road_Accidents_in_India_2003-11_1.csv,historical_time_series,Official Government CSV,https://www.data.gov.in/catalog/road-accidents-india-2019,2005,State/UT
Mizoram,2006,95.0,Total_No_Road_Accidents_in_India_2003-11_1.csv,historical_time_series,Official Government CSV,https://www.data.gov.in/catalog/road-accidents-india-2019,2006,State/UT
Mizoram,2007,77.0,Total_No_Road_Accidents_in_India_2003-11_1.csv,historical_time_series,Official Government CSV,https://www.data.gov.in/catalog/road-accidents-india-2019,2007,State/UT
Mizoram,2008,110.0,Total_No_Road_Accidents_in_India_2003-11_1.csv,historical_time_series,Official Government CSV,https://www.data.gov.in/catalog/road-accidents-india-2019,2008,State/UT
Mizoram,2009,86.0,Total_No_Road_Accidents_in_India_2003-11_1.csv,historical_time_series,Official Government CSV,https://www.data.gov.in/catalog/road-accidents-india-2019,2009,State/UT
Mizoram,2010,125.0,Total_No_Road_Accidents_in_India_2003-11_1.csv,historical_time_series,Official Government CSV,https://www.data.gov.in/catalog/road-accidents-india-2019,2010,State/UT
Mizoram,2011,97.0,Total_No_Road_Accidents_in_India_2003-11_1.csv,historical_time_series,Official Government CSV,https://www.data.gov.in/catalog/road-accidents-india-2019,2011,State/UT
Nagaland,2003,101.0,Total_No_Road_Accidents_in_India_2003-11_1.csv,historical_time_series,Official Government CSV,https://www.data.gov.in/catalog/road-accidents-india-2019,2003,State/UT
Nagaland,2004,140.0,Total_No_Road_Accidents_in_India_2003-11_1.csv,historical_time_series,Official Government CSV,https://www.data.gov.in/catalog/road-accidents-india-2019,2004,State/UT
Nagaland,2005,226.0,Total_No_Road_Accidents_in_India_2003-11_1.csv,historical_time_series,Official Government CSV,https://www.data.gov.in/catalog/road-accidents-india-2019,2005,State/UT
Nagaland,2006,194.0,Total_No_Road_Accidents_in_India_2003-11_1.csv,historical_time_series,Official Government CSV,https://www.data.gov.in/catalog/road-accidents-india-2019,2006,State/UT
Nagaland,2007,239.0,Total_No_Road_Accidents_in_India_2003-11_1.csv,historical_time_series,Official Government CSV,https://www.data.gov.in/catalog/road-accidents-india-2019,2007,State/UT
Nagaland,2008,76.0,Total_No_Road_Accidents_in_India_2003-11_1.csv,historical_time_series,Official Government CSV,https://www.data.gov.in/catalog/road-accidents-india-2019,2008,State/UT
Nagaland,2009,63.0,Total_No_Road_Accidents_in_India_2003-11_1.csv,historical_time_series,Official Government CSV,https://www.data.gov.in/catalog/road-accidents-india-2019,2009,State/UT
Nagaland,2010,35.0,Total_No_Road_Accidents_in_India_2003-11_1.csv,historical_time_series,Official Government CSV,https://www.data.gov.in/catalog/road-accidents-india-2019,2010,State/UT
Nagaland,2011,39.0,Total_No_Road_Accidents_in_India_2003-11_1.csv,historical_time_series,Official Government CSV,https://www.data.gov.in/catalog/road-accidents-india-2019,2011,State/UT
Odisha,2003,6668.0,Total_No_Road_Accidents_in_India_2003-11_1.csv,historical_time_series,Official Government CSV,https://www.data.gov.in/catalog/road-accidents-india-2019,2003,State/UT
Odisha,2004,7278.0,Total_No_Road_Accidents_in_India_2003-11_1.csv,historical_time_series,Official Government CSV,https://www.data.gov.in/catalog/road-accidents-india-2019,2004,State/UT
Odisha,2005,7593.0,Total_No_Road_Accidents_in_India_2003-11_1.csv,historical_time_series,Official Government CSV,https://www.data.gov.in/catalog/road-accidents-india-2019,2005,State/UT
Odisha,2006,7729.0,Total_No_Road_Accidents_in_India_2003-11_1.csv,historical_time_series,Official Government CSV,https://www.data.gov.in/catalog/road-accidents-india-2019,2006,State/UT
Odisha,2007,8213.0,Total_No_Road_Accidents_in_India_2003-11_1.csv,historical_time_series,Official Government CSV,https://www.data.gov.in/catalog/road-accidents-india-2019,2007,State/UT
Odisha,2008,8181.0,Total_No_Road_Accidents_in_India_2003-11_1.csv,historical_time_series,Official Government CSV,https://www.data.gov.in/catalog/road-accidents-india-2019,2008,State/UT
Odisha,2009,8887.0,Total_No_Road_Accidents_in_India_2003-11_1.csv,historical_time_series,Official Government CSV,https://www.data.gov.in/catalog/road-accidents-india-2019,2009,State/UT
Odisha,2010,9413.0,Total_No_Road_Accidents_in_India_2003-11_1.csv,historical_time_series,Official Government CSV,https://www.data.gov.in/catalog/road-accidents-india-2019,2010,State/UT
Odisha,2011,9398.0,Total_No_Road_Accidents_in_India_2003-11_1.csv,historical_time_series,Official Government CSV,https://www.data.gov.in/catalog/road-accidents-india-2019,2011,State/UT
Punjab,2003,4429.0,Total_No_Road_Accidents_in_India_2003-11_1.csv,historical_time_series,Official Government CSV,https://www.data.gov.in/catalog/road-accidents-india-2019,2003,State/UT
Punjab,2004,4346.0,Total_No_Road_Accidents_in_India_2003-11_1.csv,historical_time_series,Official Government CSV,https://www.data.gov.in/catalog/road-accidents-india-2019,2004,State/UT
Punjab,2005,4599.0,Total_No_Road_Accidents_in_India_2003-11_1.csv,historical_time_series,Official Government CSV,https://www.data.gov.in/catalog/road-accidents-india-2019,2005,State/UT
Punjab,2006,4927.0,Total_No_Road_Accidents_in_India_2003-11_1.csv,historical_time_series,Official Government CSV,https://www.data.gov.in/catalog/road-accidents-india-2019,2006,State/UT
Punjab,2007,5208.0,Total_No_Road_Accidents_in_India_2003-11_1.csv,historical_time_series,Official Government CSV,https://www.data.gov.in/catalog/road-accidents-india-2019,2007,State/UT
Punjab,2008,5115.0,Total_No_Road_Accidents_in_India_2003-11_1.csv,historical_time_series,Official Government CSV,https://www.data.gov.in/catalog/road-accidents-india-2019,2008,State/UT
Punjab,2009,5570.0,Total_No_Road_Accidents_in_India_2003-11_1.csv,historical_time_series,Official Government CSV,https://www.data.gov.in/catalog/road-accidents-india-2019,2009,State/UT
Punjab,2010,5507.0,Total_No_Road_Accidents_in_India_2003-11_1.csv,historical_time_series,Official Government CSV,https://www.data.gov.in/catalog/road-accidents-india-2019,2010,State/UT
Punjab,2011,6513.0,Total_No_Road_Accidents_in_India_2003-11_1.csv,historical_time_series,Official Government CSV,https://www.data.gov.in/catalog/road-accidents-india-2019,2011,State/UT
Rajasthan,2003,21933.0,Total_No_Road_Accidents_in_India_2003-11_1.csv,historical_time_series,Official Government CSV,https://www.data.gov.in/catalog/road-accidents-india-2019,2003,State/UT
Rajasthan,2004,23243.0,Total_No_Road_Accidents_in_India_2003-11_1.csv,historical_time_series,Official Government CSV,https://www.data.gov.in/catalog/road-accidents-india-2019,2004,State/UT
Rajasthan,2005,23115.0,Total_No_Road_Accidents_in_India_2003-11_1.csv,historical_time_series,Official Government CSV,https://www.data.gov.in/catalog/road-accidents-india-2019,2005,State/UT
Rajasthan,2006,23348.0,Total_No_Road_Accidents_in_India_2003-11_1.csv,historical_time_series,Official Government CSV,https://www.data.gov.in/catalog/road-accidents-india-2019,2006,State/UT
Rajasthan,2007,23885.0,Total_No_Road_Accidents_in_India_2003-11_1.csv,historical_time_series,Official Government CSV,https://www.data.gov.in/catalog/road-accidents-india-2019,2007,State/UT
Rajasthan,2008,23704.0,Total_No_Road_Accidents_in_India_2003-11_1.csv,historical_time_series,Official Government CSV,https://www.data.gov.in/catalog/road-accidents-india-2019,2008,State/UT
Rajasthan,2009,25114.0,Total_No_Road_Accidents_in_India_2003-11_1.csv,historical_time_series,Official Government CSV,https://www.data.gov.in/catalog/road-accidents-india-2019,2009,State/UT
Rajasthan,2010,24302.0,Total_No_Road_Accidents_in_India_2003-11_1.csv,historical_time_series,Official Government CSV,https://www.data.gov.in/catalog/road-accidents-india-2019,2010,State/UT
Rajasthan,2011,23245.0,Total_No_Road_Accidents_in_India_2003-11_1.csv,historical_time_series,Official Government CSV,https://www.data.gov.in/catalog/road-accidents-india-2019,2011,State/UT
Sikkim,2003,131.0,Total_No_Road_Accidents_in_India_2003-11_1.csv,historical_time_series,Official Government CSV,https://www.data.gov.in/catalog/road-accidents-india-2019,2003,State/UT
Sikkim,2004,159.0,Total_No_Road_Accidents_in_India_2003-11_1.csv,historical_time_series,Official Government CSV,https://www.data.gov.in/catalog/road-accidents-india-2019,2004,State/UT
Sikkim,2005,189.0,Total_No_Road_Accidents_in_India_2003-11_1.csv,historical_time_series,Official Government CSV,https://www.data.gov.in/catalog/road-accidents-india-2019,2005,State/UT
Sikkim,2006,188.0,Total_No_Road_Accidents_in_India_2003-11_1.csv,historical_time_series,Official Government CSV,https://www.data.gov.in/catalog/road-accidents-india-2019,2006,State/UT
Sikkim,2007,150.0,Total_No_Road_Accidents_in_India_2003-11_1.csv,historical_time_series,Official Government CSV,https://www.data.gov.in/catalog/road-accidents-india-2019,2007,State/UT
Sikkim,2008,196.0,Total_No_Road_Accidents_in_India_2003-11_1.csv,historical_time_series,Official Government CSV,https://www.data.gov.in/catalog/road-accidents-india-2019,2008,State/UT
Sikkim,2009,564.0,Total_No_Road_Accidents_in_India_2003-11_1.csv,historical_time_series,Official Government CSV,https://www.data.gov.in/catalog/road-accidents-india-2019,2009,State/UT
Sikkim,2010,186.0,Total_No_Road_Accidents_in_India_2003-11_1.csv,historical_time_series,Official Government CSV,https://www.data.gov.in/catalog/road-accidents-india-2019,2010,State/UT
Sikkim,2011,406.0,Total_No_Road_Accidents_in_India_2003-11_1.csv,historical_time_series,Official Government CSV,https://www.data.gov.in/catalog/road-accidents-india-2019,2011,State/UT
Tamil Nadu,2003,51025.0,Total_No_Road_Accidents_in_India_2003-11_1.csv,historical_time_series,Official Government CSV,https://www.data.gov.in/catalog/road-accidents-india-2019,2003,State/UT
Tamil Nadu,2004,52508.0,Total_No_Road_Accidents_in_India_2003-11_1.csv,historical_time_series,Official Government CSV,https://www.data.gov.in/catalog/road-accidents-india-2019,2004,State/UT
Tamil Nadu,2005,53866.0,Total_No_Road_Accidents_in_India_2003-11_1.csv,historical_time_series,Official Government CSV,https://www.data.gov.in/catalog/road-accidents-india-2019,2005,State/UT
Tamil Nadu,2006,55145.0,Total_No_Road_Accidents_in_India_2003-11_1.csv,historical_time_series,Official Government CSV,https://www.data.gov.in/catalog/road-accidents-india-2019,2006,State/UT
Tamil Nadu,2007,59140.0,Total_No_Road_Accidents_in_India_2003-11_1.csv,historical_time_series,Official Government CSV,https://www.data.gov.in/catalog/road-accidents-india-2019,2007,State/UT
Tamil Nadu,2008,60409.0,Total_No_Road_Accidents_in_India_2003-11_1.csv,historical_time_series,Official Government CSV,https://www.data.gov.in/catalog/road-accidents-india-2019,2008,State/UT
Tamil Nadu,2009,60794.0,Total_No_Road_Accidents_in_India_2003-11_1.csv,historical_time_series,Official Government CSV,https://www.data.gov.in/catalog/road-accidents-india-2019,2009,State/UT
Tamil Nadu,2010,64996.0,Total_No_Road_Accidents_in_India_2003-11_1.csv,historical_time_series,Official Government CSV,https://www.data.gov.in/catalog/road-accidents-india-2019,2010,State/UT
Tamil Nadu,2011,65873.0,Total_No_Road_Accidents_in_India_2003-11_1.csv,historical_time_series,Official Government CSV,https://www.data.gov.in/catalog/road-accidents-india-2019,2011,State/UT
Tripura,2003,676.0,Total_No_Road_Accidents_in_India_2003-11_1.csv,historical_time_series,Official Government CSV,https://www.data.gov.in/catalog/road-accidents-india-2019,2003,State/UT
Tripura,2004,645.0,Total_No_Road_Accidents_in_India_2003-11_1.csv,historical_time_series,Official Government CSV,https://www.data.gov.in/catalog/road-accidents-india-2019,2004,State/UT
Tripura,2005,657.0,Total_No_Road_Accidents_in_India_2003-11_1.csv,historical_time_series,Official Government CSV,https://www.data.gov.in/catalog/road-accidents-india-2019,2005,State/UT
Tripura,2006,793.0,Total_No_Road_Accidents_in_India_2003-11_1.csv,historical_time_series,Official Government CSV,https://www.data.gov.in/catalog/road-accidents-india-2019,2006,State/UT
Tripura,2007,801.0,Total_No_Road_Accidents_in_India_2003-11_1.csv,historical_time_series,Official Government CSV,https://www.data.gov.in/catalog/road-accidents-india-2019,2007,State/UT
Tripura,2008,767.0,Total_No_Road_Accidents_in_India_2003-11_1.csv,historical_time_series,Official Government CSV,https://www.data.gov.in/catalog/road-accidents-india-2019,2008,State/UT
Tripura,2009,865.0,Total_No_Road_Accidents_in_India_2003-11_1.csv,historical_time_series,Official Government CSV,https://www.data.gov.in/catalog/road-accidents-india-2019,2009,State/UT
Tripura,2010,901.0,Total_No_Road_Accidents_in_India_2003-11_1.csv,historical_time_series,Official Government CSV,https://www.data.gov.in/catalog/road-accidents-india-2019,2010,State/UT
Tripura,2011,834.0,Total_No_Road_Accidents_in_India_2003-11_1.csv,historical_time_series,Official Government CSV,https://www.data.gov.in/catalog/road-accidents-india-2019,2011,State/UT
Uttarakhand,2003,1222.0,Total_No_Road_Accidents_in_India_2003-11_1.csv,historical_time_series,Official Government CSV,https://www.data.gov.in/catalog/road-accidents-india-2019,2003,State/UT
Uttarakhand,2004,1252.0,Total_No_Road_Accidents_in_India_2003-11_1.csv,historical_time_series,Official Government CSV,https://www.data.gov.in/catalog/road-accidents-india-2019,2004,State/UT
Uttarakhand,2005,1332.0,Total_No_Road_Accidents_in_India_2003-11_1.csv,historical_time_series,Official Government CSV,https://www.data.gov.in/catalog/road-accidents-india-2019,2005,State/UT
Uttarakhand,2006,1461.0,Total_No_Road_Accidents_in_India_2003-11_1.csv,historical_time_series,Official Government CSV,https://www.data.gov.in/catalog/road-accidents-india-2019,2006,State/UT
Uttarakhand,2007,1529.0,Total_No_Road_Accidents_in_India_2003-11_1.csv,historical_time_series,Official Government CSV,https://www.data.gov.in/catalog/road-accidents-india-2019,2007,State/UT
Uttarakhand,2008,1417.0,Total_No_Road_Accidents_in_India_2003-11_1.csv,historical_time_series,Official Government CSV,https://www.data.gov.in/catalog/road-accidents-india-2019,2008,State/UT
Uttarakhand,2009,1401.0,Total_No_Road_Accidents_in_India_2003-11_1.csv,historical_time_series,Official Government CSV,https://www.data.gov.in/catalog/road-accidents-india-2019,2009,State/UT
Uttarakhand,2010,1493.0,Total_No_Road_Accidents_in_India_2003-11_1.csv,historical_time_series,Official Government CSV,https://www.data.gov.in/catalog/road-accidents-india-2019,2010,State/UT
Uttarakhand,2011,1508.0,Total_No_Road_Accidents_in_India_2003-11_1.csv,historical_time_series,Official Government CSV,https://www.data.gov.in/catalog/road-accidents-india-2019,2011,State/UT
Uttar Pradesh,2003,14286.0,Total_No_Road_Accidents_in_India_2003-11_1.csv,historical_time_series,Official Government CSV,https://www.data.gov.in/catalog/road-accidents-india-2019,2003,State/UT
Uttar Pradesh,2004,18493.0,Total_No_Road_Accidents_in_India_2003-11_1.csv,historical_time_series,Official Government CSV,https://www.data.gov.in/catalog/road-accidents-india-2019,2004,State/UT
Uttar Pradesh,2005,18325.0,Total_No_Road_Accidents_in_India_2003-11_1.csv,historical_time_series,Official Government CSV,https://www.data.gov.in/catalog/road-accidents-india-2019,2005,State/UT
Uttar Pradesh,2006,19489.0,Total_No_Road_Accidents_in_India_2003-11_1.csv,historical_time_series,Official Government CSV,https://www.data.gov.in/catalog/road-accidents-india-2019,2006,State/UT
Uttar Pradesh,2007,21522.0,Total_No_Road_Accidents_in_India_2003-11_1.csv,historical_time_series,Official Government CSV,https://www.data.gov.in/catalog/road-accidents-india-2019,2007,State/UT
Uttar Pradesh,2008,25684.0,Total_No_Road_Accidents_in_India_2003-11_1.csv,historical_time_series,Official Government CSV,https://www.data.gov.in/catalog/road-accidents-india-2019,2008,State/UT
Uttar Pradesh,2009,28155.0,Total_No_Road_Accidents_in_India_2003-11_1.csv,historical_time_series,Official Government CSV,https://www.data.gov.in/catalog/road-accidents-india-2019,2009,State/UT
Uttar Pradesh,2010,28362.0,Total_No_Road_Accidents_in_India_2003-11_1.csv,historical_time_series,Official Government CSV,https://www.data.gov.in/catalog/road-accidents-india-2019,2010,State/UT
Uttar Pradesh,2011,29285.0,Total_No_Road_Accidents_in_India_2003-11_1.csv,historical_time_series,Official Government CSV,https://www.data.gov.in/catalog/road-accidents-india-2019,2011,State/UT
West Bengal,2003,10444.0,Total_No_Road_Accidents_in_India_2003-11_1.csv,historical_time_series,Official Government CSV,https://www.data.gov.in/catalog/road-accidents-india-2019,2003,State/UT
West Bengal,2004,14431.0,Total_No_Road_Accidents_in_India_2003-11_1.csv,historical_time_series,Official Government CSV,https://www.data.gov.in/catalog/road-accidents-india-2019,2004,State/UT
West Bengal,2005,12597.0,Total_No_Road_Accidents_in_India_2003-11_1.csv,historical_time_series,Official Government CSV,https://www.data.gov.in/catalog/road-accidents-india-2019,2005,State/UT
West Bengal,2006,11324.0,Total_No_Road_Accidents_in_India_2003-11_1.csv,historical_time_series,Official Government CSV,https://www.data.gov.in/catalog/road-accidents-india-2019,2006,State/UT
West Bengal,2007,11660.0,Total_No_Road_Accidents_in_India_2003-11_1.csv,historical_time_series,Official Government CSV,https://www.data.gov.in/catalog/road-accidents-india-2019,2007,State/UT
West Bengal,2008,12206.0,Total_No_Road_Accidents_in_India_2003-11_1.csv,historical_time_series,Official Government CSV,https://www.data.gov.in/catalog/road-accidents-india-2019,2008,State/UT
West Bengal,2009,11134.0,Total_No_Road_Accidents_in_India_2003-11_1.csv,historical_time_series,Official Government CSV,https://www.data.gov.in/catalog/road-accidents-india-2019,2009,State/UT
West Bengal,2010,14888.0,Total_No_Road_Accidents_in_India_2003-11_1.csv,historical_time_series,Official Government CSV,https://www.data.gov.in/catalog/road-accidents-india-2019,2010,State/UT
West Bengal,2011,14945.0,Total_No_Road_Accidents_in_India_2003-11_1.csv,historical_time_series,Official Government CSV,https://www.data.gov.in/catalog/road-accidents-india-2019,2011,State/UT
Andaman & Nicobar Islands,2003,180.0,Total_No_Road_Accidents_in_India_2003-11_1.csv,historical_time_series,Official Government CSV,https://www.data.gov.in/catalog/road-accidents-india-2019,2003,State/UT
Andaman & Nicobar Islands,2004,215.0,Total_No_Road_Accidents_in_India_2003-11_1.csv,historical_time_series,Official Government CSV,https://www.data.gov.in/catalog/road-accidents-india-2019,2004,State/UT
Andaman & Nicobar Islands,2005,205.0,Total_No_Road_Accidents_in_India_2003-11_1.csv,historical_time_series,Official Government CSV,https://www.data.gov.in/catalog/road-accidents-india-2019,2005,State/UT
Andaman & Nicobar Islands,2006,154.0,Total_No_Road_Accidents_in_India_2003-11_1.csv,historical_time_series,Official Government CSV,https://www.data.gov.in/catalog/road-accidents-india-2019,2006,State/UT
Andaman & Nicobar Islands,2007,173.0,Total_No_Road_Accidents_in_India_2003-11_1.csv,historical_time_series,Official Government CSV,https://www.data.gov.in/catalog/road-accidents-india-2019,2007,State/UT
Andaman & Nicobar Islands,2008,191.0,Total_No_Road_Accidents_in_India_2003-11_1.csv,historical_time_series,Official Government CSV,https://www.data.gov.in/catalog/road-accidents-india-2019,2008,State/UT
Andaman & Nicobar Islands,2009,271.0,Total_No_Road_Accidents_in_India_2003-11_1.csv,historical_time_series,Official Government CSV,https://www.data.gov.in/catalog/road-accidents-india-2019,2009,State/UT
Andaman & Nicobar Islands,2010,285.0,Total_No_Road_Accidents_in_India_2003-11_1.csv,historical_time_series,Official Government CSV,https://www.data.gov.in/catalog/road-accidents-india-2019,2010,State/UT
Andaman & Nicobar Islands,2011,234.0,Total_No_Road_Accidents_in_India_2003-11_1.csv,historical_time_series,Official Government CSV,https://www.data.gov.in/catalog/road-accidents-india-2019,2011,State/UT
Chandigarh,2003,442.0,Total_No_Road_Accidents_in_India_2003-11_1.csv,historical_time_series,Official Government CSV,https://www.data.gov.in/catalog/road-accidents-india-2019,2003,State/UT
Chandigarh,2004,417.0,Total_No_Road_Accidents_in_India_2003-11_1.csv,historical_time_series,Official Government CSV,https://www.data.gov.in/catalog/road-accidents-india-2019,2004,State/UT
Chandigarh,2005,530.0,Total_No_Road_Accidents_in_India_2003-11_1.csv,historical_time_series,Official Government CSV,https://www.data.gov.in/catalog/road-accidents-india-2019,2005,State/UT
Chandigarh,2006,517.0,Total_No_Road_Accidents_in_India_2003-11_1.csv,historical_time_series,Official Government CSV,https://www.data.gov.in/catalog/road-accidents-india-2019,2006,State/UT
Chandigarh,2007,534.0,Total_No_Road_Accidents_in_India_2003-11_1.csv,historical_time_series,Official Government CSV,https://www.data.gov.in/catalog/road-accidents-india-2019,2007,State/UT
Chandigarh,2008,482.0,Total_No_Road_Accidents_in_India_2003-11_1.csv,historical_time_series,Official Government CSV,https://www.data.gov.in/catalog/road-accidents-india-2019,2008,State/UT
Chandigarh,2009,424.0,Total_No_Road_Accidents_in_India_2003-11_1.csv,historical_time_series,Official Government CSV,https://www.data.gov.in/catalog/road-accidents-india-2019,2009,State/UT
Chandigarh,2010,456.0,Total_No_Road_Accidents_in_India_2003-11_1.csv,historical_time_series,Official Government CSV,https://www.data.gov.in/catalog/road-accidents-india-2019,2010,State/UT
Chandigarh,2011,437.0,Total_No_Road_Accidents_in_India_2003-11_1.csv,historical_time_series,Official Government CSV,https://www.data.gov.in/catalog/road-accidents-india-2019,2011,State/UT
Dadra & Nagar Haveli,2003,73.0,Total_No_Road_Accidents_in_India_2003-11_1.csv,historical_time_series,Official Government CSV,https://www.data.gov.in/catalog/road-accidents-india-2019,2003,State/UT
Dadra & Nagar Haveli,2004,111.0,Total_No_Road_Accidents_in_India_2003-11_1.csv,historical_time_series,Official Government CSV,https://www.data.gov.in/catalog/road-accidents-india-2019,2004,State/UT
Dadra & Nagar Haveli,2005,127.0,Total_No_Road_Accidents_in_India_2003-11_1.csv,historical_time_series,Official Government CSV,https://www.data.gov.in/catalog/road-accidents-india-2019,2005,State/UT
Dadra & Nagar Haveli,2006,103.0,Total_No_Road_Accidents_in_India_2003-11_1.csv,historical_time_series,Official Government CSV,https://www.data.gov.in/catalog/road-accidents-india-2019,2006,State/UT
Dadra & Nagar Haveli,2007,116.0,Total_No_Road_Accidents_in_India_2003-11_1.csv,historical_time_series,Official Government CSV,https://www.data.gov.in/catalog/road-accidents-india-2019,2007,State/UT
Dadra & Nagar Haveli,2008,116.0,Total_No_Road_Accidents_in_India_2003-11_1.csv,historical_time_series,Official Government CSV,https://www.data.gov.in/catalog/road-accidents-india-2019,2008,State/UT
Dadra & Nagar Haveli,2009,79.0,Total_No_Road_Accidents_in_India_2003-11_1.csv,historical_time_series,Official Government CSV,https://www.data.gov.in/catalog/road-accidents-india-2019,2009,State/UT
Dadra & Nagar Haveli,2010,96.0,Total_No_Road_Accidents_in_India_2003-11_1.csv,historical_time_series,Official Government CSV,https://www.data.gov.in/catalog/road-accidents-india-2019,2010,State/UT
Dadra & Nagar Haveli,2011,103.0,Total_No_Road_Accidents_in_India_2003-11_1.csv,historical_time_series,Official Government CSV,https://www.data.gov.in/catalog/road-accidents-india-2019,2011,State/UT
Daman & Diu,2003,72.0,Total_No_Road_Accidents_in_India_2003-11_1.csv,historical_time_series,Official Government CSV,https://www.data.gov.in/catalog/road-accidents-india-2019,2003,State/UT
Daman & Diu,2004,61.0,Total_No_Road_Accidents_in_India_2003-11_1.csv,historical_time_series,Official Government CSV,https://www.data.gov.in/catalog/road-accidents-india-2019,2004,State/UT
Daman & Diu,2005,62.0,Total_No_Road_Accidents_in_India_2003-11_1.csv,historical_time_series,Official Government CSV,https://www.data.gov.in/catalog/road-accidents-india-2019,2005,State/UT
Daman & Diu,2006,57.0,Total_No_Road_Accidents_in_India_2003-11_1.csv,historical_time_series,Official Government CSV,https://www.data.gov.in/catalog/road-accidents-india-2019,2006,State/UT
Daman & Diu,2007,60.0,Total_No_Road_Accidents_in_India_2003-11_1.csv,historical_time_series,Official Government CSV,https://www.data.gov.in/catalog/road-accidents-india-2019,2007,State/UT
Daman & Diu,2008,50.0,Total_No_Road_Accidents_in_India_2003-11_1.csv,historical_time_series,Official Government CSV,https://www.data.gov.in/catalog/road-accidents-india-2019,2008,State/UT
Daman & Diu,2009,63.0,Total_No_Road_Accidents_in_India_2003-11_1.csv,historical_time_series,Official Government CSV,https://www.data.gov.in/catalog/road-accidents-india-2019,2009,State/UT
Daman & Diu,2010,48.0,Total_No_Road_Accidents_in_India_2003-11_1.csv,historical_time_series,Official Government CSV,https://www.data.gov.in/catalog/road-accidents-india-2019,2010,State/UT
Daman & Diu,2011,50.0,Total_No_Road_Accidents_in_India_2003-11_1.csv,historical_time_series,Official Government CSV,https://www.data.gov.in/catalog/road-accidents-india-2019,2011,State/UT
Delhi,2003,8863.0,Total_No_Road_Accidents_in_India_2003-11_1.csv,historical_time_series,Official Government CSV,https://www.data.gov.in/catalog/road-accidents-india-2019,2003,State/UT
Delhi,2004,9087.0,Total_No_Road_Accidents_in_India_2003-11_1.csv,historical_time_series,Official Government CSV,https://www.data.gov.in/catalog/road-accidents-india-2019,2004,State/UT
Delhi,2005,9351.0,Total_No_Road_Accidents_in_India_2003-11_1.csv,historical_time_series,Official Government CSV,https://www.data.gov.in/catalog/road-accidents-india-2019,2005,State/UT
Delhi,2006,9299.0,Total_No_Road_Accidents_in_India_2003-11_1.csv,historical_time_series,Official Government CSV,https://www.data.gov.in/catalog/road-accidents-india-2019,2006,State/UT
Delhi,2007,8620.0,Total_No_Road_Accidents_in_India_2003-11_1.csv,historical_time_series,Official Government CSV,https://www.data.gov.in/catalog/road-accidents-india-2019,2007,State/UT
Delhi,2008,8435.0,Total_No_Road_Accidents_in_India_2003-11_1.csv,historical_time_series,Official Government CSV,https://www.data.gov.in/catalog/road-accidents-india-2019,2008,State/UT
Delhi,2009,7516.0,Total_No_Road_Accidents_in_India_2003-11_1.csv,historical_time_series,Official Government CSV,https://www.data.gov.in/catalog/road-accidents-india-2019,2009,State/UT
Delhi,2010,7260.0,Total_No_Road_Accidents_in_India_2003-11_1.csv,historical_time_series,Official Government CSV,https://www.data.gov.in/catalog/road-accidents-india-2019,2010,State/UT
Delhi,2011,7281.0,Total_No_Road_Accidents_in_India_2003-11_1.csv,historical_time_series,Official Government CSV,https://www.data.gov.in/catalog/road-accidents-india-2019,2011,State/UT
Lakshadweep,2003,1.0,Total_No_Road_Accidents_in_India_2003-11_1.csv,historical_time_series,Official Government CSV,https://www.data.gov.in/catalog/road-accidents-india-2019,2003,State/UT
Lakshadweep,2004,3.0,Total_No_Road_Accidents_in_India_2003-11_1.csv,historical_time_series,Official Government CSV,https://www.data.gov.in/catalog/road-accidents-india-2019,2004,State/UT
Lakshadweep,2005,5.0,Total_No_Road_Accidents_in_India_2003-11_1.csv,historical_time_series,Official Government CSV,https://www.data.gov.in/catalog/road-accidents-india-2019,2005,State/UT
Lakshadweep,2006,10.0,Total_No_Road_Accidents_in_India_2003-11_1.csv,historical_time_series,Official Government CSV,https://www.data.gov.in/catalog/road-accidents-india-2019,2006,State/UT
Lakshadweep,2007,2.0,Total_No_Road_Accidents_in_India_2003-11_1.csv,historical_time_series,Official Government CSV,https://www.data.gov.in/catalog/road-accidents-india-2019,2007,State/UT
Lakshadweep,2008,12.0,Total_No_Road_Accidents_in_India_2003-11_1.csv,historical_time_series,Official Government CSV,https://www.data.gov.in/catalog/road-accidents-india-2019,2008,State/UT
Lakshadweep,2009,4.0,Total_No_Road_Accidents_in_India_2003-11_1.csv,historical_time_series,Official Government CSV,https://www.data.gov.in/catalog/road-accidents-india-2019,2009,State/UT
Lakshadweep,2010,4.0,Total_No_Road_Accidents_in_India_2003-11_1.csv,historical_time_series,Official Government CSV,https://www.data.gov.in/catalog/road-accidents-india-2019,2010,State/UT
Puducherry,2003,1586.0,Total_No_Road_Accidents_in_India_2003-11_1.csv,historical_time_series,Official Government CSV,https://www.data.gov.in/catalog/road-accidents-india-2019,2003,State/UT
Puducherry,2004,1633.0,Total_No_Road_Accidents_in_India_2003-11_1.csv,historical_time_series,Official Government CSV,https://www.data.gov.in/catalog/road-accidents-india-2019,2004,State/UT
Puducherry,2005,1780.0,Total_No_Road_Accidents_in_India_2003-11_1.csv,historical_time_series,Official Government CSV,https://www.data.gov.in/catalog/road-accidents-india-2019,2005,State/UT
Puducherry,2006,1639.0,Total_No_Road_Accidents_in_India_2003-11_1.csv,historical_time_series,Official Government CSV,https://www.data.gov.in/catalog/road-accidents-india-2019,2006,State/UT
Puducherry,2007,1744.0,Total_No_Road_Accidents_in_India_2003-11_1.csv,historical_time_series,Official Government CSV,https://www.data.gov.in/catalog/road-accidents-india-2019,2007,State/UT
Puducherry,2008,1697.0,Total_No_Road_Accidents_in_India_2003-11_1.csv,historical_time_series,Official Government CSV,https://www.data.gov.in/catalog/road-accidents-india-2019,2008,State/UT
Puducherry,2009,1698.0,Total_No_Road_Accidents_in_India_2003-11_1.csv,historical_time_series,Official Government CSV,https://www.data.gov.in/catalog/road-accidents-india-2019,2009,State/UT
Puducherry,2010,1529.0,Total_No_Road_Accidents_in_India_2003-11_1.csv,historical_time_series,Official Government CSV,https://www.data.gov.in/catalog/road-accidents-india-2019,2010,State/UT
Puducherry,2011,1480.0,Total_No_Road_Accidents_in_India_2003-11_1.csv,historical_time_series,Official Government CSV,https://www.data.gov.in/catalog/road-accidents-india-2019,2011,State/UT
All India,2003,406726.0,Total_No_Road_Accidents_in_India_2003-11_1.csv,historical_time_series,Official Government CSV,https://www.data.gov.in/catalog/road-accidents-india-2019,2003,State/UT
All India,2004,429910.0,Total_No_Road_Accidents_in_India_2003-11_1.csv,historical_time_series,Official Government CSV,https://www.data.gov.in/catalog/road-accidents-india-2019,2004,State/UT
All India,2005,439255.0,Total_No_Road_Accidents_in_India_2003-11_1.csv,historical_time_series,Official Government CSV,https://www.data.gov.in/catalog/road-accidents-india-2019,2005,State/UT
All India,2006,460920.0,Total_No_Road_Accidents_in_India_2003-11_1.csv,historical_time_series,Official Government CSV,https://www.data.gov.in/catalog/road-accidents-india-2019,2006,State/UT
All India,2007,479216.0,Total_No_Road_Accidents_in_India_2003-11_1.csv,historical_time_series,Official Government CSV,https://www.data.gov.in/catalog/road-accidents-india-2019,2007,State/UT
All India,2008,484704.0,Total_No_Road_Accidents_in_India_2003-11_1.csv,historical_time_series,Official Government CSV,https://www.data.gov.in/catalog/road-accidents-india-2019,2008,State/UT
All India,2009,486384.0,Total_No_Road_Accidents_in_India_2003-11_1.csv,historical_time_series,Official Government CSV,https://www.data.gov.in/catalog/road-accidents-india-2019,2009,State/UT
All India,2010,499628.0,Total_No_Road_Accidents_in_India_2003-11_1.csv,historical_time_series,Official Government CSV,https://www.data.gov.in/catalog/road-accidents-india-2019,2010,State/UT
All India,2011,497686.0,Total_No_Road_Accidents_in_India_2003-11_1.csv,historical_time_series,Official Government CSV,https://www.data.gov.in/catalog/road-accidents-india-2019,2011,State/UT
