id,state,district,city,road_name,road_segment,latitude,longitude,year,month,day,hour,road_category,cause,vehicle_type,road_user_type,weather,road_condition,lighting_condition,traffic_level,accidents,fatalities,injuries
ACC-10001,Karnataka,Bengaluru Urban,Bengaluru,NH-44 Bengaluru-Hosur Corridor,Attibele Border to Bommasandra km 18-24,12.79362,77.69768,2021,1,24,7,National Highway,Poor Lighting,Two-Wheeler,Vulnerable Road User (VRU),Rain,Dry / Smooth,Daylight,High,1,1,1
ACC-10002,Karnataka,Bengaluru Urban,Bengaluru,NH-44 Bengaluru-Hosur Corridor,Attibele Border to Bommasandra km 18-24,12.79928,77.70024,2024,4,15,0,National Highway,Poor Lighting,Auto-Rickshaw,Vulnerable Road User (VRU),Rain,Wet / Slippery,Poor / Intermittent,Medium,1,1,0
ACC-10003,Karnataka,Bengaluru Urban,Bengaluru,NH-44 Bengaluru-Hosur Corridor,Attibele Border to Bommasandra km 18-24,12.8031,77.70829,2023,10,9,14,National Highway,Potholes / Road Surface Defect,Two-Wheeler,Vulnerable Road User (VRU),Rain,Damaged / Potholes,Daylight,High,1,0,2
ACC-10004,Karnataka,Bengaluru Urban,Bengaluru,NH-44 Bengaluru-Hosur Corridor,Attibele Border to Bommasandra km 18-24,12.79912,77.69785,2022,12,3,7,National Highway,Wrong-side Driving,Two-Wheeler,Vulnerable Road User (VRU),Clear,Damaged / Potholes,Daylight,Congested,1,1,1
ACC-10005,Karnataka,Bengaluru Urban,Bengaluru,NH-44 Bengaluru-Hosur Corridor,Attibele Border to Bommasandra km 18-24,12.80211,77.70545,2023,12,22,21,National Highway,Poor Lighting,Pedestrian,Vulnerable Road User (VRU),Rain,Under Construction,Unlit / Pitch Black,Low,1,0,1
ACC-10006,Karnataka,Bengaluru Urban,Bengaluru,NH-44 Bengaluru-Hosur Corridor,Attibele Border to Bommasandra km 18-24,12.80469,77.6979,2021,4,27,9,National Highway,Potholes / Road Surface Defect,Heavy Truck,Commercial Goods,Clear,Damaged / Potholes,Daylight,Medium,1,0,1
ACC-10007,Karnataka,Bengaluru Urban,Bengaluru,NH-44 Bengaluru-Hosur Corridor,Attibele Border to Bommasandra km 18-24,12.79671,77.71046,2024,7,21,8,National Highway,Poor Lighting,Pedestrian,Vulnerable Road User (VRU),Rain,Wet / Slippery,Daylight,Congested,1,0,1
ACC-10008,Karnataka,Bengaluru Urban,Bengaluru,NH-44 Bengaluru-Hosur Corridor,Attibele Border to Bommasandra km 18-24,12.79722,77.70335,2024,2,25,1,National Highway,Poor Lighting,Pedestrian,Vulnerable Road User (VRU),Rain,Dry / Smooth,Poor / Intermittent,Congested,1,0,1
ACC-10009,Karnataka,Bengaluru Urban,Bengaluru,NH-44 Bengaluru-Hosur Corridor,Attibele Border to Bommasandra km 18-24,12.79741,77.70251,2021,11,24,20,National Highway,Wrong-side Driving,Heavy Truck,Commercial Goods,Rain,Damaged / Potholes,Poor / Intermittent,High,1,0,2
ACC-10010,Karnataka,Bengaluru Urban,Bengaluru,NH-44 Bengaluru-Hosur Corridor,Attibele Border to Bommasandra km 18-24,12.80169,77.69451,2022,9,4,7,National Highway,Poor Lighting,Pedestrian,Vulnerable Road User (VRU),Rain,Wet / Slippery,Daylight,Medium,1,0,2
ACC-10011,Karnataka,Bengaluru Urban,Bengaluru,NH-44 Bengaluru-Hosur Corridor,Attibele Border to Bommasandra km 18-24,12.80537,77.70675,2023,8,1,9,National Highway,Wrong-side Driving,Pedestrian,Vulnerable Road User (VRU),Rain,Wet / Slippery,Daylight,High,1,1,0
ACC-10012,Karnataka,Bengaluru Urban,Bengaluru,NH-44 Bengaluru-Hosur Corridor,Attibele Border to Bommasandra km 18-24,12.79917,77.70889,2022,11,16,5,National Highway,Wrong-side Driving,Auto-Rickshaw,Vulnerable Road User (VRU),Fog/Mist,Damaged / Potholes,Streetlights Operational,Low,1,0,2
ACC-10013,Karnataka,Bengaluru Urban,Bengaluru,NH-44 Bengaluru-Hosur Corridor,Attibele Border to Bommasandra km 18-24,12.79428,77.695,2024,2,8,9,National Highway,Overspeeding,Pedestrian,Vulnerable Road User (VRU),Clear,Damaged / Potholes,Daylight,High,1,0,0
ACC-10014,Karnataka,Bengaluru Urban,Bengaluru,NH-44 Bengaluru-Hosur Corridor,Attibele Border to Bommasandra km 18-24,12.79625,77.69605,2023,2,17,22,National Highway,Potholes / Road Surface Defect,Pedestrian,Vulnerable Road User (VRU),Rain,Damaged / Potholes,Streetlights Operational,Medium,1,0,2
ACC-10015,Karnataka,Bengaluru Urban,Bengaluru,NH-44 Bengaluru-Hosur Corridor,Attibele Border to Bommasandra km 18-24,12.79766,77.6985,2024,6,14,23,National Highway,Overspeeding,Two-Wheeler,Vulnerable Road User (VRU),Clear,Dry / Smooth,Poor / Intermittent,Medium,1,1,1
ACC-10016,Karnataka,Bengaluru Urban,Bengaluru,NH-44 Bengaluru-Hosur Corridor,Attibele Border to Bommasandra km 18-24,12.79962,77.69544,2021,8,26,11,National Highway,Overspeeding,Two-Wheeler,Vulnerable Road User (VRU),Clear,Dry / Smooth,Daylight,Medium,1,1,1
ACC-10017,Karnataka,Bengaluru Urban,Bengaluru,NH-44 Bengaluru-Hosur Corridor,Attibele Border to Bommasandra km 18-24,12.80188,77.70647,2024,1,13,19,National Highway,Wrong-side Driving,Auto-Rickshaw,Vulnerable Road User (VRU),Clear,Under Construction,Streetlights Operational,Medium,1,3,1
ACC-10018,Karnataka,Bengaluru Urban,Bengaluru,NH-44 Bengaluru-Hosur Corridor,Attibele Border to Bommasandra km 18-24,12.79512,77.70874,2021,1,19,20,National Highway,Poor Lighting,Two-Wheeler,Vulnerable Road User (VRU),Clear,Damaged / Potholes,Unlit / Pitch Black,High,1,0,1
ACC-10019,Karnataka,Bengaluru Urban,Bengaluru,NH-44 Bengaluru-Hosur Corridor,Attibele Border to Bommasandra km 18-24,12.798,77.69956,2022,10,20,1,National Highway,Potholes / Road Surface Defect,Heavy Truck,Commercial Goods,Clear,Damaged / Potholes,Streetlights Operational,Low,1,1,2
ACC-10020,Karnataka,Bengaluru Urban,Bengaluru,NH-44 Bengaluru-Hosur Corridor,Attibele Border to Bommasandra km 18-24,12.80727,77.70041,2021,1,15,21,National Highway,Overspeeding,Two-Wheeler,Vulnerable Road User (VRU),Rain,Wet / Slippery,Streetlights Operational,Medium,1,0,2
ACC-10021,Karnataka,Bengaluru Urban,Bengaluru,NH-44 Bengaluru-Hosur Corridor,Attibele Border to Bommasandra km 18-24,12.79756,77.70418,2022,8,27,8,National Highway,Overspeeding,Heavy Truck,Commercial Goods,Clear,Dry / Smooth,Daylight,Low,1,1,1
ACC-10022,Karnataka,Bengaluru Urban,Bengaluru,NH-44 Bengaluru-Hosur Corridor,Attibele Border to Bommasandra km 18-24,12.79391,77.69984,2023,4,22,8,National Highway,Potholes / Road Surface Defect,Heavy Truck,Commercial Goods,Clear,Damaged / Potholes,Daylight,High,1,0,2
ACC-10023,Karnataka,Bengaluru Urban,Bengaluru,NH-44 Bengaluru-Hosur Corridor,Attibele Border to Bommasandra km 18-24,12.79524,77.69943,2022,11,9,19,National Highway,Potholes / Road Surface Defect,Two-Wheeler,Vulnerable Road User (VRU),Clear,Damaged / Potholes,Unlit / Pitch Black,Low,1,0,0
ACC-10024,Karnataka,Bengaluru Urban,Bengaluru,NH-44 Bengaluru-Hosur Corridor,Attibele Border to Bommasandra km 18-24,12.80617,77.7086,2021,6,7,13,National Highway,Overspeeding,Heavy Truck,Commercial Goods,Clear,Under Construction,Daylight,Medium,1,0,4
ACC-10025,Karnataka,Bengaluru Urban,Bengaluru,NH-44 Bengaluru-Hosur Corridor,Attibele Border to Bommasandra km 18-24,12.80715,77.70824,2021,3,24,15,National Highway,Potholes / Road Surface Defect,Pedestrian,Vulnerable Road User (VRU),Clear,Damaged / Potholes,Daylight,Medium,1,0,0
ACC-10026,Karnataka,Bengaluru Urban,Bengaluru,NH-44 Bengaluru-Hosur Corridor,Attibele Border to Bommasandra km 18-24,12.79431,77.70687,2022,4,27,8,National Highway,Wrong-side Driving,Pedestrian,Vulnerable Road User (VRU),Clear,Damaged / Potholes,Daylight,Medium,1,0,1
ACC-10027,Karnataka,Bengaluru Urban,Bengaluru,NH-44 Bengaluru-Hosur Corridor,Attibele Border to Bommasandra km 18-24,12.79822,77.7042,2023,11,17,20,National Highway,Wrong-side Driving,Two-Wheeler,Vulnerable Road User (VRU),Clear,Damaged / Potholes,Poor / Intermittent,High,1,1,2
ACC-10028,Karnataka,Bengaluru Urban,Bengaluru,NH-44 Bengaluru-Hosur Corridor,Attibele Border to Bommasandra km 18-24,12.80317,77.70511,2021,7,19,0,National Highway,Potholes / Road Surface Defect,Two-Wheeler,Vulnerable Road User (VRU),Clear,Damaged / Potholes,Streetlights Operational,Low,1,2,3
ACC-10029,Karnataka,Bengaluru Urban,Bengaluru,NH-44 Bengaluru-Hosur Corridor,Attibele Border to Bommasandra km 18-24,12.80517,77.69728,2021,12,10,22,National Highway,Potholes / Road Surface Defect,Heavy Truck,Commercial Goods,Fog/Mist,Damaged / Potholes,Poor / Intermittent,Medium,1,1,1
ACC-10030,Karnataka,Bengaluru Urban,Bengaluru,NH-44 Bengaluru-Hosur Corridor,Attibele Border to Bommasandra km 18-24,12.79662,77.70207,2023,7,18,7,National Highway,Wrong-side Driving,Pedestrian,Vulnerable Road User (VRU),Rain,Wet / Slippery,Daylight,Low,1,0,1
ACC-10031,Karnataka,Bengaluru Urban,Bengaluru,NH-44 Bengaluru-Hosur Corridor,Attibele Border to Bommasandra km 18-24,12.79712,77.7021,2022,11,3,22,National Highway,Wrong-side Driving,Two-Wheeler,Vulnerable Road User (VRU),Fog/Mist,Damaged / Potholes,Streetlights Operational,Low,1,1,0
ACC-10032,Karnataka,Bengaluru Urban,Bengaluru,NH-44 Bengaluru-Hosur Corridor,Attibele Border to Bommasandra km 18-24,12.80697,77.70867,2021,8,14,12,National Highway,Poor Lighting,Auto-Rickshaw,Vulnerable Road User (VRU),Rain,Wet / Slippery,Daylight,Medium,1,1,2
ACC-10033,Karnataka,Bengaluru Urban,Bengaluru,NH-44 Bengaluru-Hosur Corridor,Attibele Border to Bommasandra km 18-24,12.80388,77.71031,2024,4,6,14,National Highway,Potholes / Road Surface Defect,Two-Wheeler,Vulnerable Road User (VRU),Clear,Damaged / Potholes,Daylight,High,1,0,2
ACC-10034,Karnataka,Bengaluru Urban,Bengaluru,NH-44 Bengaluru-Hosur Corridor,Attibele Border to Bommasandra km 18-24,12.80664,77.69894,2023,8,20,17,National Highway,Potholes / Road Surface Defect,Auto-Rickshaw,Vulnerable Road User (VRU),Clear,Damaged / Potholes,Daylight,Congested,1,0,2
ACC-10035,Karnataka,Bengaluru Urban,Bengaluru,NH-44 Bengaluru-Hosur Corridor,Attibele Border to Bommasandra km 18-24,12.79662,77.70114,2024,11,8,1,National Highway,Wrong-side Driving,Pedestrian,Vulnerable Road User (VRU),Fog/Mist,Dry / Smooth,Poor / Intermittent,Medium,1,1,0
ACC-10036,Karnataka,Bengaluru Urban,Bengaluru,NH-44 Bengaluru-Hosur Corridor,Attibele Border to Bommasandra km 18-24,12.79798,77.70074,2023,9,15,7,National Highway,Potholes / Road Surface Defect,Auto-Rickshaw,Vulnerable Road User (VRU),Clear,Damaged / Potholes,Daylight,Congested,1,0,3
ACC-10037,Karnataka,Bengaluru Urban,Bengaluru,NH-44 Bengaluru-Hosur Corridor,Attibele Border to Bommasandra km 18-24,12.8039,77.70727,2024,9,24,15,National Highway,Poor Lighting,Auto-Rickshaw,Vulnerable Road User (VRU),Rain,Wet / Slippery,Daylight,Congested,1,0,1
ACC-10038,Karnataka,Bengaluru Urban,Bengaluru,NH-44 Bengaluru-Hosur Corridor,Attibele Border to Bommasandra km 18-24,12.79927,77.69789,2022,8,5,11,National Highway,Overspeeding,Auto-Rickshaw,Vulnerable Road User (VRU),Clear,Dry / Smooth,Daylight,Congested,1,1,0
ACC-10039,Karnataka,Bengaluru Urban,Bengaluru,NH-44 Bengaluru-Hosur Corridor,Attibele Border to Bommasandra km 18-24,12.7988,77.7049,2023,6,25,7,National Highway,Potholes / Road Surface Defect,Heavy Truck,Commercial Goods,Clear,Damaged / Potholes,Daylight,Congested,1,1,3
ACC-10040,Karnataka,Bengaluru Urban,Bengaluru,NH-44 Bengaluru-Hosur Corridor,Attibele Border to Bommasandra km 18-24,12.80439,77.70677,2021,1,8,0,National Highway,Poor Lighting,Pedestrian,Vulnerable Road User (VRU),Fog/Mist,Under Construction,Unlit / Pitch Black,High,1,0,1
ACC-10041,Karnataka,Bengaluru Urban,Bengaluru,NH-44 Bengaluru-Hosur Corridor,Attibele Border to Bommasandra km 18-24,12.80241,77.70903,2022,10,20,14,National Highway,Overspeeding,Pedestrian,Vulnerable Road User (VRU),Rain,Wet / Slippery,Daylight,High,1,0,3
ACC-10042,Karnataka,Bengaluru Urban,Bengaluru,NH-44 Bengaluru-Hosur Corridor,Attibele Border to Bommasandra km 18-24,12.7943,77.70486,2024,7,23,21,National Highway,Poor Lighting,Two-Wheeler,Vulnerable Road User (VRU),Clear,Dry / Smooth,Poor / Intermittent,Low,1,0,2
ACC-10043,Karnataka,Bengaluru Urban,Bengaluru,NH-44 Bengaluru-Hosur Corridor,Attibele Border to Bommasandra km 18-24,12.80559,77.70194,2021,7,27,18,National Highway,Wrong-side Driving,Auto-Rickshaw,Vulnerable Road User (VRU),Rain,Wet / Slippery,Streetlights Operational,Low,1,0,3
ACC-10044,Karnataka,Bengaluru Urban,Bengaluru,NH-44 Bengaluru-Hosur Corridor,Attibele Border to Bommasandra km 18-24,12.801,77.70018,2023,6,28,1,National Highway,Wrong-side Driving,Auto-Rickshaw,Vulnerable Road User (VRU),Clear,Under Construction,Poor / Intermittent,High,1,0,1
ACC-10045,Karnataka,Bengaluru Urban,Bengaluru,NH-44 Bengaluru-Hosur Corridor,Attibele Border to Bommasandra km 18-24,12.80533,77.70555,2023,6,9,14,National Highway,Wrong-side Driving,Two-Wheeler,Vulnerable Road User (VRU),Clear,Damaged / Potholes,Daylight,Medium,1,0,1
ACC-10046,Karnataka,Bengaluru Urban,Bengaluru,NH-44 Bengaluru-Hosur Corridor,Attibele Border to Bommasandra km 18-24,12.80001,77.70643,2024,8,26,8,National Highway,Poor Lighting,Auto-Rickshaw,Vulnerable Road User (VRU),Rain,Wet / Slippery,Daylight,Low,1,0,1
ACC-10047,Karnataka,Bengaluru Urban,Bengaluru,NH-44 Bengaluru-Hosur Corridor,Attibele Border to Bommasandra km 18-24,12.80424,77.69756,2023,6,23,8,National Highway,Wrong-side Driving,Pedestrian,Vulnerable Road User (VRU),Rain,Wet / Slippery,Daylight,Medium,1,1,3
ACC-10048,Karnataka,Bengaluru Urban,Bengaluru,NH-44 Bengaluru-Hosur Corridor,Attibele Border to Bommasandra km 18-24,12.80453,77.69653,2024,5,24,20,National Highway,Wrong-side Driving,Two-Wheeler,Vulnerable Road User (VRU),Rain,Wet / Slippery,Streetlights Operational,Medium,1,0,1
ACC-10049,Karnataka,Bengaluru Urban,Bengaluru,NH-44 Bengaluru-Hosur Corridor,Attibele Border to Bommasandra km 18-24,12.79615,77.69532,2021,1,18,2,National Highway,Potholes / Road Surface Defect,Two-Wheeler,Vulnerable Road User (VRU),Fog/Mist,Damaged / Potholes,Streetlights Operational,Low,1,0,1
ACC-10050,Karnataka,Bengaluru Urban,Bengaluru,NH-44 Bengaluru-Hosur Corridor,Attibele Border to Bommasandra km 18-24,12.80274,77.70439,2024,2,27,19,National Highway,Overspeeding,Two-Wheeler,Vulnerable Road User (VRU),Clear,Dry / Smooth,Poor / Intermittent,High,1,0,1
ACC-10051,Karnataka,Bengaluru Urban,Bengaluru,NH-44 Bengaluru-Hosur Corridor,Attibele Border to Bommasandra km 18-24,12.79658,77.70507,2024,8,15,21,National Highway,Potholes / Road Surface Defect,Heavy Truck,Commercial Goods,Clear,Damaged / Potholes,Streetlights Operational,High,1,0,1
ACC-10052,Karnataka,Bengaluru Urban,Bengaluru,NH-44 Bengaluru-Hosur Corridor,Attibele Border to Bommasandra km 18-24,12.80046,77.7055,2022,4,6,2,National Highway,Overspeeding,Auto-Rickshaw,Vulnerable Road User (VRU),Clear,Under Construction,Streetlights Operational,High,1,1,2
ACC-10053,Karnataka,Bengaluru Urban,Bengaluru,NH-44 Bengaluru-Hosur Corridor,Attibele Border to Bommasandra km 18-24,12.79434,77.69715,2023,11,19,17,National Highway,Poor Lighting,Auto-Rickshaw,Vulnerable Road User (VRU),Clear,Dry / Smooth,Daylight,Medium,1,0,2
ACC-10054,Karnataka,Bengaluru Urban,Bengaluru,NH-44 Bengaluru-Hosur Corridor,Attibele Border to Bommasandra km 18-24,12.80121,77.7024,2023,10,24,17,National Highway,Wrong-side Driving,Auto-Rickshaw,Vulnerable Road User (VRU),Rain,Dry / Smooth,Daylight,Low,1,0,3
ACC-10055,Karnataka,Bengaluru Urban,Bengaluru,NH-44 Bengaluru-Hosur Corridor,Attibele Border to Bommasandra km 18-24,12.8024,77.70971,2021,10,2,14,National Highway,Wrong-side Driving,Heavy Truck,Commercial Goods,Clear,Dry / Smooth,Daylight,Medium,1,0,2
ACC-10056,Maharashtra,Pune,Lonavala,Mumbai-Pune Expressway (Bhor Ghat),Khandala Downhill S-Curve km 42-48,18.76653,73.3896,2023,10,2,5,Expressway,Dangerous Junction Geometry,Bus,Motorized Passenger,Rain,Wet / Slippery,Streetlights Operational,Medium,1,0,1
ACC-10057,Maharashtra,Pune,Lonavala,Mumbai-Pune Expressway (Bhor Ghat),Khandala Downhill S-Curve km 42-48,18.76078,73.37913,2024,6,14,22,Expressway,Overspeeding,Car,Motorized Passenger,Rain,Wet / Slippery,Poor / Intermittent,Congested,1,0,1
ACC-10058,Maharashtra,Pune,Lonavala,Mumbai-Pune Expressway (Bhor Ghat),Khandala Downhill S-Curve km 42-48,18.76351,73.38626,2023,2,25,20,Expressway,Overspeeding,Bus,Motorized Passenger,Rain,Under Construction,Streetlights Operational,High,1,1,2
ACC-10059,Maharashtra,Pune,Lonavala,Mumbai-Pune Expressway (Bhor Ghat),Khandala Downhill S-Curve km 42-48,18.75733,73.37663,2022,5,18,8,Expressway,Dangerous Junction Geometry,Bus,Motorized Passenger,Clear,Under Construction,Daylight,High,1,0,1
ACC-10060,Maharashtra,Pune,Lonavala,Mumbai-Pune Expressway (Bhor Ghat),Khandala Downhill S-Curve km 42-48,18.76686,73.38978,2021,9,14,1,Expressway,Dangerous Junction Geometry,Car,Motorized Passenger,Rain,Wet / Slippery,Streetlights Operational,Low,1,0,1
ACC-10061,Maharashtra,Pune,Lonavala,Mumbai-Pune Expressway (Bhor Ghat),Khandala Downhill S-Curve km 42-48,18.75777,73.37414,2022,8,18,7,Expressway,Adverse Weather / Fog,Car,Motorized Passenger,Rain,Wet / Slippery,Daylight,Congested,1,0,2
ACC-10062,Maharashtra,Pune,Lonavala,Mumbai-Pune Expressway (Bhor Ghat),Khandala Downhill S-Curve km 42-48,18.76079,73.37925,2023,10,19,10,Expressway,Adverse Weather / Fog,Heavy Truck,Commercial Goods,Clear,Under Construction,Daylight,Low,1,0,1
ACC-10063,Maharashtra,Pune,Lonavala,Mumbai-Pune Expressway (Bhor Ghat),Khandala Downhill S-Curve km 42-48,18.75968,73.38472,2022,12,8,7,Expressway,Dangerous Junction Geometry,Car,Motorized Passenger,Rain,Wet / Slippery,Daylight,Congested,1,0,2
ACC-10064,Maharashtra,Pune,Lonavala,Mumbai-Pune Expressway (Bhor Ghat),Khandala Downhill S-Curve km 42-48,18.76902,73.3753,2022,8,2,21,Expressway,Brake Failure / Defect,Car,Motorized Passenger,Rain,Wet / Slippery,Streetlights Operational,Congested,1,1,2
ACC-10065,Maharashtra,Pune,Lonavala,Mumbai-Pune Expressway (Bhor Ghat),Khandala Downhill S-Curve km 42-48,18.75459,73.3842,2023,6,20,13,Expressway,Overspeeding,Heavy Truck,Commercial Goods,Clear,Under Construction,Daylight,Congested,1,0,0
ACC-10066,Maharashtra,Pune,Lonavala,Mumbai-Pune Expressway (Bhor Ghat),Khandala Downhill S-Curve km 42-48,18.7595,73.37643,2023,4,24,1,Expressway,Overspeeding,Heavy Truck,Commercial Goods,Clear,Dry / Smooth,Poor / Intermittent,Low,1,0,1
ACC-10067,Maharashtra,Pune,Lonavala,Mumbai-Pune Expressway (Bhor Ghat),Khandala Downhill S-Curve km 42-48,18.76088,73.37816,2024,10,22,5,Expressway,Adverse Weather / Fog,Car,Motorized Passenger,Clear,Under Construction,Streetlights Operational,Congested,1,0,0
ACC-10068,Maharashtra,Pune,Lonavala,Mumbai-Pune Expressway (Bhor Ghat),Khandala Downhill S-Curve km 42-48,18.75829,73.38949,2023,11,1,10,Expressway,Brake Failure / Defect,Bus,Motorized Passenger,Clear,Damaged / Potholes,Daylight,Congested,1,0,4
ACC-10069,Maharashtra,Pune,Lonavala,Mumbai-Pune Expressway (Bhor Ghat),Khandala Downhill S-Curve km 42-48,18.75789,73.38315,2023,8,28,18,Expressway,Dangerous Junction Geometry,Car,Motorized Passenger,Rain,Wet / Slippery,Poor / Intermittent,High,1,0,2
ACC-10070,Maharashtra,Pune,Lonavala,Mumbai-Pune Expressway (Bhor Ghat),Khandala Downhill S-Curve km 42-48,18.76434,73.38563,2021,10,24,8,Expressway,Adverse Weather / Fog,Bus,Motorized Passenger,Rain,Wet / Slippery,Daylight,Medium,1,0,1
ACC-10071,Maharashtra,Pune,Lonavala,Mumbai-Pune Expressway (Bhor Ghat),Khandala Downhill S-Curve km 42-48,18.75822,73.38606,2022,11,4,13,Expressway,Overspeeding,Heavy Truck,Commercial Goods,Clear,Under Construction,Daylight,Low,1,0,0
ACC-10072,Maharashtra,Pune,Lonavala,Mumbai-Pune Expressway (Bhor Ghat),Khandala Downhill S-Curve km 42-48,18.76121,73.387,2022,4,5,17,Expressway,Brake Failure / Defect,Bus,Motorized Passenger,Rain,Wet / Slippery,Daylight,Medium,1,0,2
ACC-10073,Maharashtra,Pune,Lonavala,Mumbai-Pune Expressway (Bhor Ghat),Khandala Downhill S-Curve km 42-48,18.76209,73.38138,2023,2,15,5,Expressway,Adverse Weather / Fog,Bus,Motorized Passenger,Clear,Under Construction,Streetlights Operational,High,1,0,0
ACC-10074,Maharashtra,Pune,Lonavala,Mumbai-Pune Expressway (Bhor Ghat),Khandala Downhill S-Curve km 42-48,18.75875,73.38386,2023,10,13,8,Expressway,Overspeeding,Bus,Motorized Passenger,Rain,Damaged / Potholes,Daylight,High,1,0,3
ACC-10075,Maharashtra,Pune,Lonavala,Mumbai-Pune Expressway (Bhor Ghat),Khandala Downhill S-Curve km 42-48,18.7677,73.37627,2021,11,27,23,Expressway,Brake Failure / Defect,Bus,Motorized Passenger,Fog/Mist,Dry / Smooth,Unlit / Pitch Black,High,1,1,0
ACC-10076,Maharashtra,Pune,Lonavala,Mumbai-Pune Expressway (Bhor Ghat),Khandala Downhill S-Curve km 42-48,18.76852,73.37858,2024,6,22,14,Expressway,Dangerous Junction Geometry,Bus,Motorized Passenger,Rain,Damaged / Potholes,Daylight,High,1,0,1
ACC-10077,Maharashtra,Pune,Lonavala,Mumbai-Pune Expressway (Bhor Ghat),Khandala Downhill S-Curve km 42-48,18.76868,73.38729,2023,4,15,7,Expressway,Brake Failure / Defect,Car,Motorized Passenger,Rain,Wet / Slippery,Daylight,Low,1,1,3
ACC-10078,Maharashtra,Pune,Lonavala,Mumbai-Pune Expressway (Bhor Ghat),Khandala Downhill S-Curve km 42-48,18.75696,73.38802,2021,11,7,21,Expressway,Overspeeding,Car,Motorized Passenger,Clear,Damaged / Potholes,Streetlights Operational,Medium,1,1,1
ACC-10079,Maharashtra,Pune,Lonavala,Mumbai-Pune Expressway (Bhor Ghat),Khandala Downhill S-Curve km 42-48,18.75923,73.38671,2023,3,26,3,Expressway,Brake Failure / Defect,Car,Motorized Passenger,Rain,Wet / Slippery,Streetlights Operational,Medium,1,2,0
ACC-10080,Maharashtra,Pune,Lonavala,Mumbai-Pune Expressway (Bhor Ghat),Khandala Downhill S-Curve km 42-48,18.75524,73.38216,2023,1,6,2,Expressway,Dangerous Junction Geometry,Bus,Motorized Passenger,Fog/Mist,Under Construction,Unlit / Pitch Black,Congested,1,0,1
ACC-10081,Maharashtra,Pune,Lonavala,Mumbai-Pune Expressway (Bhor Ghat),Khandala Downhill S-Curve km 42-48,18.75523,73.3855,2021,12,26,13,Expressway,Brake Failure / Defect,Heavy Truck,Commercial Goods,Clear,Dry / Smooth,Daylight,Congested,1,0,1
ACC-10082,Maharashtra,Pune,Lonavala,Mumbai-Pune Expressway (Bhor Ghat),Khandala Downhill S-Curve km 42-48,18.76619,73.37593,2024,2,3,2,Expressway,Overspeeding,Car,Motorized Passenger,Clear,Under Construction,Poor / Intermittent,Congested,1,0,1
ACC-10083,Maharashtra,Pune,Lonavala,Mumbai-Pune Expressway (Bhor Ghat),Khandala Downhill S-Curve km 42-48,18.75758,73.38936,2022,7,15,9,Expressway,Brake Failure / Defect,Heavy Truck,Commercial Goods,Rain,Wet / Slippery,Daylight,High,1,0,1
ACC-10084,Maharashtra,Pune,Lonavala,Mumbai-Pune Expressway (Bhor Ghat),Khandala Downhill S-Curve km 42-48,18.76249,73.37937,2024,2,3,4,Expressway,Dangerous Junction Geometry,Car,Motorized Passenger,Rain,Wet / Slippery,Streetlights Operational,Medium,1,0,1
ACC-10085,Maharashtra,Pune,Lonavala,Mumbai-Pune Expressway (Bhor Ghat),Khandala Downhill S-Curve km 42-48,18.76275,73.3775,2021,7,12,15,Expressway,Dangerous Junction Geometry,Bus,Motorized Passenger,Rain,Wet / Slippery,Daylight,Low,1,0,1
ACC-10086,Maharashtra,Pune,Lonavala,Mumbai-Pune Expressway (Bhor Ghat),Khandala Downhill S-Curve km 42-48,18.7646,73.37456,2024,4,28,20,Expressway,Brake Failure / Defect,Car,Motorized Passenger,Rain,Damaged / Potholes,Streetlights Operational,High,1,0,2
ACC-10087,Maharashtra,Pune,Lonavala,Mumbai-Pune Expressway (Bhor Ghat),Khandala Downhill S-Curve km 42-48,18.75497,73.38259,2023,12,25,9,Expressway,Brake Failure / Defect,Car,Motorized Passenger,Clear,Damaged / Potholes,Daylight,Congested,1,1,3
ACC-10088,Maharashtra,Pune,Lonavala,Mumbai-Pune Expressway (Bhor Ghat),Khandala Downhill S-Curve km 42-48,18.76557,73.3749,2024,7,15,9,Expressway,Brake Failure / Defect,Bus,Motorized Passenger,Rain,Wet / Slippery,Daylight,High,1,0,0
ACC-10089,Maharashtra,Pune,Lonavala,Mumbai-Pune Expressway (Bhor Ghat),Khandala Downhill S-Curve km 42-48,18.76038,73.37863,2021,5,15,10,Expressway,Dangerous Junction Geometry,Heavy Truck,Commercial Goods,Rain,Wet / Slippery,Daylight,Medium,1,0,0
ACC-10090,Maharashtra,Pune,Lonavala,Mumbai-Pune Expressway (Bhor Ghat),Khandala Downhill S-Curve km 42-48,18.7557,73.37819,2024,9,22,7,Expressway,Dangerous Junction Geometry,Bus,Motorized Passenger,Rain,Wet / Slippery,Daylight,Medium,1,0,1
ACC-10091,Maharashtra,Pune,Lonavala,Mumbai-Pune Expressway (Bhor Ghat),Khandala Downhill S-Curve km 42-48,18.76048,73.38146,2023,2,1,18,Expressway,Adverse Weather / Fog,Car,Motorized Passenger,Rain,Wet / Slippery,Unlit / Pitch Black,High,1,0,2
ACC-10092,Maharashtra,Pune,Lonavala,Mumbai-Pune Expressway (Bhor Ghat),Khandala Downhill S-Curve km 42-48,18.76292,73.38248,2021,6,19,18,Expressway,Dangerous Junction Geometry,Heavy Truck,Commercial Goods,Rain,Damaged / Potholes,Unlit / Pitch Black,Low,1,2,1
ACC-10093,Maharashtra,Pune,Lonavala,Mumbai-Pune Expressway (Bhor Ghat),Khandala Downhill S-Curve km 42-48,18.76383,73.37646,2024,5,24,9,Expressway,Adverse Weather / Fog,Car,Motorized Passenger,Clear,Dry / Smooth,Daylight,Low,1,0,3
ACC-10094,Maharashtra,Pune,Lonavala,Mumbai-Pune Expressway (Bhor Ghat),Khandala Downhill S-Curve km 42-48,18.75592,73.37519,2021,3,9,21,Expressway,Adverse Weather / Fog,Bus,Motorized Passenger,Rain,Under Construction,Poor / Intermittent,Low,1,0,1
ACC-10095,Maharashtra,Pune,Lonavala,Mumbai-Pune Expressway (Bhor Ghat),Khandala Downhill S-Curve km 42-48,18.76681,73.37533,2024,11,10,12,Expressway,Overspeeding,Heavy Truck,Commercial Goods,Clear,Dry / Smooth,Daylight,Congested,1,0,0
ACC-10096,Maharashtra,Pune,Lonavala,Mumbai-Pune Expressway (Bhor Ghat),Khandala Downhill S-Curve km 42-48,18.76071,73.38708,2021,10,20,19,Expressway,Overspeeding,Heavy Truck,Commercial Goods,Clear,Damaged / Potholes,Streetlights Operational,Congested,1,0,3
ACC-10097,Maharashtra,Pune,Lonavala,Mumbai-Pune Expressway (Bhor Ghat),Khandala Downhill S-Curve km 42-48,18.76589,73.38496,2023,12,3,2,Expressway,Overspeeding,Car,Motorized Passenger,Fog/Mist,Under Construction,Streetlights Operational,Medium,1,2,1
ACC-10098,Maharashtra,Pune,Lonavala,Mumbai-Pune Expressway (Bhor Ghat),Khandala Downhill S-Curve km 42-48,18.768,73.38807,2021,11,21,9,Expressway,Overspeeding,Bus,Motorized Passenger,Clear,Under Construction,Daylight,Low,1,0,2
ACC-10099,Maharashtra,Pune,Lonavala,Mumbai-Pune Expressway (Bhor Ghat),Khandala Downhill S-Curve km 42-48,18.76617,73.38711,2023,2,19,17,Expressway,Brake Failure / Defect,Heavy Truck,Commercial Goods,Clear,Under Construction,Daylight,High,1,0,1
ACC-10100,Maharashtra,Pune,Lonavala,Mumbai-Pune Expressway (Bhor Ghat),Khandala Downhill S-Curve km 42-48,18.76576,73.37717,2021,11,22,9,Expressway,Overspeeding,Heavy Truck,Commercial Goods,Rain,Wet / Slippery,Daylight,Medium,1,0,1
ACC-10101,Maharashtra,Pune,Lonavala,Mumbai-Pune Expressway (Bhor Ghat),Khandala Downhill S-Curve km 42-48,18.76794,73.38564,2022,3,3,1,Expressway,Overspeeding,Bus,Motorized Passenger,Clear,Under Construction,Unlit / Pitch Black,Medium,1,1,2
ACC-10102,Maharashtra,Pune,Lonavala,Mumbai-Pune Expressway (Bhor Ghat),Khandala Downhill S-Curve km 42-48,18.76895,73.38665,2021,7,12,6,Expressway,Dangerous Junction Geometry,Bus,Motorized Passenger,Rain,Wet / Slippery,Daylight,Congested,1,0,1
ACC-10103,Maharashtra,Pune,Lonavala,Mumbai-Pune Expressway (Bhor Ghat),Khandala Downhill S-Curve km 42-48,18.7575,73.38436,2022,6,22,10,Expressway,Dangerous Junction Geometry,Heavy Truck,Commercial Goods,Clear,Under Construction,Daylight,Medium,1,0,0
ACC-10104,Maharashtra,Pune,Lonavala,Mumbai-Pune Expressway (Bhor Ghat),Khandala Downhill S-Curve km 42-48,18.7605,73.38924,2023,9,4,11,Expressway,Overspeeding,Heavy Truck,Commercial Goods,Rain,Wet / Slippery,Daylight,Medium,1,2,0
ACC-10105,Maharashtra,Pune,Lonavala,Mumbai-Pune Expressway (Bhor Ghat),Khandala Downhill S-Curve km 42-48,18.76839,73.38753,2022,8,12,9,Expressway,Overspeeding,Heavy Truck,Commercial Goods,Rain,Damaged / Potholes,Daylight,High,1,0,0
ACC-10106,Maharashtra,Pune,Lonavala,Mumbai-Pune Expressway (Bhor Ghat),Khandala Downhill S-Curve km 42-48,18.76228,73.38574,2023,3,5,19,Expressway,Adverse Weather / Fog,Bus,Motorized Passenger,Clear,Dry / Smooth,Streetlights Operational,High,1,0,2
ACC-10107,Maharashtra,Pune,Lonavala,Mumbai-Pune Expressway (Bhor Ghat),Khandala Downhill S-Curve km 42-48,18.76208,73.38421,2024,2,25,8,Expressway,Overspeeding,Car,Motorized Passenger,Rain,Damaged / Potholes,Daylight,Congested,1,2,1
ACC-10108,Maharashtra,Pune,Lonavala,Mumbai-Pune Expressway (Bhor Ghat),Khandala Downhill S-Curve km 42-48,18.76875,73.38281,2022,12,5,0,Expressway,Brake Failure / Defect,Car,Motorized Passenger,Fog/Mist,Damaged / Potholes,Streetlights Operational,High,1,0,1
ACC-10109,Maharashtra,Pune,Lonavala,Mumbai-Pune Expressway (Bhor Ghat),Khandala Downhill S-Curve km 42-48,18.76584,73.38586,2021,7,28,22,Expressway,Dangerous Junction Geometry,Heavy Truck,Commercial Goods,Rain,Wet / Slippery,Unlit / Pitch Black,High,1,1,2
ACC-10110,Maharashtra,Pune,Lonavala,Mumbai-Pune Expressway (Bhor Ghat),Khandala Downhill S-Curve km 42-48,18.76592,73.38142,2023,3,2,9,Expressway,Adverse Weather / Fog,Bus,Motorized Passenger,Rain,Under Construction,Daylight,Medium,1,0,0
ACC-10111,Delhi,North Delhi,New Delhi,Delhi Outer Ring Road (Mukarba Chowk),Mukarba Chowk to Burari Flyover Stretch,28.72825,77.17645,2023,4,2,17,Ring Road,Pedestrian Crossing Hazard,Heavy Truck,Commercial Goods,Rain,Wet / Slippery,Daylight,Congested,1,0,1
ACC-10112,Delhi,North Delhi,New Delhi,Delhi Outer Ring Road (Mukarba Chowk),Mukarba Chowk to Burari Flyover Stretch,28.73978,77.17234,2022,5,12,3,Ring Road,Overspeeding,Heavy Truck,Commercial Goods,Rain,Under Construction,Poor / Intermittent,Congested,1,0,1
ACC-10113,Delhi,North Delhi,New Delhi,Delhi Outer Ring Road (Mukarba Chowk),Mukarba Chowk to Burari Flyover Stretch,28.73384,77.17122,2024,6,26,1,Ring Road,Wrong-side Driving,Pedestrian,Vulnerable Road User (VRU),Rain,Wet / Slippery,Unlit / Pitch Black,High,1,1,1
ACC-10114,Delhi,North Delhi,New Delhi,Delhi Outer Ring Road (Mukarba Chowk),Mukarba Chowk to Burari Flyover Stretch,28.73507,77.17964,2024,6,15,9,Ring Road,Wrong-side Driving,Heavy Truck,Commercial Goods,Clear,Dry / Smooth,Daylight,Congested,1,0,2
ACC-10115,Delhi,North Delhi,New Delhi,Delhi Outer Ring Road (Mukarba Chowk),Mukarba Chowk to Burari Flyover Stretch,28.73506,77.17958,2022,10,22,3,Ring Road,Poor Lighting,Pedestrian,Vulnerable Road User (VRU),Rain,Wet / Slippery,Unlit / Pitch Black,Low,1,1,2
ACC-10116,Delhi,North Delhi,New Delhi,Delhi Outer Ring Road (Mukarba Chowk),Mukarba Chowk to Burari Flyover Stretch,28.73882,77.16628,2023,8,25,2,Ring Road,Overspeeding,Auto-Rickshaw,Vulnerable Road User (VRU),Rain,Wet / Slippery,Poor / Intermittent,High,1,1,1
ACC-10117,Delhi,North Delhi,New Delhi,Delhi Outer Ring Road (Mukarba Chowk),Mukarba Chowk to Burari Flyover Stretch,28.7256,77.17531,2023,12,15,21,Ring Road,Overspeeding,Auto-Rickshaw,Vulnerable Road User (VRU),Rain,Dry / Smooth,Unlit / Pitch Black,Medium,1,0,1
ACC-10118,Delhi,North Delhi,New Delhi,Delhi Outer Ring Road (Mukarba Chowk),Mukarba Chowk to Burari Flyover Stretch,28.72742,77.16662,2023,11,12,11,Ring Road,Overspeeding,Heavy Truck,Commercial Goods,Clear,Damaged / Potholes,Daylight,Low,1,0,0
ACC-10119,Delhi,North Delhi,New Delhi,Delhi Outer Ring Road (Mukarba Chowk),Mukarba Chowk to Burari Flyover Stretch,28.73186,77.17097,2024,1,12,9,Ring Road,Wrong-side Driving,Two-Wheeler,Vulnerable Road User (VRU),Clear,Dry / Smooth,Daylight,Low,1,0,2
ACC-10120,Delhi,North Delhi,New Delhi,Delhi Outer Ring Road (Mukarba Chowk),Mukarba Chowk to Burari Flyover Stretch,28.73444,77.16731,2024,10,3,9,Ring Road,Pedestrian Crossing Hazard,Auto-Rickshaw,Vulnerable Road User (VRU),Clear,Under Construction,Daylight,Medium,1,0,2
ACC-10121,Delhi,North Delhi,New Delhi,Delhi Outer Ring Road (Mukarba Chowk),Mukarba Chowk to Burari Flyover Stretch,28.73773,77.16841,2022,7,17,3,Ring Road,Pedestrian Crossing Hazard,Two-Wheeler,Vulnerable Road User (VRU),Rain,Wet / Slippery,Unlit / Pitch Black,Medium,1,2,2
ACC-10122,Delhi,North Delhi,New Delhi,Delhi Outer Ring Road (Mukarba Chowk),Mukarba Chowk to Burari Flyover Stretch,28.7374,77.16485,2023,3,21,20,Ring Road,Pedestrian Crossing Hazard,Two-Wheeler,Vulnerable Road User (VRU),Clear,Damaged / Potholes,Streetlights Operational,Low,1,0,1
ACC-10123,Delhi,North Delhi,New Delhi,Delhi Outer Ring Road (Mukarba Chowk),Mukarba Chowk to Burari Flyover Stretch,28.72812,77.17732,2021,11,25,22,Ring Road,Poor Lighting,Auto-Rickshaw,Vulnerable Road User (VRU),Fog/Mist,Under Construction,Unlit / Pitch Black,Low,1,0,1
ACC-10124,Delhi,North Delhi,New Delhi,Delhi Outer Ring Road (Mukarba Chowk),Mukarba Chowk to Burari Flyover Stretch,28.72931,77.18021,2024,5,15,0,Ring Road,Poor Lighting,Auto-Rickshaw,Vulnerable Road User (VRU),Rain,Under Construction,Poor / Intermittent,Medium,1,1,2
ACC-10125,Delhi,North Delhi,New Delhi,Delhi Outer Ring Road (Mukarba Chowk),Mukarba Chowk to Burari Flyover Stretch,28.72575,77.16904,2023,7,5,11,Ring Road,Pedestrian Crossing Hazard,Heavy Truck,Commercial Goods,Rain,Wet / Slippery,Daylight,High,1,0,1
ACC-10126,Delhi,North Delhi,New Delhi,Delhi Outer Ring Road (Mukarba Chowk),Mukarba Chowk to Burari Flyover Stretch,28.72564,77.17069,2024,10,14,2,Ring Road,Overspeeding,Heavy Truck,Commercial Goods,Rain,Under Construction,Unlit / Pitch Black,Congested,1,0,1
ACC-10127,Delhi,North Delhi,New Delhi,Delhi Outer Ring Road (Mukarba Chowk),Mukarba Chowk to Burari Flyover Stretch,28.73832,77.17604,2024,4,7,0,Ring Road,Pedestrian Crossing Hazard,Heavy Truck,Commercial Goods,Clear,Under Construction,Streetlights Operational,High,1,0,1
ACC-10128,Delhi,North Delhi,New Delhi,Delhi Outer Ring Road (Mukarba Chowk),Mukarba Chowk to Burari Flyover Stretch,28.74003,77.17529,2024,6,2,21,Ring Road,Poor Lighting,Heavy Truck,Commercial Goods,Rain,Wet / Slippery,Poor / Intermittent,Congested,1,0,1
ACC-10129,Delhi,North Delhi,New Delhi,Delhi Outer Ring Road (Mukarba Chowk),Mukarba Chowk to Burari Flyover Stretch,28.73178,77.17171,2021,3,4,9,Ring Road,Overspeeding,Two-Wheeler,Vulnerable Road User (VRU),Rain,Damaged / Potholes,Daylight,High,1,1,1
ACC-10130,Delhi,North Delhi,New Delhi,Delhi Outer Ring Road (Mukarba Chowk),Mukarba Chowk to Burari Flyover Stretch,28.73498,77.18008,2022,6,20,18,Ring Road,Overspeeding,Heavy Truck,Commercial Goods,Clear,Under Construction,Streetlights Operational,Congested,1,0,1
ACC-10131,Delhi,North Delhi,New Delhi,Delhi Outer Ring Road (Mukarba Chowk),Mukarba Chowk to Burari Flyover Stretch,28.73426,77.17432,2023,12,28,3,Ring Road,Wrong-side Driving,Heavy Truck,Commercial Goods,Fog/Mist,Damaged / Potholes,Streetlights Operational,High,1,0,0
ACC-10132,Delhi,North Delhi,New Delhi,Delhi Outer Ring Road (Mukarba Chowk),Mukarba Chowk to Burari Flyover Stretch,28.7366,77.17913,2024,3,27,3,Ring Road,Pedestrian Crossing Hazard,Two-Wheeler,Vulnerable Road User (VRU),Clear,Under Construction,Poor / Intermittent,Congested,1,0,1
ACC-10133,Delhi,North Delhi,New Delhi,Delhi Outer Ring Road (Mukarba Chowk),Mukarba Chowk to Burari Flyover Stretch,28.73501,77.17828,2021,12,5,20,Ring Road,Overspeeding,Auto-Rickshaw,Vulnerable Road User (VRU),Rain,Wet / Slippery,Streetlights Operational,Medium,1,1,1
ACC-10134,Delhi,North Delhi,New Delhi,Delhi Outer Ring Road (Mukarba Chowk),Mukarba Chowk to Burari Flyover Stretch,28.73202,77.17208,2023,10,16,7,Ring Road,Overspeeding,Heavy Truck,Commercial Goods,Clear,Damaged / Potholes,Daylight,Low,1,0,2
ACC-10135,Delhi,North Delhi,New Delhi,Delhi Outer Ring Road (Mukarba Chowk),Mukarba Chowk to Burari Flyover Stretch,28.73128,77.1685,2023,5,4,20,Ring Road,Wrong-side Driving,Auto-Rickshaw,Vulnerable Road User (VRU),Clear,Damaged / Potholes,Streetlights Operational,High,1,1,1
ACC-10136,Delhi,North Delhi,New Delhi,Delhi Outer Ring Road (Mukarba Chowk),Mukarba Chowk to Burari Flyover Stretch,28.72793,77.166,2024,4,7,7,Ring Road,Overspeeding,Two-Wheeler,Vulnerable Road User (VRU),Clear,Dry / Smooth,Daylight,Medium,1,2,1
ACC-10137,Delhi,North Delhi,New Delhi,Delhi Outer Ring Road (Mukarba Chowk),Mukarba Chowk to Burari Flyover Stretch,28.72877,77.16535,2023,12,16,2,Ring Road,Pedestrian Crossing Hazard,Two-Wheeler,Vulnerable Road User (VRU),Fog/Mist,Under Construction,Poor / Intermittent,Medium,1,0,1
ACC-10138,Delhi,North Delhi,New Delhi,Delhi Outer Ring Road (Mukarba Chowk),Mukarba Chowk to Burari Flyover Stretch,28.73618,77.17836,2021,11,19,23,Ring Road,Pedestrian Crossing Hazard,Two-Wheeler,Vulnerable Road User (VRU),Fog/Mist,Dry / Smooth,Unlit / Pitch Black,Congested,1,0,0
ACC-10139,Delhi,North Delhi,New Delhi,Delhi Outer Ring Road (Mukarba Chowk),Mukarba Chowk to Burari Flyover Stretch,28.73154,77.16852,2023,1,1,21,Ring Road,Pedestrian Crossing Hazard,Heavy Truck,Commercial Goods,Rain,Damaged / Potholes,Poor / Intermittent,Low,1,1,0
ACC-10140,Delhi,North Delhi,New Delhi,Delhi Outer Ring Road (Mukarba Chowk),Mukarba Chowk to Burari Flyover Stretch,28.72645,77.16958,2022,1,24,8,Ring Road,Poor Lighting,Two-Wheeler,Vulnerable Road User (VRU),Rain,Under Construction,Daylight,Low,1,1,0
ACC-10141,Delhi,North Delhi,New Delhi,Delhi Outer Ring Road (Mukarba Chowk),Mukarba Chowk to Burari Flyover Stretch,28.72609,77.16931,2022,1,9,19,Ring Road,Overspeeding,Heavy Truck,Commercial Goods,Rain,Wet / Slippery,Unlit / Pitch Black,Low,1,0,0
ACC-10142,Delhi,North Delhi,New Delhi,Delhi Outer Ring Road (Mukarba Chowk),Mukarba Chowk to Burari Flyover Stretch,28.72634,77.16685,2024,11,17,17,Ring Road,Overspeeding,Pedestrian,Vulnerable Road User (VRU),Rain,Wet / Slippery,Daylight,Low,1,0,1
ACC-10143,Delhi,North Delhi,New Delhi,Delhi Outer Ring Road (Mukarba Chowk),Mukarba Chowk to Burari Flyover Stretch,28.73746,77.17885,2023,7,23,19,Ring Road,Poor Lighting,Two-Wheeler,Vulnerable Road User (VRU),Rain,Wet / Slippery,Unlit / Pitch Black,High,1,0,0
ACC-10144,Delhi,North Delhi,New Delhi,Delhi Outer Ring Road (Mukarba Chowk),Mukarba Chowk to Burari Flyover Stretch,28.72509,77.16651,2022,10,18,9,Ring Road,Wrong-side Driving,Pedestrian,Vulnerable Road User (VRU),Rain,Damaged / Potholes,Daylight,High,1,0,1
ACC-10145,Delhi,North Delhi,New Delhi,Delhi Outer Ring Road (Mukarba Chowk),Mukarba Chowk to Burari Flyover Stretch,28.73915,77.1655,2024,8,19,19,Ring Road,Overspeeding,Pedestrian,Vulnerable Road User (VRU),Clear,Dry / Smooth,Unlit / Pitch Black,Congested,1,1,3
ACC-10146,Delhi,North Delhi,New Delhi,Delhi Outer Ring Road (Mukarba Chowk),Mukarba Chowk to Burari Flyover Stretch,28.73021,77.17532,2024,1,10,2,Ring Road,Wrong-side Driving,Heavy Truck,Commercial Goods,Fog/Mist,Under Construction,Streetlights Operational,Congested,1,0,3
ACC-10147,Delhi,North Delhi,New Delhi,Delhi Outer Ring Road (Mukarba Chowk),Mukarba Chowk to Burari Flyover Stretch,28.73161,77.17591,2022,11,28,2,Ring Road,Wrong-side Driving,Two-Wheeler,Vulnerable Road User (VRU),Fog/Mist,Damaged / Potholes,Streetlights Operational,High,1,0,4
ACC-10148,Delhi,North Delhi,New Delhi,Delhi Outer Ring Road (Mukarba Chowk),Mukarba Chowk to Burari Flyover Stretch,28.72601,77.17735,2024,9,13,6,Ring Road,Wrong-side Driving,Heavy Truck,Commercial Goods,Rain,Wet / Slippery,Daylight,Medium,1,0,2
ACC-10149,Delhi,North Delhi,New Delhi,Delhi Outer Ring Road (Mukarba Chowk),Mukarba Chowk to Burari Flyover Stretch,28.73495,77.17836,2024,10,25,17,Ring Road,Pedestrian Crossing Hazard,Two-Wheeler,Vulnerable Road User (VRU),Clear,Damaged / Potholes,Daylight,High,1,0,1
ACC-10150,Delhi,North Delhi,New Delhi,Delhi Outer Ring Road (Mukarba Chowk),Mukarba Chowk to Burari Flyover Stretch,28.7293,77.17397,2022,12,2,7,Ring Road,Poor Lighting,Pedestrian,Vulnerable Road User (VRU),Clear,Damaged / Potholes,Daylight,Medium,1,0,2
ACC-10151,Delhi,North Delhi,New Delhi,Delhi Outer Ring Road (Mukarba Chowk),Mukarba Chowk to Burari Flyover Stretch,28.73879,77.17442,2023,4,10,13,Ring Road,Poor Lighting,Auto-Rickshaw,Vulnerable Road User (VRU),Rain,Wet / Slippery,Daylight,Low,1,2,2
ACC-10152,Delhi,North Delhi,New Delhi,Delhi Outer Ring Road (Mukarba Chowk),Mukarba Chowk to Burari Flyover Stretch,28.73178,77.17799,2024,9,16,9,Ring Road,Wrong-side Driving,Heavy Truck,Commercial Goods,Clear,Under Construction,Daylight,Low,1,0,2
ACC-10153,Delhi,North Delhi,New Delhi,Delhi Outer Ring Road (Mukarba Chowk),Mukarba Chowk to Burari Flyover Stretch,28.73896,77.17795,2023,12,5,17,Ring Road,Pedestrian Crossing Hazard,Auto-Rickshaw,Vulnerable Road User (VRU),Clear,Under Construction,Daylight,Congested,1,1,2
ACC-10154,Delhi,North Delhi,New Delhi,Delhi Outer Ring Road (Mukarba Chowk),Mukarba Chowk to Burari Flyover Stretch,28.73951,77.16465,2021,9,24,3,Ring Road,Overspeeding,Auto-Rickshaw,Vulnerable Road User (VRU),Clear,Dry / Smooth,Streetlights Operational,Medium,1,2,1
ACC-10155,Delhi,North Delhi,New Delhi,Delhi Outer Ring Road (Mukarba Chowk),Mukarba Chowk to Burari Flyover Stretch,28.73029,77.17294,2022,12,4,15,Ring Road,Wrong-side Driving,Two-Wheeler,Vulnerable Road User (VRU),Rain,Damaged / Potholes,Daylight,Medium,1,0,2
ACC-10156,Delhi,North Delhi,New Delhi,Delhi Outer Ring Road (Mukarba Chowk),Mukarba Chowk to Burari Flyover Stretch,28.7332,77.16794,2023,5,9,19,Ring Road,Wrong-side Driving,Pedestrian,Vulnerable Road User (VRU),Clear,Under Construction,Streetlights Operational,Medium,1,0,1
ACC-10157,Delhi,North Delhi,New Delhi,Delhi Outer Ring Road (Mukarba Chowk),Mukarba Chowk to Burari Flyover Stretch,28.73516,77.16852,2022,1,9,21,Ring Road,Wrong-side Driving,Heavy Truck,Commercial Goods,Rain,Damaged / Potholes,Poor / Intermittent,Medium,1,0,2
ACC-10158,Delhi,North Delhi,New Delhi,Delhi Outer Ring Road (Mukarba Chowk),Mukarba Chowk to Burari Flyover Stretch,28.73952,77.17278,2024,12,21,10,Ring Road,Poor Lighting,Heavy Truck,Commercial Goods,Clear,Damaged / Potholes,Daylight,Congested,1,2,3
ACC-10159,Delhi,North Delhi,New Delhi,Delhi Outer Ring Road (Mukarba Chowk),Mukarba Chowk to Burari Flyover Stretch,28.7344,77.17934,2021,11,2,9,Ring Road,Poor Lighting,Two-Wheeler,Vulnerable Road User (VRU),Clear,Dry / Smooth,Daylight,High,1,1,0
ACC-10160,Delhi,North Delhi,New Delhi,Delhi Outer Ring Road (Mukarba Chowk),Mukarba Chowk to Burari Flyover Stretch,28.73109,77.17944,2024,11,16,20,Ring Road,Wrong-side Driving,Pedestrian,Vulnerable Road User (VRU),Rain,Wet / Slippery,Poor / Intermittent,High,1,0,2
ACC-10161,Delhi,North Delhi,New Delhi,Delhi Outer Ring Road (Mukarba Chowk),Mukarba Chowk to Burari Flyover Stretch,28.73955,77.17174,2022,2,4,7,Ring Road,Poor Lighting,Heavy Truck,Commercial Goods,Rain,Wet / Slippery,Daylight,Low,1,0,0
ACC-10162,Delhi,North Delhi,New Delhi,Delhi Outer Ring Road (Mukarba Chowk),Mukarba Chowk to Burari Flyover Stretch,28.72552,77.17793,2022,12,8,1,Ring Road,Pedestrian Crossing Hazard,Pedestrian,Vulnerable Road User (VRU),Fog/Mist,Under Construction,Poor / Intermittent,High,1,0,2
ACC-10163,Delhi,North Delhi,New Delhi,Delhi Outer Ring Road (Mukarba Chowk),Mukarba Chowk to Burari Flyover Stretch,28.73859,77.17342,2023,10,28,17,Ring Road,Pedestrian Crossing Hazard,Two-Wheeler,Vulnerable Road User (VRU),Rain,Damaged / Potholes,Daylight,Low,1,1,3
ACC-10164,Delhi,North Delhi,New Delhi,Delhi Outer Ring Road (Mukarba Chowk),Mukarba Chowk to Burari Flyover Stretch,28.73779,77.17523,2021,3,28,7,Ring Road,Poor Lighting,Auto-Rickshaw,Vulnerable Road User (VRU),Clear,Dry / Smooth,Daylight,Medium,1,0,1
ACC-10165,Delhi,North Delhi,New Delhi,Delhi Outer Ring Road (Mukarba Chowk),Mukarba Chowk to Burari Flyover Stretch,28.73388,77.17422,2023,7,25,15,Ring Road,Pedestrian Crossing Hazard,Heavy Truck,Commercial Goods,Rain,Wet / Slippery,Daylight,Congested,1,0,0
ACC-10166,Rajasthan,Kotputli-Behror,Kotputli,NH-48 Jaipur-Delhi Corridor,Behror Dhaba Cluster km 128-135,27.87481,76.26911,2024,6,1,19,National Highway,Driver Drowsiness,Heavy Truck,Commercial Goods,Rain,Wet / Slippery,Poor / Intermittent,Congested,1,1,2
ACC-10167,Rajasthan,Kotputli-Behror,Kotputli,NH-48 Jaipur-Delhi Corridor,Behror Dhaba Cluster km 128-135,27.86504,76.2692,2022,7,23,5,National Highway,Driver Drowsiness,Car,Motorized Passenger,Rain,Wet / Slippery,Unlit / Pitch Black,Low,1,0,2
ACC-10168,Rajasthan,Kotputli-Behror,Kotputli,NH-48 Jaipur-Delhi Corridor,Behror Dhaba Cluster km 128-135,27.875,76.27675,2024,8,18,18,National Highway,Drunk Driving,Heavy Truck,Commercial Goods,Rain,Wet / Slippery,Unlit / Pitch Black,Congested,1,1,2
ACC-10169,Rajasthan,Kotputli-Behror,Kotputli,NH-48 Jaipur-Delhi Corridor,Behror Dhaba Cluster km 128-135,27.87592,76.27358,2022,10,17,18,National Highway,Adverse Weather / Fog,Heavy Truck,Commercial Goods,Clear,Under Construction,Poor / Intermittent,High,1,1,1
ACC-10170,Rajasthan,Kotputli-Behror,Kotputli,NH-48 Jaipur-Delhi Corridor,Behror Dhaba Cluster km 128-135,27.8772,76.27484,2022,12,21,21,National Highway,Adverse Weather / Fog,Car,Motorized Passenger,Rain,Dry / Smooth,Poor / Intermittent,Low,1,0,1
ACC-10171,Rajasthan,Kotputli-Behror,Kotputli,NH-48 Jaipur-Delhi Corridor,Behror Dhaba Cluster km 128-135,27.86806,76.27892,2024,11,20,9,National Highway,Adverse Weather / Fog,Car,Motorized Passenger,Rain,Wet / Slippery,Daylight,Medium,1,0,3
ACC-10172,Rajasthan,Kotputli-Behror,Kotputli,NH-48 Jaipur-Delhi Corridor,Behror Dhaba Cluster km 128-135,27.87616,76.2811,2024,10,26,18,National Highway,Overspeeding,Car,Motorized Passenger,Clear,Damaged / Potholes,Unlit / Pitch Black,Congested,1,0,1
ACC-10173,Rajasthan,Kotputli-Behror,Kotputli,NH-48 Jaipur-Delhi Corridor,Behror Dhaba Cluster km 128-135,27.86981,76.27591,2021,7,22,22,National Highway,Overspeeding,Heavy Truck,Commercial Goods,Clear,Under Construction,Unlit / Pitch Black,Congested,1,0,1
ACC-10174,Rajasthan,Kotputli-Behror,Kotputli,NH-48 Jaipur-Delhi Corridor,Behror Dhaba Cluster km 128-135,27.87914,76.27864,2024,9,2,8,National Highway,Drunk Driving,Heavy Truck,Commercial Goods,Rain,Wet / Slippery,Daylight,Medium,1,0,0
ACC-10175,Rajasthan,Kotputli-Behror,Kotputli,NH-48 Jaipur-Delhi Corridor,Behror Dhaba Cluster km 128-135,27.86581,76.28376,2024,6,26,0,National Highway,Drunk Driving,Car,Motorized Passenger,Rain,Wet / Slippery,Unlit / Pitch Black,Congested,1,1,2
ACC-10176,Rajasthan,Kotputli-Behror,Kotputli,NH-48 Jaipur-Delhi Corridor,Behror Dhaba Cluster km 128-135,27.86897,76.26936,2024,2,10,1,National Highway,Drunk Driving,Two-Wheeler,Vulnerable Road User (VRU),Rain,Wet / Slippery,Poor / Intermittent,Congested,1,0,1
ACC-10177,Rajasthan,Kotputli-Behror,Kotputli,NH-48 Jaipur-Delhi Corridor,Behror Dhaba Cluster km 128-135,27.87022,76.27519,2024,6,3,23,National Highway,Drunk Driving,Heavy Truck,Commercial Goods,Clear,Damaged / Potholes,Streetlights Operational,Medium,1,0,1
ACC-10178,Rajasthan,Kotputli-Behror,Kotputli,NH-48 Jaipur-Delhi Corridor,Behror Dhaba Cluster km 128-135,27.87544,76.28074,2024,11,6,22,National Highway,Driver Drowsiness,Car,Motorized Passenger,Fog/Mist,Under Construction,Unlit / Pitch Black,Congested,1,1,1
ACC-10179,Rajasthan,Kotputli-Behror,Kotputli,NH-48 Jaipur-Delhi Corridor,Behror Dhaba Cluster km 128-135,27.8772,76.27624,2021,10,4,11,National Highway,Adverse Weather / Fog,Car,Motorized Passenger,Rain,Wet / Slippery,Daylight,Medium,1,0,1
ACC-10180,Rajasthan,Kotputli-Behror,Kotputli,NH-48 Jaipur-Delhi Corridor,Behror Dhaba Cluster km 128-135,27.86722,76.26967,2023,10,13,21,National Highway,Drunk Driving,Car,Motorized Passenger,Clear,Damaged / Potholes,Poor / Intermittent,High,1,0,1
ACC-10181,Rajasthan,Kotputli-Behror,Kotputli,NH-48 Jaipur-Delhi Corridor,Behror Dhaba Cluster km 128-135,27.86843,76.27502,2023,12,5,18,National Highway,Adverse Weather / Fog,Two-Wheeler,Vulnerable Road User (VRU),Clear,Under Construction,Unlit / Pitch Black,Medium,1,0,0
ACC-10182,Rajasthan,Kotputli-Behror,Kotputli,NH-48 Jaipur-Delhi Corridor,Behror Dhaba Cluster km 128-135,27.87122,76.26912,2021,6,1,7,National Highway,Driver Drowsiness,Two-Wheeler,Vulnerable Road User (VRU),Rain,Under Construction,Daylight,Congested,1,0,2
ACC-10183,Rajasthan,Kotputli-Behror,Kotputli,NH-48 Jaipur-Delhi Corridor,Behror Dhaba Cluster km 128-135,27.87209,76.28365,2021,4,10,7,National Highway,Overspeeding,Heavy Truck,Commercial Goods,Rain,Under Construction,Daylight,High,1,0,1
ACC-10184,Rajasthan,Kotputli-Behror,Kotputli,NH-48 Jaipur-Delhi Corridor,Behror Dhaba Cluster km 128-135,27.87043,76.2837,2021,12,15,18,National Highway,Drunk Driving,Two-Wheeler,Vulnerable Road User (VRU),Clear,Damaged / Potholes,Streetlights Operational,High,1,1,2
ACC-10185,Rajasthan,Kotputli-Behror,Kotputli,NH-48 Jaipur-Delhi Corridor,Behror Dhaba Cluster km 128-135,27.87629,76.27692,2022,4,26,14,National Highway,Overspeeding,Two-Wheeler,Vulnerable Road User (VRU),Clear,Under Construction,Daylight,Medium,1,0,2
ACC-10186,Rajasthan,Kotputli-Behror,Kotputli,NH-48 Jaipur-Delhi Corridor,Behror Dhaba Cluster km 128-135,27.87727,76.26983,2023,10,18,23,National Highway,Overspeeding,Car,Motorized Passenger,Clear,Dry / Smooth,Streetlights Operational,Congested,1,0,4
ACC-10187,Rajasthan,Kotputli-Behror,Kotputli,NH-48 Jaipur-Delhi Corridor,Behror Dhaba Cluster km 128-135,27.87003,76.27503,2022,4,5,16,National Highway,Adverse Weather / Fog,Two-Wheeler,Vulnerable Road User (VRU),Rain,Under Construction,Daylight,Medium,1,0,1
ACC-10188,Rajasthan,Kotputli-Behror,Kotputli,NH-48 Jaipur-Delhi Corridor,Behror Dhaba Cluster km 128-135,27.86489,76.28335,2021,7,17,14,National Highway,Overspeeding,Car,Motorized Passenger,Rain,Wet / Slippery,Daylight,High,1,0,2
ACC-10189,Rajasthan,Kotputli-Behror,Kotputli,NH-48 Jaipur-Delhi Corridor,Behror Dhaba Cluster km 128-135,27.87265,76.27686,2023,2,26,7,National Highway,Driver Drowsiness,Heavy Truck,Commercial Goods,Clear,Under Construction,Daylight,Low,1,0,1
ACC-10190,Rajasthan,Kotputli-Behror,Kotputli,NH-48 Jaipur-Delhi Corridor,Behror Dhaba Cluster km 128-135,27.8707,76.28367,2024,6,22,3,National Highway,Drunk Driving,Two-Wheeler,Vulnerable Road User (VRU),Rain,Wet / Slippery,Streetlights Operational,High,1,0,0
ACC-10191,Rajasthan,Kotputli-Behror,Kotputli,NH-48 Jaipur-Delhi Corridor,Behror Dhaba Cluster km 128-135,27.86935,76.28226,2024,4,23,17,National Highway,Overspeeding,Heavy Truck,Commercial Goods,Rain,Wet / Slippery,Daylight,High,1,0,1
ACC-10192,Rajasthan,Kotputli-Behror,Kotputli,NH-48 Jaipur-Delhi Corridor,Behror Dhaba Cluster km 128-135,27.87171,76.27492,2022,1,13,23,National Highway,Adverse Weather / Fog,Car,Motorized Passenger,Fog/Mist,Dry / Smooth,Streetlights Operational,High,1,1,1
ACC-10193,Rajasthan,Kotputli-Behror,Kotputli,NH-48 Jaipur-Delhi Corridor,Behror Dhaba Cluster km 128-135,27.86505,76.27368,2021,12,11,16,National Highway,Driver Drowsiness,Two-Wheeler,Vulnerable Road User (VRU),Rain,Damaged / Potholes,Daylight,High,1,1,2
ACC-10194,Rajasthan,Kotputli-Behror,Kotputli,NH-48 Jaipur-Delhi Corridor,Behror Dhaba Cluster km 128-135,27.86902,76.27121,2023,3,13,15,National Highway,Adverse Weather / Fog,Two-Wheeler,Vulnerable Road User (VRU),Clear,Damaged / Potholes,Daylight,High,1,0,0
ACC-10195,Rajasthan,Kotputli-Behror,Kotputli,NH-48 Jaipur-Delhi Corridor,Behror Dhaba Cluster km 128-135,27.87606,76.27176,2022,7,20,16,National Highway,Adverse Weather / Fog,Heavy Truck,Commercial Goods,Clear,Damaged / Potholes,Daylight,Congested,1,0,1
ACC-10196,Rajasthan,Kotputli-Behror,Kotputli,NH-48 Jaipur-Delhi Corridor,Behror Dhaba Cluster km 128-135,27.87867,76.27572,2021,4,18,23,National Highway,Overspeeding,Two-Wheeler,Vulnerable Road User (VRU),Clear,Damaged / Potholes,Poor / Intermittent,Congested,1,1,2
ACC-10197,Rajasthan,Kotputli-Behror,Kotputli,NH-48 Jaipur-Delhi Corridor,Behror Dhaba Cluster km 128-135,27.87867,76.28013,2021,4,16,1,National Highway,Drunk Driving,Car,Motorized Passenger,Rain,Damaged / Potholes,Streetlights Operational,Congested,1,1,2
ACC-10198,Rajasthan,Kotputli-Behror,Kotputli,NH-48 Jaipur-Delhi Corridor,Behror Dhaba Cluster km 128-135,27.87365,76.2764,2021,10,3,7,National Highway,Drunk Driving,Heavy Truck,Commercial Goods,Clear,Under Construction,Daylight,Congested,1,0,1
ACC-10199,Rajasthan,Kotputli-Behror,Kotputli,NH-48 Jaipur-Delhi Corridor,Behror Dhaba Cluster km 128-135,27.87694,76.26873,2022,5,3,20,National Highway,Adverse Weather / Fog,Heavy Truck,Commercial Goods,Clear,Under Construction,Streetlights Operational,Low,1,0,2
ACC-10200,Rajasthan,Kotputli-Behror,Kotputli,NH-48 Jaipur-Delhi Corridor,Behror Dhaba Cluster km 128-135,27.86602,76.28305,2021,7,4,21,National Highway,Drunk Driving,Car,Motorized Passenger,Clear,Damaged / Potholes,Streetlights Operational,High,1,0,2
ACC-10201,Rajasthan,Kotputli-Behror,Kotputli,NH-48 Jaipur-Delhi Corridor,Behror Dhaba Cluster km 128-135,27.87263,76.26903,2023,3,12,8,National Highway,Drunk Driving,Heavy Truck,Commercial Goods,Rain,Wet / Slippery,Daylight,Congested,1,1,2
ACC-10202,Rajasthan,Kotputli-Behror,Kotputli,NH-48 Jaipur-Delhi Corridor,Behror Dhaba Cluster km 128-135,27.87095,76.27393,2024,9,12,21,National Highway,Adverse Weather / Fog,Car,Motorized Passenger,Clear,Dry / Smooth,Unlit / Pitch Black,High,1,2,1
ACC-10203,Rajasthan,Kotputli-Behror,Kotputli,NH-48 Jaipur-Delhi Corridor,Behror Dhaba Cluster km 128-135,27.86531,76.27857,2022,3,28,23,National Highway,Driver Drowsiness,Heavy Truck,Commercial Goods,Rain,Wet / Slippery,Poor / Intermittent,Low,1,0,1
ACC-10204,Rajasthan,Kotputli-Behror,Kotputli,NH-48 Jaipur-Delhi Corridor,Behror Dhaba Cluster km 128-135,27.86661,76.27682,2021,3,8,3,National Highway,Driver Drowsiness,Heavy Truck,Commercial Goods,Rain,Wet / Slippery,Streetlights Operational,Low,1,1,0
ACC-10205,Rajasthan,Kotputli-Behror,Kotputli,NH-48 Jaipur-Delhi Corridor,Behror Dhaba Cluster km 128-135,27.87206,76.27798,2023,12,20,9,National Highway,Driver Drowsiness,Heavy Truck,Commercial Goods,Clear,Damaged / Potholes,Daylight,High,1,0,0
ACC-10206,Rajasthan,Kotputli-Behror,Kotputli,NH-48 Jaipur-Delhi Corridor,Behror Dhaba Cluster km 128-135,27.87896,76.27008,2021,6,1,9,National Highway,Overspeeding,Heavy Truck,Commercial Goods,Rain,Wet / Slippery,Daylight,Medium,1,0,3
ACC-10207,Rajasthan,Kotputli-Behror,Kotputli,NH-48 Jaipur-Delhi Corridor,Behror Dhaba Cluster km 128-135,27.86493,76.26994,2023,2,2,17,National Highway,Driver Drowsiness,Two-Wheeler,Vulnerable Road User (VRU),Rain,Wet / Slippery,Daylight,Congested,1,0,0
ACC-10208,Tamil Nadu,Kanchipuram,Sriperumbudur,Chennai-Bengaluru Highway NH-48,Irungattukottai SIPCOT Industrial Hub,12.96238,79.94942,2024,2,19,18,National Highway,Overspeeding,Pedestrian,Vulnerable Road User (VRU),Clear,Under Construction,Poor / Intermittent,Low,1,1,3
ACC-10209,Tamil Nadu,Kanchipuram,Sriperumbudur,Chennai-Bengaluru Highway NH-48,Irungattukottai SIPCOT Industrial Hub,12.97384,79.93855,2021,3,4,19,National Highway,Poor Lighting,Heavy Truck,Commercial Goods,Rain,Wet / Slippery,Unlit / Pitch Black,Medium,1,0,1
ACC-10210,Tamil Nadu,Kanchipuram,Sriperumbudur,Chennai-Bengaluru Highway NH-48,Irungattukottai SIPCOT Industrial Hub,12.96498,79.95022,2023,12,23,7,National Highway,Poor Lighting,Pedestrian,Vulnerable Road User (VRU),Clear,Dry / Smooth,Daylight,Low,1,0,0
ACC-10211,Tamil Nadu,Kanchipuram,Sriperumbudur,Chennai-Bengaluru Highway NH-48,Irungattukottai SIPCOT Industrial Hub,12.96376,79.94027,2022,1,13,11,National Highway,Overspeeding,Two-Wheeler,Vulnerable Road User (VRU),Clear,Under Construction,Daylight,Medium,1,1,2
ACC-10212,Tamil Nadu,Kanchipuram,Sriperumbudur,Chennai-Bengaluru Highway NH-48,Irungattukottai SIPCOT Industrial Hub,12.96167,79.95066,2024,6,22,22,National Highway,Pedestrian Crossing Hazard,Bus,Motorized Passenger,Rain,Wet / Slippery,Streetlights Operational,High,1,1,2
ACC-10213,Tamil Nadu,Kanchipuram,Sriperumbudur,Chennai-Bengaluru Highway NH-48,Irungattukottai SIPCOT Industrial Hub,12.97473,79.9415,2023,2,2,3,National Highway,Overspeeding,Heavy Truck,Commercial Goods,Rain,Under Construction,Streetlights Operational,High,1,1,1
ACC-10214,Tamil Nadu,Kanchipuram,Sriperumbudur,Chennai-Bengaluru Highway NH-48,Irungattukottai SIPCOT Industrial Hub,12.97435,79.94551,2024,3,2,21,National Highway,Overspeeding,Bus,Motorized Passenger,Clear,Under Construction,Streetlights Operational,High,1,1,0
ACC-10215,Tamil Nadu,Kanchipuram,Sriperumbudur,Chennai-Bengaluru Highway NH-48,Irungattukottai SIPCOT Industrial Hub,12.96975,79.93757,2021,7,26,10,National Highway,Potholes / Road Surface Defect,Bus,Motorized Passenger,Clear,Damaged / Potholes,Daylight,Congested,1,0,0
ACC-10216,Tamil Nadu,Kanchipuram,Sriperumbudur,Chennai-Bengaluru Highway NH-48,Irungattukottai SIPCOT Industrial Hub,12.97326,79.95178,2023,1,26,11,National Highway,Poor Lighting,Pedestrian,Vulnerable Road User (VRU),Clear,Damaged / Potholes,Daylight,Medium,1,0,1
ACC-10217,Tamil Nadu,Kanchipuram,Sriperumbudur,Chennai-Bengaluru Highway NH-48,Irungattukottai SIPCOT Industrial Hub,12.97201,79.94284,2021,4,19,15,National Highway,Potholes / Road Surface Defect,Bus,Motorized Passenger,Clear,Damaged / Potholes,Daylight,Medium,1,0,1
ACC-10218,Tamil Nadu,Kanchipuram,Sriperumbudur,Chennai-Bengaluru Highway NH-48,Irungattukottai SIPCOT Industrial Hub,12.9637,79.94552,2021,12,23,21,National Highway,Overspeeding,Pedestrian,Vulnerable Road User (VRU),Clear,Under Construction,Streetlights Operational,Medium,1,1,1
ACC-10219,Tamil Nadu,Kanchipuram,Sriperumbudur,Chennai-Bengaluru Highway NH-48,Irungattukottai SIPCOT Industrial Hub,12.97259,79.95064,2021,6,20,2,National Highway,Poor Lighting,Pedestrian,Vulnerable Road User (VRU),Rain,Wet / Slippery,Poor / Intermittent,Medium,1,0,3
ACC-10220,Tamil Nadu,Kanchipuram,Sriperumbudur,Chennai-Bengaluru Highway NH-48,Irungattukottai SIPCOT Industrial Hub,12.96719,79.94733,2023,2,12,13,National Highway,Potholes / Road Surface Defect,Two-Wheeler,Vulnerable Road User (VRU),Clear,Damaged / Potholes,Daylight,Low,1,3,2
ACC-10221,Tamil Nadu,Kanchipuram,Sriperumbudur,Chennai-Bengaluru Highway NH-48,Irungattukottai SIPCOT Industrial Hub,12.97538,79.94337,2024,11,11,20,National Highway,Poor Lighting,Pedestrian,Vulnerable Road User (VRU),Clear,Under Construction,Unlit / Pitch Black,Low,1,1,3
ACC-10222,Tamil Nadu,Kanchipuram,Sriperumbudur,Chennai-Bengaluru Highway NH-48,Irungattukottai SIPCOT Industrial Hub,12.97437,79.93852,2021,3,20,21,National Highway,Overspeeding,Two-Wheeler,Vulnerable Road User (VRU),Clear,Damaged / Potholes,Streetlights Operational,High,1,3,0
ACC-10223,Tamil Nadu,Kanchipuram,Sriperumbudur,Chennai-Bengaluru Highway NH-48,Irungattukottai SIPCOT Industrial Hub,12.96721,79.94381,2023,8,1,7,National Highway,Pedestrian Crossing Hazard,Bus,Motorized Passenger,Rain,Wet / Slippery,Daylight,High,1,0,0
ACC-10224,Tamil Nadu,Kanchipuram,Sriperumbudur,Chennai-Bengaluru Highway NH-48,Irungattukottai SIPCOT Industrial Hub,12.96492,79.9422,2022,7,16,8,National Highway,Potholes / Road Surface Defect,Two-Wheeler,Vulnerable Road User (VRU),Rain,Damaged / Potholes,Daylight,Medium,1,1,2
ACC-10225,Tamil Nadu,Kanchipuram,Sriperumbudur,Chennai-Bengaluru Highway NH-48,Irungattukottai SIPCOT Industrial Hub,12.97066,79.94682,2021,2,11,18,National Highway,Overspeeding,Two-Wheeler,Vulnerable Road User (VRU),Clear,Dry / Smooth,Streetlights Operational,Congested,1,0,1
ACC-10226,Tamil Nadu,Kanchipuram,Sriperumbudur,Chennai-Bengaluru Highway NH-48,Irungattukottai SIPCOT Industrial Hub,12.96899,79.94496,2024,3,2,7,National Highway,Overspeeding,Heavy Truck,Commercial Goods,Rain,Wet / Slippery,Daylight,Low,1,1,1
ACC-10227,Tamil Nadu,Kanchipuram,Sriperumbudur,Chennai-Bengaluru Highway NH-48,Irungattukottai SIPCOT Industrial Hub,12.96778,79.93895,2021,6,1,8,National Highway,Potholes / Road Surface Defect,Pedestrian,Vulnerable Road User (VRU),Clear,Damaged / Potholes,Daylight,High,1,1,3
ACC-10228,Tamil Nadu,Kanchipuram,Sriperumbudur,Chennai-Bengaluru Highway NH-48,Irungattukottai SIPCOT Industrial Hub,12.96441,79.94454,2024,8,16,7,National Highway,Pedestrian Crossing Hazard,Heavy Truck,Commercial Goods,Rain,Wet / Slippery,Daylight,Congested,1,0,1
ACC-10229,Tamil Nadu,Kanchipuram,Sriperumbudur,Chennai-Bengaluru Highway NH-48,Irungattukottai SIPCOT Industrial Hub,12.9669,79.94567,2022,5,19,23,National Highway,Pedestrian Crossing Hazard,Two-Wheeler,Vulnerable Road User (VRU),Clear,Under Construction,Streetlights Operational,High,1,0,2
ACC-10230,Tamil Nadu,Kanchipuram,Sriperumbudur,Chennai-Bengaluru Highway NH-48,Irungattukottai SIPCOT Industrial Hub,12.97538,79.93977,2024,10,8,1,National Highway,Potholes / Road Surface Defect,Two-Wheeler,Vulnerable Road User (VRU),Clear,Damaged / Potholes,Streetlights Operational,High,1,0,1
ACC-10231,Tamil Nadu,Kanchipuram,Sriperumbudur,Chennai-Bengaluru Highway NH-48,Irungattukottai SIPCOT Industrial Hub,12.96159,79.946,2022,4,5,1,National Highway,Potholes / Road Surface Defect,Pedestrian,Vulnerable Road User (VRU),Clear,Damaged / Potholes,Streetlights Operational,Low,1,1,2
ACC-10232,Tamil Nadu,Kanchipuram,Sriperumbudur,Chennai-Bengaluru Highway NH-48,Irungattukottai SIPCOT Industrial Hub,12.96478,79.94567,2023,5,17,0,National Highway,Potholes / Road Surface Defect,Two-Wheeler,Vulnerable Road User (VRU),Clear,Damaged / Potholes,Unlit / Pitch Black,High,1,0,0
ACC-10233,Tamil Nadu,Kanchipuram,Sriperumbudur,Chennai-Bengaluru Highway NH-48,Irungattukottai SIPCOT Industrial Hub,12.964,79.94903,2023,7,9,19,National Highway,Potholes / Road Surface Defect,Two-Wheeler,Vulnerable Road User (VRU),Clear,Damaged / Potholes,Poor / Intermittent,Congested,1,2,1
ACC-10234,Tamil Nadu,Kanchipuram,Sriperumbudur,Chennai-Bengaluru Highway NH-48,Irungattukottai SIPCOT Industrial Hub,12.97258,79.94223,2023,6,1,8,National Highway,Poor Lighting,Bus,Motorized Passenger,Clear,Dry / Smooth,Daylight,Medium,1,0,2
ACC-10235,Tamil Nadu,Kanchipuram,Sriperumbudur,Chennai-Bengaluru Highway NH-48,Irungattukottai SIPCOT Industrial Hub,12.96518,79.94521,2024,10,21,19,National Highway,Overspeeding,Heavy Truck,Commercial Goods,Rain,Wet / Slippery,Streetlights Operational,High,1,0,0
ACC-10236,Tamil Nadu,Kanchipuram,Sriperumbudur,Chennai-Bengaluru Highway NH-48,Irungattukottai SIPCOT Industrial Hub,12.96609,79.94453,2022,9,19,7,National Highway,Overspeeding,Two-Wheeler,Vulnerable Road User (VRU),Rain,Wet / Slippery,Daylight,Congested,1,1,0
ACC-10237,Tamil Nadu,Kanchipuram,Sriperumbudur,Chennai-Bengaluru Highway NH-48,Irungattukottai SIPCOT Industrial Hub,12.96902,79.94261,2024,11,4,6,National Highway,Poor Lighting,Heavy Truck,Commercial Goods,Fog/Mist,Under Construction,Daylight,Medium,1,0,1
ACC-10238,Tamil Nadu,Kanchipuram,Sriperumbudur,Chennai-Bengaluru Highway NH-48,Irungattukottai SIPCOT Industrial Hub,12.97104,79.94141,2023,12,27,7,National Highway,Pedestrian Crossing Hazard,Heavy Truck,Commercial Goods,Clear,Dry / Smooth,Daylight,Medium,1,0,1
ACC-10239,Tamil Nadu,Kanchipuram,Sriperumbudur,Chennai-Bengaluru Highway NH-48,Irungattukottai SIPCOT Industrial Hub,12.96509,79.95257,2024,9,1,15,National Highway,Pedestrian Crossing Hazard,Heavy Truck,Commercial Goods,Clear,Damaged / Potholes,Daylight,Medium,1,0,2
ACC-10240,Tamil Nadu,Kanchipuram,Sriperumbudur,Chennai-Bengaluru Highway NH-48,Irungattukottai SIPCOT Industrial Hub,12.97619,79.95256,2023,7,13,10,National Highway,Poor Lighting,Pedestrian,Vulnerable Road User (VRU),Rain,Wet / Slippery,Daylight,Congested,1,0,0
ACC-10241,Tamil Nadu,Kanchipuram,Sriperumbudur,Chennai-Bengaluru Highway NH-48,Irungattukottai SIPCOT Industrial Hub,12.97398,79.94128,2023,9,21,8,National Highway,Poor Lighting,Two-Wheeler,Vulnerable Road User (VRU),Rain,Wet / Slippery,Daylight,Low,1,0,1
ACC-10242,Tamil Nadu,Kanchipuram,Sriperumbudur,Chennai-Bengaluru Highway NH-48,Irungattukottai SIPCOT Industrial Hub,12.97616,79.94125,2023,4,5,7,National Highway,Pedestrian Crossing Hazard,Heavy Truck,Commercial Goods,Rain,Wet / Slippery,Daylight,Medium,1,0,2
ACC-10243,Tamil Nadu,Kanchipuram,Sriperumbudur,Chennai-Bengaluru Highway NH-48,Irungattukottai SIPCOT Industrial Hub,12.97365,79.95112,2024,7,13,12,National Highway,Overspeeding,Bus,Motorized Passenger,Rain,Damaged / Potholes,Daylight,Low,1,0,2
ACC-10244,Tamil Nadu,Kanchipuram,Sriperumbudur,Chennai-Bengaluru Highway NH-48,Irungattukottai SIPCOT Industrial Hub,12.97439,79.94305,2022,5,4,23,National Highway,Poor Lighting,Pedestrian,Vulnerable Road User (VRU),Clear,Dry / Smooth,Poor / Intermittent,Low,1,2,1
ACC-10245,Tamil Nadu,Kanchipuram,Sriperumbudur,Chennai-Bengaluru Highway NH-48,Irungattukottai SIPCOT Industrial Hub,12.9634,79.94365,2023,8,28,0,National Highway,Pedestrian Crossing Hazard,Heavy Truck,Commercial Goods,Clear,Under Construction,Streetlights Operational,Congested,1,2,0
ACC-10246,Tamil Nadu,Kanchipuram,Sriperumbudur,Chennai-Bengaluru Highway NH-48,Irungattukottai SIPCOT Industrial Hub,12.9629,79.94933,2024,3,11,5,National Highway,Pedestrian Crossing Hazard,Heavy Truck,Commercial Goods,Rain,Wet / Slippery,Unlit / Pitch Black,High,1,1,2
ACC-10247,Tamil Nadu,Kanchipuram,Sriperumbudur,Chennai-Bengaluru Highway NH-48,Irungattukottai SIPCOT Industrial Hub,12.96043,79.94226,2024,2,5,22,National Highway,Potholes / Road Surface Defect,Heavy Truck,Commercial Goods,Rain,Damaged / Potholes,Poor / Intermittent,High,1,1,1
ACC-10248,Tamil Nadu,Kanchipuram,Sriperumbudur,Chennai-Bengaluru Highway NH-48,Irungattukottai SIPCOT Industrial Hub,12.96287,79.95028,2022,1,22,23,National Highway,Overspeeding,Pedestrian,Vulnerable Road User (VRU),Rain,Wet / Slippery,Streetlights Operational,Low,1,1,1
ACC-10249,Tamil Nadu,Kanchipuram,Sriperumbudur,Chennai-Bengaluru Highway NH-48,Irungattukottai SIPCOT Industrial Hub,12.97537,79.95179,2023,5,15,12,National Highway,Poor Lighting,Heavy Truck,Commercial Goods,Clear,Damaged / Potholes,Daylight,Congested,1,0,0
ACC-10250,Telangana,Rangareddy,Hyderabad,Hyderabad ORR (Gachibowli-Airport),Exit 17 Rajendranagar to Shamshabad km 30-36,17.2995,78.41465,2024,1,8,2,Expressway,Drunk Driving,Heavy Truck,Commercial Goods,Fog/Mist,Dry / Smooth,Unlit / Pitch Black,Low,1,0,2
ACC-10251,Telangana,Rangareddy,Hyderabad,Hyderabad ORR (Gachibowli-Airport),Exit 17 Rajendranagar to Shamshabad km 30-36,17.30109,78.40685,2021,10,2,13,Expressway,Overspeeding,Car,Motorized Passenger,Rain,Dry / Smooth,Daylight,Congested,1,0,1
ACC-10252,Telangana,Rangareddy,Hyderabad,Hyderabad ORR (Gachibowli-Airport),Exit 17 Rajendranagar to Shamshabad km 30-36,17.29802,78.41696,2021,5,14,13,Expressway,Tire Burst / Mechanical,Heavy Truck,Commercial Goods,Rain,Damaged / Potholes,Daylight,High,1,0,1
ACC-10253,Telangana,Rangareddy,Hyderabad,Hyderabad ORR (Gachibowli-Airport),Exit 17 Rajendranagar to Shamshabad km 30-36,17.30843,78.40969,2024,4,20,8,Expressway,Drunk Driving,Two-Wheeler,Vulnerable Road User (VRU),Clear,Under Construction,Daylight,Medium,1,1,1
ACC-10254,Telangana,Rangareddy,Hyderabad,Hyderabad ORR (Gachibowli-Airport),Exit 17 Rajendranagar to Shamshabad km 30-36,17.30081,78.42004,2021,1,22,1,Expressway,Dangerous Junction Geometry,Car,Motorized Passenger,Fog/Mist,Dry / Smooth,Streetlights Operational,High,1,0,1
ACC-10255,Telangana,Rangareddy,Hyderabad,Hyderabad ORR (Gachibowli-Airport),Exit 17 Rajendranagar to Shamshabad km 30-36,17.30713,78.41501,2023,8,2,2,Expressway,Overspeeding,Two-Wheeler,Vulnerable Road User (VRU),Rain,Wet / Slippery,Poor / Intermittent,High,1,1,0
ACC-10256,Telangana,Rangareddy,Hyderabad,Hyderabad ORR (Gachibowli-Airport),Exit 17 Rajendranagar to Shamshabad km 30-36,17.29785,78.41057,2022,6,12,12,Expressway,Tire Burst / Mechanical,Heavy Truck,Commercial Goods,Rain,Wet / Slippery,Daylight,Low,1,1,3
ACC-10257,Telangana,Rangareddy,Hyderabad,Hyderabad ORR (Gachibowli-Airport),Exit 17 Rajendranagar to Shamshabad km 30-36,17.3026,78.41141,2024,7,21,5,Expressway,Overspeeding,Car,Motorized Passenger,Rain,Wet / Slippery,Streetlights Operational,Medium,1,2,1
ACC-10258,Telangana,Rangareddy,Hyderabad,Hyderabad ORR (Gachibowli-Airport),Exit 17 Rajendranagar to Shamshabad km 30-36,17.2937,78.41829,2024,6,20,22,Expressway,Drunk Driving,Two-Wheeler,Vulnerable Road User (VRU),Rain,Wet / Slippery,Streetlights Operational,Congested,1,1,2
ACC-10259,Telangana,Rangareddy,Hyderabad,Hyderabad ORR (Gachibowli-Airport),Exit 17 Rajendranagar to Shamshabad km 30-36,17.29588,78.41762,2022,11,28,20,Expressway,Overspeeding,Two-Wheeler,Vulnerable Road User (VRU),Rain,Damaged / Potholes,Streetlights Operational,Low,1,0,1
ACC-10260,Telangana,Rangareddy,Hyderabad,Hyderabad ORR (Gachibowli-Airport),Exit 17 Rajendranagar to Shamshabad km 30-36,17.30161,78.41321,2021,1,21,11,Expressway,Dangerous Junction Geometry,Two-Wheeler,Vulnerable Road User (VRU),Clear,Damaged / Potholes,Daylight,Congested,1,1,1
ACC-10261,Telangana,Rangareddy,Hyderabad,Hyderabad ORR (Gachibowli-Airport),Exit 17 Rajendranagar to Shamshabad km 30-36,17.29378,78.41086,2024,7,27,19,Expressway,Dangerous Junction Geometry,Heavy Truck,Commercial Goods,Rain,Wet / Slippery,Poor / Intermittent,High,1,0,2
ACC-10262,Telangana,Rangareddy,Hyderabad,Hyderabad ORR (Gachibowli-Airport),Exit 17 Rajendranagar to Shamshabad km 30-36,17.30701,78.40971,2021,9,18,1,Expressway,Tire Burst / Mechanical,Heavy Truck,Commercial Goods,Clear,Under Construction,Streetlights Operational,Low,1,0,2
ACC-10263,Telangana,Rangareddy,Hyderabad,Hyderabad ORR (Gachibowli-Airport),Exit 17 Rajendranagar to Shamshabad km 30-36,17.3063,78.41316,2024,12,22,19,Expressway,Overspeeding,Car,Motorized Passenger,Clear,Damaged / Potholes,Streetlights Operational,Low,1,0,1
ACC-10264,Telangana,Rangareddy,Hyderabad,Hyderabad ORR (Gachibowli-Airport),Exit 17 Rajendranagar to Shamshabad km 30-36,17.30714,78.40785,2023,12,4,2,Expressway,Dangerous Junction Geometry,Car,Motorized Passenger,Fog/Mist,Under Construction,Streetlights Operational,High,1,1,0
ACC-10265,Telangana,Rangareddy,Hyderabad,Hyderabad ORR (Gachibowli-Airport),Exit 17 Rajendranagar to Shamshabad km 30-36,17.29565,78.41238,2022,12,11,18,Expressway,Overspeeding,Heavy Truck,Commercial Goods,Rain,Dry / Smooth,Streetlights Operational,Congested,1,0,3
ACC-10266,Telangana,Rangareddy,Hyderabad,Hyderabad ORR (Gachibowli-Airport),Exit 17 Rajendranagar to Shamshabad km 30-36,17.29865,78.4185,2021,9,14,10,Expressway,Drunk Driving,Heavy Truck,Commercial Goods,Clear,Damaged / Potholes,Daylight,Congested,1,0,1
ACC-10267,Telangana,Rangareddy,Hyderabad,Hyderabad ORR (Gachibowli-Airport),Exit 17 Rajendranagar to Shamshabad km 30-36,17.30314,78.41858,2024,10,23,7,Expressway,Dangerous Junction Geometry,Two-Wheeler,Vulnerable Road User (VRU),Rain,Wet / Slippery,Daylight,Congested,1,0,0
ACC-10268,Telangana,Rangareddy,Hyderabad,Hyderabad ORR (Gachibowli-Airport),Exit 17 Rajendranagar to Shamshabad km 30-36,17.30487,78.42,2023,12,18,14,Expressway,Drunk Driving,Car,Motorized Passenger,Clear,Damaged / Potholes,Daylight,Low,1,0,0
ACC-10269,Telangana,Rangareddy,Hyderabad,Hyderabad ORR (Gachibowli-Airport),Exit 17 Rajendranagar to Shamshabad km 30-36,17.2939,78.40673,2022,9,18,8,Expressway,Overspeeding,Two-Wheeler,Vulnerable Road User (VRU),Clear,Under Construction,Daylight,Congested,1,0,1
ACC-10270,Telangana,Rangareddy,Hyderabad,Hyderabad ORR (Gachibowli-Airport),Exit 17 Rajendranagar to Shamshabad km 30-36,17.30652,78.40604,2021,4,9,5,Expressway,Tire Burst / Mechanical,Heavy Truck,Commercial Goods,Rain,Wet / Slippery,Unlit / Pitch Black,Medium,1,0,0
ACC-10271,Telangana,Rangareddy,Hyderabad,Hyderabad ORR (Gachibowli-Airport),Exit 17 Rajendranagar to Shamshabad km 30-36,17.30446,78.41985,2022,12,21,7,Expressway,Tire Burst / Mechanical,Heavy Truck,Commercial Goods,Rain,Dry / Smooth,Daylight,Congested,1,0,2
ACC-10272,Telangana,Rangareddy,Hyderabad,Hyderabad ORR (Gachibowli-Airport),Exit 17 Rajendranagar to Shamshabad km 30-36,17.29821,78.40724,2021,1,24,21,Expressway,Dangerous Junction Geometry,Car,Motorized Passenger,Rain,Wet / Slippery,Streetlights Operational,Medium,1,0,3
ACC-10273,Telangana,Rangareddy,Hyderabad,Hyderabad ORR (Gachibowli-Airport),Exit 17 Rajendranagar to Shamshabad km 30-36,17.29414,78.41926,2021,3,6,4,Expressway,Dangerous Junction Geometry,Car,Motorized Passenger,Clear,Damaged / Potholes,Poor / Intermittent,Low,1,1,3
ACC-10274,Telangana,Rangareddy,Hyderabad,Hyderabad ORR (Gachibowli-Airport),Exit 17 Rajendranagar to Shamshabad km 30-36,17.29702,78.40734,2021,11,20,7,Expressway,Dangerous Junction Geometry,Heavy Truck,Commercial Goods,Rain,Wet / Slippery,Daylight,High,1,0,1
ACC-10275,Telangana,Rangareddy,Hyderabad,Hyderabad ORR (Gachibowli-Airport),Exit 17 Rajendranagar to Shamshabad km 30-36,17.3011,78.41338,2021,9,6,20,Expressway,Dangerous Junction Geometry,Car,Motorized Passenger,Rain,Wet / Slippery,Unlit / Pitch Black,Low,1,2,2
ACC-10276,Telangana,Rangareddy,Hyderabad,Hyderabad ORR (Gachibowli-Airport),Exit 17 Rajendranagar to Shamshabad km 30-36,17.29967,78.41304,2021,2,22,7,Expressway,Drunk Driving,Car,Motorized Passenger,Rain,Wet / Slippery,Daylight,Congested,1,0,3
ACC-10277,Telangana,Rangareddy,Hyderabad,Hyderabad ORR (Gachibowli-Airport),Exit 17 Rajendranagar to Shamshabad km 30-36,17.30905,78.41677,2023,1,17,8,Expressway,Dangerous Junction Geometry,Two-Wheeler,Vulnerable Road User (VRU),Clear,Dry / Smooth,Daylight,Medium,1,1,0
ACC-10278,Telangana,Rangareddy,Hyderabad,Hyderabad ORR (Gachibowli-Airport),Exit 17 Rajendranagar to Shamshabad km 30-36,17.30545,78.40686,2021,11,3,22,Expressway,Drunk Driving,Heavy Truck,Commercial Goods,Fog/Mist,Damaged / Potholes,Unlit / Pitch Black,Congested,1,0,3
ACC-10279,Telangana,Rangareddy,Hyderabad,Hyderabad ORR (Gachibowli-Airport),Exit 17 Rajendranagar to Shamshabad km 30-36,17.30072,78.41087,2024,12,11,1,Expressway,Overspeeding,Car,Motorized Passenger,Fog/Mist,Dry / Smooth,Streetlights Operational,Medium,1,0,1
ACC-10280,Telangana,Rangareddy,Hyderabad,Hyderabad ORR (Gachibowli-Airport),Exit 17 Rajendranagar to Shamshabad km 30-36,17.29814,78.41537,2023,1,13,11,Expressway,Overspeeding,Heavy Truck,Commercial Goods,Clear,Dry / Smooth,Daylight,High,1,0,1
ACC-10281,Telangana,Rangareddy,Hyderabad,Hyderabad ORR (Gachibowli-Airport),Exit 17 Rajendranagar to Shamshabad km 30-36,17.29976,78.41716,2021,5,25,9,Expressway,Dangerous Junction Geometry,Heavy Truck,Commercial Goods,Rain,Dry / Smooth,Daylight,Medium,1,0,0
ACC-10282,Telangana,Rangareddy,Hyderabad,Hyderabad ORR (Gachibowli-Airport),Exit 17 Rajendranagar to Shamshabad km 30-36,17.30226,78.40576,2023,11,5,23,Expressway,Tire Burst / Mechanical,Car,Motorized Passenger,Fog/Mist,Damaged / Potholes,Streetlights Operational,High,1,1,1
ACC-10283,Telangana,Rangareddy,Hyderabad,Hyderabad ORR (Gachibowli-Airport),Exit 17 Rajendranagar to Shamshabad km 30-36,17.2964,78.41719,2022,12,24,8,Expressway,Drunk Driving,Two-Wheeler,Vulnerable Road User (VRU),Clear,Damaged / Potholes,Daylight,Medium,1,2,0
ACC-10284,Telangana,Rangareddy,Hyderabad,Hyderabad ORR (Gachibowli-Airport),Exit 17 Rajendranagar to Shamshabad km 30-36,17.30424,78.40815,2021,9,15,1,Expressway,Tire Burst / Mechanical,Heavy Truck,Commercial Goods,Rain,Wet / Slippery,Unlit / Pitch Black,Congested,1,0,1
ACC-10285,Telangana,Rangareddy,Hyderabad,Hyderabad ORR (Gachibowli-Airport),Exit 17 Rajendranagar to Shamshabad km 30-36,17.30257,78.41732,2023,10,3,8,Expressway,Dangerous Junction Geometry,Two-Wheeler,Vulnerable Road User (VRU),Rain,Wet / Slippery,Daylight,Low,1,0,0
ACC-10286,Telangana,Rangareddy,Hyderabad,Hyderabad ORR (Gachibowli-Airport),Exit 17 Rajendranagar to Shamshabad km 30-36,17.30118,78.41153,2024,3,1,7,Expressway,Dangerous Junction Geometry,Two-Wheeler,Vulnerable Road User (VRU),Rain,Wet / Slippery,Daylight,Medium,1,0,1
ACC-10287,Telangana,Rangareddy,Hyderabad,Hyderabad ORR (Gachibowli-Airport),Exit 17 Rajendranagar to Shamshabad km 30-36,17.29471,78.4047,2023,8,18,22,Expressway,Overspeeding,Two-Wheeler,Vulnerable Road User (VRU),Rain,Wet / Slippery,Streetlights Operational,Medium,1,2,0
ACC-10288,Telangana,Rangareddy,Hyderabad,Hyderabad ORR (Gachibowli-Airport),Exit 17 Rajendranagar to Shamshabad km 30-36,17.30721,78.40654,2021,10,19,21,Expressway,Drunk Driving,Car,Motorized Passenger,Clear,Under Construction,Streetlights Operational,Low,1,2,1
ACC-10289,Telangana,Rangareddy,Hyderabad,Hyderabad ORR (Gachibowli-Airport),Exit 17 Rajendranagar to Shamshabad km 30-36,17.30898,78.41617,2021,7,12,22,Expressway,Drunk Driving,Heavy Truck,Commercial Goods,Rain,Damaged / Potholes,Streetlights Operational,Medium,1,2,2
ACC-10290,Telangana,Rangareddy,Hyderabad,Hyderabad ORR (Gachibowli-Airport),Exit 17 Rajendranagar to Shamshabad km 30-36,17.29971,78.41909,2024,6,2,19,Expressway,Drunk Driving,Car,Motorized Passenger,Rain,Wet / Slippery,Unlit / Pitch Black,Medium,1,0,2
ACC-10291,Telangana,Rangareddy,Hyderabad,Hyderabad ORR (Gachibowli-Airport),Exit 17 Rajendranagar to Shamshabad km 30-36,17.30177,78.41042,2021,1,21,23,Expressway,Tire Burst / Mechanical,Heavy Truck,Commercial Goods,Fog/Mist,Under Construction,Unlit / Pitch Black,Congested,1,1,2
ACC-10292,Uttar Pradesh,Kanpur Nagar,Kanpur,GT Road NH-19 Kanpur-Prayagraj,Chakeri Industrial Extension to Maharajpur,26.44448,80.32619,2022,9,13,9,National Highway,Overspeeding,Bicycle,Vulnerable Road User (VRU),Clear,Dry / Smooth,Daylight,Congested,1,1,2
ACC-10293,Uttar Pradesh,Kanpur Nagar,Kanpur,GT Road NH-19 Kanpur-Prayagraj,Chakeri Industrial Extension to Maharajpur,26.44447,80.32578,2023,10,23,13,National Highway,Wrong-side Driving,Bicycle,Vulnerable Road User (VRU),Rain,Wet / Slippery,Daylight,High,1,0,1
ACC-10294,Uttar Pradesh,Kanpur Nagar,Kanpur,GT Road NH-19 Kanpur-Prayagraj,Chakeri Industrial Extension to Maharajpur,26.44759,80.33871,2024,1,8,21,National Highway,Wrong-side Driving,Pedestrian,Vulnerable Road User (VRU),Clear,Dry / Smooth,Streetlights Operational,High,1,2,1
ACC-10295,Uttar Pradesh,Kanpur Nagar,Kanpur,GT Road NH-19 Kanpur-Prayagraj,Chakeri Industrial Extension to Maharajpur,26.45439,80.33281,2021,12,24,7,National Highway,Potholes / Road Surface Defect,Pedestrian,Vulnerable Road User (VRU),Rain,Damaged / Potholes,Daylight,Congested,1,0,0
ACC-10296,Uttar Pradesh,Kanpur Nagar,Kanpur,GT Road NH-19 Kanpur-Prayagraj,Chakeri Industrial Extension to Maharajpur,26.45565,80.33415,2022,10,22,2,National Highway,Poor Lighting,Bicycle,Vulnerable Road User (VRU),Rain,Damaged / Potholes,Unlit / Pitch Black,Congested,1,1,1
ACC-10297,Uttar Pradesh,Kanpur Nagar,Kanpur,GT Road NH-19 Kanpur-Prayagraj,Chakeri Industrial Extension to Maharajpur,26.44958,80.32687,2022,10,4,21,National Highway,Potholes / Road Surface Defect,Two-Wheeler,Vulnerable Road User (VRU),Clear,Damaged / Potholes,Unlit / Pitch Black,Congested,1,1,0
ACC-10298,Uttar Pradesh,Kanpur Nagar,Kanpur,GT Road NH-19 Kanpur-Prayagraj,Chakeri Industrial Extension to Maharajpur,26.44412,80.33455,2024,7,12,23,National Highway,Potholes / Road Surface Defect,Bicycle,Vulnerable Road User (VRU),Clear,Damaged / Potholes,Poor / Intermittent,High,1,2,1
ACC-10299,Uttar Pradesh,Kanpur Nagar,Kanpur,GT Road NH-19 Kanpur-Prayagraj,Chakeri Industrial Extension to Maharajpur,26.44516,80.33688,2021,10,17,0,National Highway,Overspeeding,Pedestrian,Vulnerable Road User (VRU),Rain,Wet / Slippery,Streetlights Operational,Congested,1,1,2
ACC-10300,Uttar Pradesh,Kanpur Nagar,Kanpur,GT Road NH-19 Kanpur-Prayagraj,Chakeri Industrial Extension to Maharajpur,26.45239,80.33497,2024,10,12,22,National Highway,Overspeeding,Pedestrian,Vulnerable Road User (VRU),Clear,Damaged / Potholes,Poor / Intermittent,Congested,1,1,1
ACC-10301,Uttar Pradesh,Kanpur Nagar,Kanpur,GT Road NH-19 Kanpur-Prayagraj,Chakeri Industrial Extension to Maharajpur,26.44256,80.32553,2021,12,8,23,National Highway,Wrong-side Driving,Two-Wheeler,Vulnerable Road User (VRU),Rain,Wet / Slippery,Poor / Intermittent,High,1,3,0
ACC-10302,Uttar Pradesh,Kanpur Nagar,Kanpur,GT Road NH-19 Kanpur-Prayagraj,Chakeri Industrial Extension to Maharajpur,26.45249,80.33276,2024,2,3,9,National Highway,Potholes / Road Surface Defect,Two-Wheeler,Vulnerable Road User (VRU),Rain,Damaged / Potholes,Daylight,Congested,1,0,1
ACC-10303,Uttar Pradesh,Kanpur Nagar,Kanpur,GT Road NH-19 Kanpur-Prayagraj,Chakeri Industrial Extension to Maharajpur,26.45158,80.33881,2022,11,16,7,National Highway,Poor Lighting,Pedestrian,Vulnerable Road User (VRU),Clear,Dry / Smooth,Daylight,Medium,1,0,1
ACC-10304,Uttar Pradesh,Kanpur Nagar,Kanpur,GT Road NH-19 Kanpur-Prayagraj,Chakeri Industrial Extension to Maharajpur,26.45043,80.32876,2021,5,25,22,National Highway,Overspeeding,Bicycle,Vulnerable Road User (VRU),Clear,Dry / Smooth,Streetlights Operational,High,1,1,1
ACC-10305,Uttar Pradesh,Kanpur Nagar,Kanpur,GT Road NH-19 Kanpur-Prayagraj,Chakeri Industrial Extension to Maharajpur,26.44581,80.33835,2023,4,20,10,National Highway,Overspeeding,Two-Wheeler,Vulnerable Road User (VRU),Rain,Wet / Slippery,Daylight,Medium,1,1,0
ACC-10306,Uttar Pradesh,Kanpur Nagar,Kanpur,GT Road NH-19 Kanpur-Prayagraj,Chakeri Industrial Extension to Maharajpur,26.45489,80.33091,2023,9,27,7,National Highway,Overspeeding,Bicycle,Vulnerable Road User (VRU),Clear,Damaged / Potholes,Daylight,Congested,1,0,2
ACC-10307,Uttar Pradesh,Kanpur Nagar,Kanpur,GT Road NH-19 Kanpur-Prayagraj,Chakeri Industrial Extension to Maharajpur,26.4457,80.32958,2023,2,13,7,National Highway,Wrong-side Driving,Heavy Truck,Commercial Goods,Clear,Under Construction,Daylight,High,1,0,1
ACC-10308,Uttar Pradesh,Kanpur Nagar,Kanpur,GT Road NH-19 Kanpur-Prayagraj,Chakeri Industrial Extension to Maharajpur,26.45566,80.33118,2023,2,18,10,National Highway,Poor Lighting,Heavy Truck,Commercial Goods,Clear,Damaged / Potholes,Daylight,Medium,1,0,2
ACC-10309,Uttar Pradesh,Kanpur Nagar,Kanpur,GT Road NH-19 Kanpur-Prayagraj,Chakeri Industrial Extension to Maharajpur,26.45191,80.33381,2022,4,24,8,National Highway,Wrong-side Driving,Pedestrian,Vulnerable Road User (VRU),Clear,Damaged / Potholes,Daylight,Low,1,1,3
ACC-10310,Uttar Pradesh,Kanpur Nagar,Kanpur,GT Road NH-19 Kanpur-Prayagraj,Chakeri Industrial Extension to Maharajpur,26.44747,80.3352,2021,9,2,8,National Highway,Poor Lighting,Bicycle,Vulnerable Road User (VRU),Rain,Wet / Slippery,Daylight,Congested,1,1,1
ACC-10311,Uttar Pradesh,Kanpur Nagar,Kanpur,GT Road NH-19 Kanpur-Prayagraj,Chakeri Industrial Extension to Maharajpur,26.44939,80.32825,2022,1,17,10,National Highway,Potholes / Road Surface Defect,Heavy Truck,Commercial Goods,Rain,Damaged / Potholes,Daylight,Medium,1,0,0
ACC-10312,Uttar Pradesh,Kanpur Nagar,Kanpur,GT Road NH-19 Kanpur-Prayagraj,Chakeri Industrial Extension to Maharajpur,26.44695,80.33118,2021,1,22,21,National Highway,Potholes / Road Surface Defect,Heavy Truck,Commercial Goods,Clear,Damaged / Potholes,Poor / Intermittent,Low,1,1,2
ACC-10313,Uttar Pradesh,Kanpur Nagar,Kanpur,GT Road NH-19 Kanpur-Prayagraj,Chakeri Industrial Extension to Maharajpur,26.45413,80.33473,2022,7,23,8,National Highway,Overspeeding,Heavy Truck,Commercial Goods,Rain,Wet / Slippery,Daylight,Medium,1,0,2
ACC-10314,Uttar Pradesh,Kanpur Nagar,Kanpur,GT Road NH-19 Kanpur-Prayagraj,Chakeri Industrial Extension to Maharajpur,26.45469,80.33147,2022,9,14,6,National Highway,Wrong-side Driving,Pedestrian,Vulnerable Road User (VRU),Rain,Wet / Slippery,Daylight,High,1,1,3
ACC-10315,Uttar Pradesh,Kanpur Nagar,Kanpur,GT Road NH-19 Kanpur-Prayagraj,Chakeri Industrial Extension to Maharajpur,26.45118,80.3304,2023,8,10,21,National Highway,Potholes / Road Surface Defect,Bicycle,Vulnerable Road User (VRU),Clear,Damaged / Potholes,Unlit / Pitch Black,Medium,1,0,1
ACC-10316,Uttar Pradesh,Kanpur Nagar,Kanpur,GT Road NH-19 Kanpur-Prayagraj,Chakeri Industrial Extension to Maharajpur,26.44428,80.33241,2023,5,12,20,National Highway,Poor Lighting,Heavy Truck,Commercial Goods,Clear,Under Construction,Unlit / Pitch Black,Low,1,0,3
ACC-10317,Uttar Pradesh,Kanpur Nagar,Kanpur,GT Road NH-19 Kanpur-Prayagraj,Chakeri Industrial Extension to Maharajpur,26.44378,80.33612,2022,5,12,20,National Highway,Overspeeding,Bicycle,Vulnerable Road User (VRU),Clear,Under Construction,Streetlights Operational,Congested,1,0,0
ACC-10318,Uttar Pradesh,Kanpur Nagar,Kanpur,GT Road NH-19 Kanpur-Prayagraj,Chakeri Industrial Extension to Maharajpur,26.45079,80.32953,2023,7,21,18,National Highway,Potholes / Road Surface Defect,Two-Wheeler,Vulnerable Road User (VRU),Clear,Damaged / Potholes,Unlit / Pitch Black,Low,1,0,2
ACC-10319,Uttar Pradesh,Kanpur Nagar,Kanpur,GT Road NH-19 Kanpur-Prayagraj,Chakeri Industrial Extension to Maharajpur,26.45231,80.32448,2024,6,24,19,National Highway,Overspeeding,Pedestrian,Vulnerable Road User (VRU),Rain,Wet / Slippery,Unlit / Pitch Black,Medium,1,0,3
ACC-10320,Uttar Pradesh,Kanpur Nagar,Kanpur,GT Road NH-19 Kanpur-Prayagraj,Chakeri Industrial Extension to Maharajpur,26.45527,80.32815,2022,7,4,19,National Highway,Potholes / Road Surface Defect,Two-Wheeler,Vulnerable Road User (VRU),Clear,Damaged / Potholes,Streetlights Operational,High,1,1,2
ACC-10321,Uttar Pradesh,Kanpur Nagar,Kanpur,GT Road NH-19 Kanpur-Prayagraj,Chakeri Industrial Extension to Maharajpur,26.45606,80.33198,2022,12,10,2,National Highway,Wrong-side Driving,Pedestrian,Vulnerable Road User (VRU),Rain,Wet / Slippery,Poor / Intermittent,Congested,1,0,2
ACC-10322,Uttar Pradesh,Kanpur Nagar,Kanpur,GT Road NH-19 Kanpur-Prayagraj,Chakeri Industrial Extension to Maharajpur,26.44603,80.3298,2022,12,18,21,National Highway,Overspeeding,Bicycle,Vulnerable Road User (VRU),Rain,Wet / Slippery,Streetlights Operational,Low,1,1,0
ACC-10323,Uttar Pradesh,Kanpur Nagar,Kanpur,GT Road NH-19 Kanpur-Prayagraj,Chakeri Industrial Extension to Maharajpur,26.45065,80.33595,2022,5,1,2,National Highway,Poor Lighting,Heavy Truck,Commercial Goods,Rain,Dry / Smooth,Poor / Intermittent,Congested,1,1,2
ACC-10324,Uttar Pradesh,Kanpur Nagar,Kanpur,GT Road NH-19 Kanpur-Prayagraj,Chakeri Industrial Extension to Maharajpur,26.44937,80.336,2023,4,14,9,National Highway,Overspeeding,Pedestrian,Vulnerable Road User (VRU),Rain,Damaged / Potholes,Daylight,Congested,1,1,2
ACC-10325,Uttar Pradesh,Kanpur Nagar,Kanpur,GT Road NH-19 Kanpur-Prayagraj,Chakeri Industrial Extension to Maharajpur,26.44834,80.33441,2023,5,21,15,National Highway,Poor Lighting,Bicycle,Vulnerable Road User (VRU),Clear,Damaged / Potholes,Daylight,Medium,1,1,1
ACC-10326,Uttar Pradesh,Kanpur Nagar,Kanpur,GT Road NH-19 Kanpur-Prayagraj,Chakeri Industrial Extension to Maharajpur,26.44254,80.32344,2024,4,11,0,National Highway,Potholes / Road Surface Defect,Pedestrian,Vulnerable Road User (VRU),Clear,Damaged / Potholes,Streetlights Operational,Low,1,1,0
ACC-10327,Uttar Pradesh,Kanpur Nagar,Kanpur,GT Road NH-19 Kanpur-Prayagraj,Chakeri Industrial Extension to Maharajpur,26.44862,80.32628,2022,6,14,19,National Highway,Poor Lighting,Bicycle,Vulnerable Road User (VRU),Rain,Wet / Slippery,Unlit / Pitch Black,Medium,1,1,0
ACC-10328,Uttar Pradesh,Kanpur Nagar,Kanpur,GT Road NH-19 Kanpur-Prayagraj,Chakeri Industrial Extension to Maharajpur,26.45176,80.32654,2023,7,27,23,National Highway,Wrong-side Driving,Bicycle,Vulnerable Road User (VRU),Rain,Wet / Slippery,Streetlights Operational,High,1,1,0
ACC-10329,Uttar Pradesh,Kanpur Nagar,Kanpur,GT Road NH-19 Kanpur-Prayagraj,Chakeri Industrial Extension to Maharajpur,26.45177,80.33877,2024,11,10,5,National Highway,Potholes / Road Surface Defect,Two-Wheeler,Vulnerable Road User (VRU),Fog/Mist,Damaged / Potholes,Poor / Intermittent,Medium,1,0,0
ACC-10330,Uttar Pradesh,Kanpur Nagar,Kanpur,GT Road NH-19 Kanpur-Prayagraj,Chakeri Industrial Extension to Maharajpur,26.45215,80.33421,2022,11,14,2,National Highway,Poor Lighting,Two-Wheeler,Vulnerable Road User (VRU),Fog/Mist,Damaged / Potholes,Poor / Intermittent,High,1,0,1
ACC-10331,Uttar Pradesh,Kanpur Nagar,Kanpur,GT Road NH-19 Kanpur-Prayagraj,Chakeri Industrial Extension to Maharajpur,26.45376,80.32521,2022,6,25,2,National Highway,Overspeeding,Two-Wheeler,Vulnerable Road User (VRU),Rain,Wet / Slippery,Streetlights Operational,High,1,1,2
ACC-10332,Uttar Pradesh,Kanpur Nagar,Kanpur,GT Road NH-19 Kanpur-Prayagraj,Chakeri Industrial Extension to Maharajpur,26.44173,80.33451,2022,6,18,15,National Highway,Poor Lighting,Bicycle,Vulnerable Road User (VRU),Rain,Dry / Smooth,Daylight,Low,1,0,1
ACC-10333,Uttar Pradesh,Kanpur Nagar,Kanpur,GT Road NH-19 Kanpur-Prayagraj,Chakeri Industrial Extension to Maharajpur,26.44531,80.32907,2023,9,23,21,National Highway,Wrong-side Driving,Heavy Truck,Commercial Goods,Rain,Wet / Slippery,Poor / Intermittent,Medium,1,1,1
ACC-10334,Uttar Pradesh,Kanpur Nagar,Kanpur,GT Road NH-19 Kanpur-Prayagraj,Chakeri Industrial Extension to Maharajpur,26.4542,80.32624,2021,11,17,2,National Highway,Potholes / Road Surface Defect,Heavy Truck,Commercial Goods,Fog/Mist,Damaged / Potholes,Streetlights Operational,Medium,1,1,3
ACC-10335,Uttar Pradesh,Kanpur Nagar,Kanpur,GT Road NH-19 Kanpur-Prayagraj,Chakeri Industrial Extension to Maharajpur,26.4416,80.32491,2024,9,5,9,National Highway,Overspeeding,Heavy Truck,Commercial Goods,Rain,Wet / Slippery,Daylight,High,1,2,0
ACC-10336,Uttar Pradesh,Kanpur Nagar,Kanpur,GT Road NH-19 Kanpur-Prayagraj,Chakeri Industrial Extension to Maharajpur,26.45441,80.33069,2022,2,2,18,National Highway,Overspeeding,Heavy Truck,Commercial Goods,Clear,Dry / Smooth,Unlit / Pitch Black,Medium,1,0,3
ACC-10337,Uttar Pradesh,Kanpur Nagar,Kanpur,GT Road NH-19 Kanpur-Prayagraj,Chakeri Industrial Extension to Maharajpur,26.44235,80.32665,2021,6,18,17,National Highway,Overspeeding,Heavy Truck,Commercial Goods,Clear,Dry / Smooth,Daylight,High,1,0,2
ACC-10338,Uttar Pradesh,Kanpur Nagar,Kanpur,GT Road NH-19 Kanpur-Prayagraj,Chakeri Industrial Extension to Maharajpur,26.45033,80.33399,2021,2,24,18,National Highway,Wrong-side Driving,Pedestrian,Vulnerable Road User (VRU),Clear,Damaged / Potholes,Streetlights Operational,Congested,1,0,2
ACC-10339,Uttar Pradesh,Kanpur Nagar,Kanpur,GT Road NH-19 Kanpur-Prayagraj,Chakeri Industrial Extension to Maharajpur,26.45705,80.33672,2024,2,6,11,National Highway,Overspeeding,Heavy Truck,Commercial Goods,Rain,Damaged / Potholes,Daylight,Low,1,0,1
ACC-10340,Uttar Pradesh,Kanpur Nagar,Kanpur,GT Road NH-19 Kanpur-Prayagraj,Chakeri Industrial Extension to Maharajpur,26.44745,80.33482,2024,11,14,8,National Highway,Wrong-side Driving,Pedestrian,Vulnerable Road User (VRU),Clear,Under Construction,Daylight,Low,1,0,1
ACC-10341,Uttar Pradesh,Kanpur Nagar,Kanpur,GT Road NH-19 Kanpur-Prayagraj,Chakeri Industrial Extension to Maharajpur,26.45425,80.33424,2023,10,1,8,National Highway,Potholes / Road Surface Defect,Heavy Truck,Commercial Goods,Clear,Damaged / Potholes,Daylight,Medium,1,0,0
ACC-10342,Uttar Pradesh,Kanpur Nagar,Kanpur,GT Road NH-19 Kanpur-Prayagraj,Chakeri Industrial Extension to Maharajpur,26.45408,80.32467,2023,9,17,21,National Highway,Wrong-side Driving,Two-Wheeler,Vulnerable Road User (VRU),Rain,Wet / Slippery,Poor / Intermittent,Low,1,1,1
ACC-10343,Uttar Pradesh,Kanpur Nagar,Kanpur,GT Road NH-19 Kanpur-Prayagraj,Chakeri Industrial Extension to Maharajpur,26.45279,80.33242,2024,10,7,14,National Highway,Poor Lighting,Bicycle,Vulnerable Road User (VRU),Rain,Damaged / Potholes,Daylight,High,1,0,1
ACC-10344,Uttar Pradesh,Kanpur Nagar,Kanpur,GT Road NH-19 Kanpur-Prayagraj,Chakeri Industrial Extension to Maharajpur,26.45014,80.32843,2021,1,25,18,National Highway,Overspeeding,Two-Wheeler,Vulnerable Road User (VRU),Clear,Damaged / Potholes,Streetlights Operational,Congested,1,1,1
ACC-10345,Uttar Pradesh,Kanpur Nagar,Kanpur,GT Road NH-19 Kanpur-Prayagraj,Chakeri Industrial Extension to Maharajpur,26.44648,80.33081,2022,3,2,9,National Highway,Overspeeding,Two-Wheeler,Vulnerable Road User (VRU),Rain,Damaged / Potholes,Daylight,Low,1,0,0
ACC-10346,Uttar Pradesh,Kanpur Nagar,Kanpur,GT Road NH-19 Kanpur-Prayagraj,Chakeri Industrial Extension to Maharajpur,26.44424,80.33306,2021,9,13,18,National Highway,Overspeeding,Pedestrian,Vulnerable Road User (VRU),Rain,Wet / Slippery,Streetlights Operational,Medium,1,0,2
ACC-10347,West Bengal,North 24 Parganas,Kolkata,VIP Road Kolkata Airport Corridor,Ultadanga Hudson Flyover to Kaikhali Crossing,22.61481,88.41781,2022,4,3,18,Urban Arterial,Overspeeding,Auto-Rickshaw,Vulnerable Road User (VRU),Clear,Under Construction,Poor / Intermittent,Low,1,1,2
ACC-10348,West Bengal,North 24 Parganas,Kolkata,VIP Road Kolkata Airport Corridor,Ultadanga Hudson Flyover to Kaikhali Crossing,22.61416,88.41647,2023,10,27,10,Urban Arterial,Dangerous Junction Geometry,Bus,Motorized Passenger,Clear,Dry / Smooth,Daylight,Medium,1,0,0
ACC-10349,West Bengal,North 24 Parganas,Kolkata,VIP Road Kolkata Airport Corridor,Ultadanga Hudson Flyover to Kaikhali Crossing,22.61434,88.41849,2021,4,20,16,Urban Arterial,Overspeeding,Auto-Rickshaw,Vulnerable Road User (VRU),Rain,Wet / Slippery,Daylight,High,1,1,1
ACC-10350,West Bengal,North 24 Parganas,Kolkata,VIP Road Kolkata Airport Corridor,Ultadanga Hudson Flyover to Kaikhali Crossing,22.60684,88.42254,2023,9,16,2,Urban Arterial,Pedestrian Crossing Hazard,Bus,Motorized Passenger,Clear,Dry / Smooth,Streetlights Operational,Medium,1,1,2
ACC-10351,West Bengal,North 24 Parganas,Kolkata,VIP Road Kolkata Airport Corridor,Ultadanga Hudson Flyover to Kaikhali Crossing,22.60409,88.42015,2021,2,13,13,Urban Arterial,Overspeeding,Auto-Rickshaw,Vulnerable Road User (VRU),Clear,Dry / Smooth,Daylight,Congested,1,1,3
ACC-10352,West Bengal,North 24 Parganas,Kolkata,VIP Road Kolkata Airport Corridor,Ultadanga Hudson Flyover to Kaikhali Crossing,22.60805,88.42073,2021,3,7,19,Urban Arterial,Pedestrian Crossing Hazard,Auto-Rickshaw,Vulnerable Road User (VRU),Rain,Wet / Slippery,Poor / Intermittent,Congested,1,0,0
ACC-10353,West Bengal,North 24 Parganas,Kolkata,VIP Road Kolkata Airport Corridor,Ultadanga Hudson Flyover to Kaikhali Crossing,22.6039,88.42122,2023,4,17,0,Urban Arterial,Overspeeding,Bus,Motorized Passenger,Clear,Dry / Smooth,Streetlights Operational,Medium,1,2,2
ACC-10354,West Bengal,North 24 Parganas,Kolkata,VIP Road Kolkata Airport Corridor,Ultadanga Hudson Flyover to Kaikhali Crossing,22.60574,88.41731,2022,7,8,18,Urban Arterial,Overspeeding,Two-Wheeler,Vulnerable Road User (VRU),Rain,Wet / Slippery,Unlit / Pitch Black,Medium,1,0,2
ACC-10355,West Bengal,North 24 Parganas,Kolkata,VIP Road Kolkata Airport Corridor,Ultadanga Hudson Flyover to Kaikhali Crossing,22.61658,88.42172,2022,7,25,21,Urban Arterial,Dangerous Junction Geometry,Two-Wheeler,Vulnerable Road User (VRU),Rain,Wet / Slippery,Unlit / Pitch Black,Medium,1,0,2
ACC-10356,West Bengal,North 24 Parganas,Kolkata,VIP Road Kolkata Airport Corridor,Ultadanga Hudson Flyover to Kaikhali Crossing,22.60677,88.42417,2024,5,15,16,Urban Arterial,Overspeeding,Pedestrian,Vulnerable Road User (VRU),Clear,Damaged / Potholes,Daylight,Medium,1,1,2
ACC-10357,West Bengal,North 24 Parganas,Kolkata,VIP Road Kolkata Airport Corridor,Ultadanga Hudson Flyover to Kaikhali Crossing,22.61613,88.42296,2022,10,8,0,Urban Arterial,Overspeeding,Auto-Rickshaw,Vulnerable Road User (VRU),Clear,Under Construction,Streetlights Operational,Congested,1,0,1
ACC-10358,West Bengal,North 24 Parganas,Kolkata,VIP Road Kolkata Airport Corridor,Ultadanga Hudson Flyover to Kaikhali Crossing,22.61637,88.42294,2022,3,7,18,Urban Arterial,Pedestrian Crossing Hazard,Two-Wheeler,Vulnerable Road User (VRU),Clear,Damaged / Potholes,Streetlights Operational,Medium,1,2,3
ACC-10359,West Bengal,North 24 Parganas,Kolkata,VIP Road Kolkata Airport Corridor,Ultadanga Hudson Flyover to Kaikhali Crossing,22.61654,88.41903,2023,8,8,0,Urban Arterial,Poor Lighting,Two-Wheeler,Vulnerable Road User (VRU),Clear,Dry / Smooth,Poor / Intermittent,Congested,1,0,2
ACC-10360,West Bengal,North 24 Parganas,Kolkata,VIP Road Kolkata Airport Corridor,Ultadanga Hudson Flyover to Kaikhali Crossing,22.61231,88.41597,2024,12,2,20,Urban Arterial,Pedestrian Crossing Hazard,Pedestrian,Vulnerable Road User (VRU),Rain,Wet / Slippery,Poor / Intermittent,Low,1,0,1
ACC-10361,West Bengal,North 24 Parganas,Kolkata,VIP Road Kolkata Airport Corridor,Ultadanga Hudson Flyover to Kaikhali Crossing,22.61685,88.42943,2022,8,27,1,Urban Arterial,Pedestrian Crossing Hazard,Pedestrian,Vulnerable Road User (VRU),Rain,Damaged / Potholes,Streetlights Operational,Congested,1,1,1
ACC-10362,West Bengal,North 24 Parganas,Kolkata,VIP Road Kolkata Airport Corridor,Ultadanga Hudson Flyover to Kaikhali Crossing,22.61516,88.42329,2024,2,9,22,Urban Arterial,Dangerous Junction Geometry,Auto-Rickshaw,Vulnerable Road User (VRU),Rain,Wet / Slippery,Poor / Intermittent,High,1,0,1
ACC-10363,West Bengal,North 24 Parganas,Kolkata,VIP Road Kolkata Airport Corridor,Ultadanga Hudson Flyover to Kaikhali Crossing,22.60964,88.42512,2022,7,18,2,Urban Arterial,Overspeeding,Pedestrian,Vulnerable Road User (VRU),Rain,Wet / Slippery,Unlit / Pitch Black,High,1,1,2
ACC-10364,West Bengal,North 24 Parganas,Kolkata,VIP Road Kolkata Airport Corridor,Ultadanga Hudson Flyover to Kaikhali Crossing,22.60597,88.42565,2021,3,7,8,Urban Arterial,Pedestrian Crossing Hazard,Bus,Motorized Passenger,Rain,Under Construction,Daylight,High,1,0,1
ACC-10365,West Bengal,North 24 Parganas,Kolkata,VIP Road Kolkata Airport Corridor,Ultadanga Hudson Flyover to Kaikhali Crossing,22.60309,88.42876,2024,7,15,21,Urban Arterial,Pedestrian Crossing Hazard,Pedestrian,Vulnerable Road User (VRU),Rain,Wet / Slippery,Streetlights Operational,Medium,1,1,2
ACC-10366,West Bengal,North 24 Parganas,Kolkata,VIP Road Kolkata Airport Corridor,Ultadanga Hudson Flyover to Kaikhali Crossing,22.60729,88.421,2023,6,3,18,Urban Arterial,Dangerous Junction Geometry,Pedestrian,Vulnerable Road User (VRU),Rain,Damaged / Potholes,Streetlights Operational,Low,1,0,0
ACC-10367,West Bengal,North 24 Parganas,Kolkata,VIP Road Kolkata Airport Corridor,Ultadanga Hudson Flyover to Kaikhali Crossing,22.61363,88.42489,2024,2,25,20,Urban Arterial,Pedestrian Crossing Hazard,Two-Wheeler,Vulnerable Road User (VRU),Clear,Dry / Smooth,Streetlights Operational,Low,1,0,1
ACC-10368,West Bengal,North 24 Parganas,Kolkata,VIP Road Kolkata Airport Corridor,Ultadanga Hudson Flyover to Kaikhali Crossing,22.61091,88.43102,2021,10,24,11,Urban Arterial,Pedestrian Crossing Hazard,Bus,Motorized Passenger,Rain,Wet / Slippery,Daylight,Congested,1,0,1
ACC-10369,West Bengal,North 24 Parganas,Kolkata,VIP Road Kolkata Airport Corridor,Ultadanga Hudson Flyover to Kaikhali Crossing,22.60439,88.42867,2023,3,20,20,Urban Arterial,Poor Lighting,Bus,Motorized Passenger,Clear,Damaged / Potholes,Unlit / Pitch Black,Medium,1,1,2
ACC-10370,West Bengal,North 24 Parganas,Kolkata,VIP Road Kolkata Airport Corridor,Ultadanga Hudson Flyover to Kaikhali Crossing,22.6026,88.42607,2024,7,2,20,Urban Arterial,Dangerous Junction Geometry,Auto-Rickshaw,Vulnerable Road User (VRU),Rain,Wet / Slippery,Streetlights Operational,High,1,1,1
ACC-10371,West Bengal,North 24 Parganas,Kolkata,VIP Road Kolkata Airport Corridor,Ultadanga Hudson Flyover to Kaikhali Crossing,22.61254,88.42937,2023,7,24,0,Urban Arterial,Dangerous Junction Geometry,Pedestrian,Vulnerable Road User (VRU),Rain,Under Construction,Poor / Intermittent,High,1,0,1
ACC-10372,West Bengal,North 24 Parganas,Kolkata,VIP Road Kolkata Airport Corridor,Ultadanga Hudson Flyover to Kaikhali Crossing,22.61671,88.42076,2023,8,26,17,Urban Arterial,Pedestrian Crossing Hazard,Two-Wheeler,Vulnerable Road User (VRU),Rain,Wet / Slippery,Daylight,High,1,1,2
ACC-10373,West Bengal,North 24 Parganas,Kolkata,VIP Road Kolkata Airport Corridor,Ultadanga Hudson Flyover to Kaikhali Crossing,22.60389,88.42913,2022,5,27,18,Urban Arterial,Dangerous Junction Geometry,Bus,Motorized Passenger,Rain,Wet / Slippery,Unlit / Pitch Black,Low,1,0,1
ACC-10374,West Bengal,North 24 Parganas,Kolkata,VIP Road Kolkata Airport Corridor,Ultadanga Hudson Flyover to Kaikhali Crossing,22.6096,88.4155,2023,8,27,6,Urban Arterial,Overspeeding,Pedestrian,Vulnerable Road User (VRU),Rain,Wet / Slippery,Daylight,High,1,0,3
ACC-10375,West Bengal,North 24 Parganas,Kolkata,VIP Road Kolkata Airport Corridor,Ultadanga Hudson Flyover to Kaikhali Crossing,22.60257,88.43002,2024,9,5,19,Urban Arterial,Overspeeding,Two-Wheeler,Vulnerable Road User (VRU),Clear,Damaged / Potholes,Unlit / Pitch Black,High,1,1,1
ACC-10376,West Bengal,North 24 Parganas,Kolkata,VIP Road Kolkata Airport Corridor,Ultadanga Hudson Flyover to Kaikhali Crossing,22.60761,88.42216,2021,6,15,4,Urban Arterial,Overspeeding,Auto-Rickshaw,Vulnerable Road User (VRU),Rain,Wet / Slippery,Streetlights Operational,Medium,1,1,1
ACC-10377,West Bengal,North 24 Parganas,Kolkata,VIP Road Kolkata Airport Corridor,Ultadanga Hudson Flyover to Kaikhali Crossing,22.60642,88.41624,2021,5,5,1,Urban Arterial,Pedestrian Crossing Hazard,Auto-Rickshaw,Vulnerable Road User (VRU),Rain,Wet / Slippery,Poor / Intermittent,Low,1,1,1
ACC-10378,West Bengal,North 24 Parganas,Kolkata,VIP Road Kolkata Airport Corridor,Ultadanga Hudson Flyover to Kaikhali Crossing,22.61198,88.42848,2023,9,15,0,Urban Arterial,Poor Lighting,Auto-Rickshaw,Vulnerable Road User (VRU),Rain,Wet / Slippery,Unlit / Pitch Black,High,1,1,1
ACC-10379,West Bengal,North 24 Parganas,Kolkata,VIP Road Kolkata Airport Corridor,Ultadanga Hudson Flyover to Kaikhali Crossing,22.61476,88.42263,2024,10,12,7,Urban Arterial,Pedestrian Crossing Hazard,Bus,Motorized Passenger,Clear,Damaged / Potholes,Daylight,Congested,1,1,2
ACC-10380,West Bengal,North 24 Parganas,Kolkata,VIP Road Kolkata Airport Corridor,Ultadanga Hudson Flyover to Kaikhali Crossing,22.61011,88.42072,2022,3,28,7,Urban Arterial,Overspeeding,Bus,Motorized Passenger,Clear,Damaged / Potholes,Daylight,Low,1,0,0
ACC-10381,West Bengal,North 24 Parganas,Kolkata,VIP Road Kolkata Airport Corridor,Ultadanga Hudson Flyover to Kaikhali Crossing,22.60733,88.42248,2024,3,10,12,Urban Arterial,Dangerous Junction Geometry,Auto-Rickshaw,Vulnerable Road User (VRU),Clear,Under Construction,Daylight,Low,1,0,0
ACC-10382,West Bengal,North 24 Parganas,Kolkata,VIP Road Kolkata Airport Corridor,Ultadanga Hudson Flyover to Kaikhali Crossing,22.61505,88.42207,2024,4,20,2,Urban Arterial,Poor Lighting,Bus,Motorized Passenger,Rain,Wet / Slippery,Unlit / Pitch Black,Medium,1,0,1
ACC-10383,West Bengal,North 24 Parganas,Kolkata,VIP Road Kolkata Airport Corridor,Ultadanga Hudson Flyover to Kaikhali Crossing,22.61779,88.41621,2023,9,23,22,Urban Arterial,Pedestrian Crossing Hazard,Bus,Motorized Passenger,Rain,Wet / Slippery,Poor / Intermittent,High,1,0,0
ACC-10384,West Bengal,North 24 Parganas,Kolkata,VIP Road Kolkata Airport Corridor,Ultadanga Hudson Flyover to Kaikhali Crossing,22.61695,88.42528,2021,11,27,18,Urban Arterial,Overspeeding,Bus,Motorized Passenger,Clear,Dry / Smooth,Streetlights Operational,Medium,1,0,2
ACC-10385,West Bengal,North 24 Parganas,Kolkata,VIP Road Kolkata Airport Corridor,Ultadanga Hudson Flyover to Kaikhali Crossing,22.61162,88.42971,2021,3,22,20,Urban Arterial,Overspeeding,Bus,Motorized Passenger,Clear,Under Construction,Streetlights Operational,Medium,1,0,1
ACC-10386,West Bengal,North 24 Parganas,Kolkata,VIP Road Kolkata Airport Corridor,Ultadanga Hudson Flyover to Kaikhali Crossing,22.60251,88.42406,2023,7,23,8,Urban Arterial,Pedestrian Crossing Hazard,Auto-Rickshaw,Vulnerable Road User (VRU),Clear,Under Construction,Daylight,Low,1,2,3
ACC-10387,West Bengal,North 24 Parganas,Kolkata,VIP Road Kolkata Airport Corridor,Ultadanga Hudson Flyover to Kaikhali Crossing,22.60588,88.41787,2023,2,28,0,Urban Arterial,Dangerous Junction Geometry,Bus,Motorized Passenger,Clear,Under Construction,Streetlights Operational,Congested,1,0,1
ACC-10388,West Bengal,North 24 Parganas,Kolkata,VIP Road Kolkata Airport Corridor,Ultadanga Hudson Flyover to Kaikhali Crossing,22.61404,88.42289,2022,4,18,9,Urban Arterial,Poor Lighting,Pedestrian,Vulnerable Road User (VRU),Rain,Wet / Slippery,Daylight,Medium,1,1,0
ACC-10389,Maharashtra,Pune,Pune,Pune-Solapur Highway NH-65,Hadapsar Gadital to Manjari Phata,18.489,74.00732,2024,3,3,18,National Highway,Poor Lighting,Car,Motorized Passenger,Rain,Under Construction,Unlit / Pitch Black,Congested,1,0,1
ACC-10390,Maharashtra,Pune,Pune,Pune-Solapur Highway NH-65,Hadapsar Gadital to Manjari Phata,18.4899,74.01825,2024,12,8,7,National Highway,Poor Lighting,Heavy Truck,Commercial Goods,Clear,Dry / Smooth,Daylight,Congested,1,0,0
ACC-10391,Maharashtra,Pune,Pune,Pune-Solapur Highway NH-65,Hadapsar Gadital to Manjari Phata,18.4929,74.01815,2022,12,24,8,National Highway,Poor Lighting,Two-Wheeler,Vulnerable Road User (VRU),Clear,Dry / Smooth,Daylight,Congested,1,0,2
ACC-10392,Maharashtra,Pune,Pune,Pune-Solapur Highway NH-65,Hadapsar Gadital to Manjari Phata,18.49497,74.01183,2023,10,2,11,National Highway,Dangerous Junction Geometry,Car,Motorized Passenger,Rain,Under Construction,Daylight,Low,1,0,3
ACC-10393,Maharashtra,Pune,Pune,Pune-Solapur Highway NH-65,Hadapsar Gadital to Manjari Phata,18.494,74.00764,2021,12,20,14,National Highway,Wrong-side Driving,Two-Wheeler,Vulnerable Road User (VRU),Clear,Under Construction,Daylight,High,1,0,1
ACC-10394,Maharashtra,Pune,Pune,Pune-Solapur Highway NH-65,Hadapsar Gadital to Manjari Phata,18.48398,74.00999,2024,2,5,8,National Highway,Wrong-side Driving,Pedestrian,Vulnerable Road User (VRU),Rain,Wet / Slippery,Daylight,Low,1,0,0
ACC-10395,Maharashtra,Pune,Pune,Pune-Solapur Highway NH-65,Hadapsar Gadital to Manjari Phata,18.49173,74.02035,2022,11,15,2,National Highway,Wrong-side Driving,Pedestrian,Vulnerable Road User (VRU),Fog/Mist,Dry / Smooth,Streetlights Operational,Low,1,0,3
ACC-10396,Maharashtra,Pune,Pune,Pune-Solapur Highway NH-65,Hadapsar Gadital to Manjari Phata,18.48406,74.00988,2024,7,25,22,National Highway,Poor Lighting,Pedestrian,Vulnerable Road User (VRU),Rain,Wet / Slippery,Unlit / Pitch Black,High,1,0,2
ACC-10397,Maharashtra,Pune,Pune,Pune-Solapur Highway NH-65,Hadapsar Gadital to Manjari Phata,18.49704,74.01438,2024,8,10,20,National Highway,Overspeeding,Car,Motorized Passenger,Rain,Wet / Slippery,Streetlights Operational,Low,1,2,0
ACC-10398,Maharashtra,Pune,Pune,Pune-Solapur Highway NH-65,Hadapsar Gadital to Manjari Phata,18.49155,74.01458,2023,9,22,4,National Highway,Wrong-side Driving,Car,Motorized Passenger,Rain,Wet / Slippery,Streetlights Operational,Low,1,2,1
ACC-10399,Maharashtra,Pune,Pune,Pune-Solapur Highway NH-65,Hadapsar Gadital to Manjari Phata,18.48239,74.00876,2022,12,22,7,National Highway,Wrong-side Driving,Pedestrian,Vulnerable Road User (VRU),Rain,Wet / Slippery,Daylight,High,1,0,2
ACC-10400,Maharashtra,Pune,Pune,Pune-Solapur Highway NH-65,Hadapsar Gadital to Manjari Phata,18.49557,74.02241,2021,11,15,23,National Highway,Wrong-side Driving,Heavy Truck,Commercial Goods,Fog/Mist,Dry / Smooth,Unlit / Pitch Black,High,1,0,2
ACC-10401,Maharashtra,Pune,Pune,Pune-Solapur Highway NH-65,Hadapsar Gadital to Manjari Phata,18.49242,74.02196,2021,12,4,21,National Highway,Overspeeding,Car,Motorized Passenger,Clear,Damaged / Potholes,Streetlights Operational,Medium,1,1,3
ACC-10402,Maharashtra,Pune,Pune,Pune-Solapur Highway NH-65,Hadapsar Gadital to Manjari Phata,18.48842,74.02314,2023,7,23,15,National Highway,Wrong-side Driving,Heavy Truck,Commercial Goods,Rain,Wet / Slippery,Daylight,High,1,0,0
ACC-10403,Maharashtra,Pune,Pune,Pune-Solapur Highway NH-65,Hadapsar Gadital to Manjari Phata,18.49365,74.00885,2023,5,6,19,National Highway,Overspeeding,Car,Motorized Passenger,Clear,Dry / Smooth,Poor / Intermittent,Congested,1,1,3
ACC-10404,Maharashtra,Pune,Pune,Pune-Solapur Highway NH-65,Hadapsar Gadital to Manjari Phata,18.48646,74.0184,2021,2,19,15,National Highway,Poor Lighting,Two-Wheeler,Vulnerable Road User (VRU),Clear,Under Construction,Daylight,High,1,0,2
ACC-10405,Maharashtra,Pune,Pune,Pune-Solapur Highway NH-65,Hadapsar Gadital to Manjari Phata,18.49468,74.00914,2024,10,1,19,National Highway,Poor Lighting,Car,Motorized Passenger,Clear,Dry / Smooth,Poor / Intermittent,High,1,0,2
ACC-10406,Maharashtra,Pune,Pune,Pune-Solapur Highway NH-65,Hadapsar Gadital to Manjari Phata,18.48283,74.01335,2023,6,22,0,National Highway,Dangerous Junction Geometry,Heavy Truck,Commercial Goods,Rain,Dry / Smooth,Streetlights Operational,Low,1,0,0
ACC-10407,Maharashtra,Pune,Pune,Pune-Solapur Highway NH-65,Hadapsar Gadital to Manjari Phata,18.49003,74.00821,2022,5,23,1,National Highway,Wrong-side Driving,Car,Motorized Passenger,Clear,Damaged / Potholes,Poor / Intermittent,High,1,1,1
ACC-10408,Maharashtra,Pune,Pune,Pune-Solapur Highway NH-65,Hadapsar Gadital to Manjari Phata,18.48559,74.01766,2023,8,18,15,National Highway,Poor Lighting,Two-Wheeler,Vulnerable Road User (VRU),Rain,Wet / Slippery,Daylight,High,1,1,1
ACC-10409,Maharashtra,Pune,Pune,Pune-Solapur Highway NH-65,Hadapsar Gadital to Manjari Phata,18.49342,74.00929,2024,11,28,5,National Highway,Overspeeding,Two-Wheeler,Vulnerable Road User (VRU),Fog/Mist,Under Construction,Unlit / Pitch Black,High,1,2,0
ACC-10410,Maharashtra,Pune,Pune,Pune-Solapur Highway NH-65,Hadapsar Gadital to Manjari Phata,18.48321,74.01044,2022,11,2,16,National Highway,Dangerous Junction Geometry,Car,Motorized Passenger,Clear,Damaged / Potholes,Daylight,High,1,1,2
ACC-10411,Maharashtra,Pune,Pune,Pune-Solapur Highway NH-65,Hadapsar Gadital to Manjari Phata,18.48413,74.00946,2023,12,22,1,National Highway,Overspeeding,Heavy Truck,Commercial Goods,Fog/Mist,Damaged / Potholes,Streetlights Operational,High,1,0,1
ACC-10412,Maharashtra,Pune,Pune,Pune-Solapur Highway NH-65,Hadapsar Gadital to Manjari Phata,18.48999,74.0073,2024,3,23,2,National Highway,Poor Lighting,Pedestrian,Vulnerable Road User (VRU),Clear,Damaged / Potholes,Unlit / Pitch Black,Congested,1,0,0
ACC-10413,Maharashtra,Pune,Pune,Pune-Solapur Highway NH-65,Hadapsar Gadital to Manjari Phata,18.48603,74.00999,2022,2,23,17,National Highway,Wrong-side Driving,Car,Motorized Passenger,Clear,Under Construction,Daylight,Medium,1,1,1
ACC-10414,Maharashtra,Pune,Pune,Pune-Solapur Highway NH-65,Hadapsar Gadital to Manjari Phata,18.49068,74.00873,2021,10,6,12,National Highway,Dangerous Junction Geometry,Heavy Truck,Commercial Goods,Rain,Wet / Slippery,Daylight,Congested,1,1,0
ACC-10415,Maharashtra,Pune,Pune,Pune-Solapur Highway NH-65,Hadapsar Gadital to Manjari Phata,18.48803,74.01055,2023,9,17,22,National Highway,Overspeeding,Heavy Truck,Commercial Goods,Rain,Under Construction,Unlit / Pitch Black,Medium,1,2,0
ACC-10416,Maharashtra,Pune,Pune,Pune-Solapur Highway NH-65,Hadapsar Gadital to Manjari Phata,18.49477,74.01496,2023,6,20,15,National Highway,Poor Lighting,Two-Wheeler,Vulnerable Road User (VRU),Rain,Wet / Slippery,Daylight,High,1,0,0
ACC-10417,Maharashtra,Pune,Pune,Pune-Solapur Highway NH-65,Hadapsar Gadital to Manjari Phata,18.48377,74.019,2021,2,8,12,National Highway,Wrong-side Driving,Car,Motorized Passenger,Clear,Damaged / Potholes,Daylight,Medium,1,0,1
ACC-10418,Maharashtra,Pune,Pune,Pune-Solapur Highway NH-65,Hadapsar Gadital to Manjari Phata,18.48531,74.01294,2022,7,8,21,National Highway,Poor Lighting,Two-Wheeler,Vulnerable Road User (VRU),Rain,Wet / Slippery,Poor / Intermittent,Congested,1,1,1
ACC-10419,Maharashtra,Pune,Pune,Pune-Solapur Highway NH-65,Hadapsar Gadital to Manjari Phata,18.48692,74.00971,2023,4,11,23,National Highway,Dangerous Junction Geometry,Heavy Truck,Commercial Goods,Rain,Under Construction,Poor / Intermittent,Medium,1,0,1
ACC-10420,Maharashtra,Pune,Pune,Pune-Solapur Highway NH-65,Hadapsar Gadital to Manjari Phata,18.48617,74.01415,2022,10,18,4,National Highway,Poor Lighting,Car,Motorized Passenger,Rain,Under Construction,Unlit / Pitch Black,Low,1,1,2
ACC-10421,Maharashtra,Pune,Pune,Pune-Solapur Highway NH-65,Hadapsar Gadital to Manjari Phata,18.48901,74.01351,2022,10,5,17,National Highway,Dangerous Junction Geometry,Car,Motorized Passenger,Clear,Dry / Smooth,Daylight,Congested,1,0,1
ACC-10422,Maharashtra,Pune,Pune,Pune-Solapur Highway NH-65,Hadapsar Gadital to Manjari Phata,18.48245,74.0179,2021,8,16,20,National Highway,Dangerous Junction Geometry,Car,Motorized Passenger,Rain,Wet / Slippery,Streetlights Operational,Low,1,0,4
ACC-10423,Maharashtra,Pune,Pune,Pune-Solapur Highway NH-65,Hadapsar Gadital to Manjari Phata,18.49346,74.00722,2022,12,15,14,National Highway,Dangerous Junction Geometry,Car,Motorized Passenger,Clear,Under Construction,Daylight,Congested,1,2,2
ACC-10424,Maharashtra,Pune,Pune,Pune-Solapur Highway NH-65,Hadapsar Gadital to Manjari Phata,18.49733,74.01799,2021,7,23,0,National Highway,Wrong-side Driving,Car,Motorized Passenger,Clear,Damaged / Potholes,Streetlights Operational,Low,1,0,0
ACC-10425,Maharashtra,Pune,Pune,Pune-Solapur Highway NH-65,Hadapsar Gadital to Manjari Phata,18.49723,74.01648,2021,2,13,21,National Highway,Dangerous Junction Geometry,Heavy Truck,Commercial Goods,Clear,Damaged / Potholes,Unlit / Pitch Black,Low,1,1,1
ACC-10426,Maharashtra,Pune,Pune,Pune-Solapur Highway NH-65,Hadapsar Gadital to Manjari Phata,18.49063,74.00916,2022,12,25,9,National Highway,Wrong-side Driving,Car,Motorized Passenger,Rain,Wet / Slippery,Daylight,High,1,1,1
ACC-10427,Maharashtra,Pune,Pune,Pune-Solapur Highway NH-65,Hadapsar Gadital to Manjari Phata,18.48343,74.00984,2023,8,20,22,National Highway,Dangerous Junction Geometry,Pedestrian,Vulnerable Road User (VRU),Rain,Wet / Slippery,Streetlights Operational,High,1,1,3
ACC-10428,Maharashtra,Pune,Pune,Pune-Solapur Highway NH-65,Hadapsar Gadital to Manjari Phata,18.49251,74.01186,2021,12,5,7,National Highway,Dangerous Junction Geometry,Heavy Truck,Commercial Goods,Clear,Under Construction,Daylight,Congested,1,0,1
ACC-10429,Maharashtra,Pune,Pune,Pune-Solapur Highway NH-65,Hadapsar Gadital to Manjari Phata,18.49068,74.01598,2021,1,28,16,National Highway,Wrong-side Driving,Car,Motorized Passenger,Rain,Wet / Slippery,Daylight,Low,1,0,2
ACC-10430,Maharashtra,Pune,Pune,Pune-Solapur Highway NH-65,Hadapsar Gadital to Manjari Phata,18.48296,74.01285,2024,5,19,8,National Highway,Overspeeding,Heavy Truck,Commercial Goods,Rain,Damaged / Potholes,Daylight,Low,1,0,2
ACC-10431,Gujarat,Vadodara,Vadodara,Ahmedabad-Vadodara Expressway NE-1,Anand Toll Plaza Interchange km 54-60,22.56127,72.92212,2024,3,20,14,Expressway,Tire Burst / Mechanical,Car,Motorized Passenger,Clear,Damaged / Potholes,Daylight,Medium,1,0,0
ACC-10432,Gujarat,Vadodara,Vadodara,Ahmedabad-Vadodara Expressway NE-1,Anand Toll Plaza Interchange km 54-60,22.56102,72.93483,2023,6,6,23,Expressway,Overspeeding,Bus,Motorized Passenger,Rain,Wet / Slippery,Poor / Intermittent,Congested,1,0,0
ACC-10433,Gujarat,Vadodara,Vadodara,Ahmedabad-Vadodara Expressway NE-1,Anand Toll Plaza Interchange km 54-60,22.56827,72.93601,2024,8,25,19,Expressway,Tire Burst / Mechanical,Car,Motorized Passenger,Rain,Wet / Slippery,Poor / Intermittent,Congested,1,0,3
ACC-10434,Gujarat,Vadodara,Vadodara,Ahmedabad-Vadodara Expressway NE-1,Anand Toll Plaza Interchange km 54-60,22.56113,72.92653,2022,10,24,10,Expressway,Tire Burst / Mechanical,Bus,Motorized Passenger,Rain,Dry / Smooth,Daylight,High,1,0,1
ACC-10435,Gujarat,Vadodara,Vadodara,Ahmedabad-Vadodara Expressway NE-1,Anand Toll Plaza Interchange km 54-60,22.56694,72.9215,2022,8,12,0,Expressway,Driver Drowsiness,Bus,Motorized Passenger,Rain,Wet / Slippery,Streetlights Operational,Medium,1,1,1
ACC-10436,Gujarat,Vadodara,Vadodara,Ahmedabad-Vadodara Expressway NE-1,Anand Toll Plaza Interchange km 54-60,22.57184,72.93409,2024,4,16,21,Expressway,Overspeeding,Bus,Motorized Passenger,Clear,Under Construction,Unlit / Pitch Black,Congested,1,1,1
ACC-10437,Gujarat,Vadodara,Vadodara,Ahmedabad-Vadodara Expressway NE-1,Anand Toll Plaza Interchange km 54-60,22.56298,72.93444,2021,4,24,14,Expressway,Poor Lighting,Heavy Truck,Commercial Goods,Rain,Wet / Slippery,Daylight,Medium,1,0,4
ACC-10438,Gujarat,Vadodara,Vadodara,Ahmedabad-Vadodara Expressway NE-1,Anand Toll Plaza Interchange km 54-60,22.56221,72.92021,2022,10,20,7,Expressway,Tire Burst / Mechanical,Heavy Truck,Commercial Goods,Rain,Wet / Slippery,Daylight,High,1,0,1
ACC-10439,Gujarat,Vadodara,Vadodara,Ahmedabad-Vadodara Expressway NE-1,Anand Toll Plaza Interchange km 54-60,22.56106,72.92905,2023,7,6,23,Expressway,Driver Drowsiness,Car,Motorized Passenger,Rain,Wet / Slippery,Poor / Intermittent,Congested,1,2,2
ACC-10440,Gujarat,Vadodara,Vadodara,Ahmedabad-Vadodara Expressway NE-1,Anand Toll Plaza Interchange km 54-60,22.56721,72.92402,2024,4,1,5,Expressway,Tire Burst / Mechanical,Heavy Truck,Commercial Goods,Clear,Under Construction,Streetlights Operational,Low,1,0,1
ACC-10441,Gujarat,Vadodara,Vadodara,Ahmedabad-Vadodara Expressway NE-1,Anand Toll Plaza Interchange km 54-60,22.56217,72.93183,2021,5,16,4,Expressway,Tire Burst / Mechanical,Bus,Motorized Passenger,Clear,Under Construction,Streetlights Operational,Congested,1,0,2
ACC-10442,Gujarat,Vadodara,Vadodara,Ahmedabad-Vadodara Expressway NE-1,Anand Toll Plaza Interchange km 54-60,22.57148,72.92088,2021,5,6,2,Expressway,Tire Burst / Mechanical,Heavy Truck,Commercial Goods,Clear,Damaged / Potholes,Streetlights Operational,Medium,1,1,2
ACC-10443,Gujarat,Vadodara,Vadodara,Ahmedabad-Vadodara Expressway NE-1,Anand Toll Plaza Interchange km 54-60,22.56136,72.92516,2023,9,21,11,Expressway,Driver Drowsiness,Bus,Motorized Passenger,Rain,Wet / Slippery,Daylight,High,1,0,0
ACC-10444,Gujarat,Vadodara,Vadodara,Ahmedabad-Vadodara Expressway NE-1,Anand Toll Plaza Interchange km 54-60,22.56396,72.92555,2023,5,22,8,Expressway,Overspeeding,Bus,Motorized Passenger,Rain,Wet / Slippery,Daylight,Medium,1,1,1
ACC-10445,Gujarat,Vadodara,Vadodara,Ahmedabad-Vadodara Expressway NE-1,Anand Toll Plaza Interchange km 54-60,22.5583,72.92038,2022,2,7,7,Expressway,Driver Drowsiness,Bus,Motorized Passenger,Rain,Dry / Smooth,Daylight,Congested,1,0,0
ACC-10446,Gujarat,Vadodara,Vadodara,Ahmedabad-Vadodara Expressway NE-1,Anand Toll Plaza Interchange km 54-60,22.56721,72.92502,2023,5,23,19,Expressway,Tire Burst / Mechanical,Car,Motorized Passenger,Clear,Dry / Smooth,Streetlights Operational,Medium,1,0,2
ACC-10447,Gujarat,Vadodara,Vadodara,Ahmedabad-Vadodara Expressway NE-1,Anand Toll Plaza Interchange km 54-60,22.55715,72.922,2022,3,3,1,Expressway,Overspeeding,Car,Motorized Passenger,Clear,Under Construction,Streetlights Operational,Medium,1,1,1
ACC-10448,Gujarat,Vadodara,Vadodara,Ahmedabad-Vadodara Expressway NE-1,Anand Toll Plaza Interchange km 54-60,22.56973,72.93517,2023,1,3,0,Expressway,Overspeeding,Car,Motorized Passenger,Fog/Mist,Damaged / Potholes,Streetlights Operational,Medium,1,1,0
ACC-10449,Gujarat,Vadodara,Vadodara,Ahmedabad-Vadodara Expressway NE-1,Anand Toll Plaza Interchange km 54-60,22.55895,72.93216,2023,6,6,15,Expressway,Driver Drowsiness,Bus,Motorized Passenger,Clear,Dry / Smooth,Daylight,Medium,1,0,3
ACC-10450,Gujarat,Vadodara,Vadodara,Ahmedabad-Vadodara Expressway NE-1,Anand Toll Plaza Interchange km 54-60,22.56227,72.92353,2021,12,4,17,Expressway,Poor Lighting,Heavy Truck,Commercial Goods,Rain,Damaged / Potholes,Daylight,High,1,0,1
ACC-10451,Gujarat,Vadodara,Vadodara,Ahmedabad-Vadodara Expressway NE-1,Anand Toll Plaza Interchange km 54-60,22.56081,72.93165,2022,7,4,8,Expressway,Overspeeding,Heavy Truck,Commercial Goods,Rain,Wet / Slippery,Daylight,Medium,1,0,1
ACC-10452,Gujarat,Vadodara,Vadodara,Ahmedabad-Vadodara Expressway NE-1,Anand Toll Plaza Interchange km 54-60,22.55922,72.92121,2021,6,16,8,Expressway,Poor Lighting,Bus,Motorized Passenger,Clear,Under Construction,Daylight,Congested,1,0,2
ACC-10453,Gujarat,Vadodara,Vadodara,Ahmedabad-Vadodara Expressway NE-1,Anand Toll Plaza Interchange km 54-60,22.55811,72.92642,2024,11,12,22,Expressway,Poor Lighting,Bus,Motorized Passenger,Fog/Mist,Under Construction,Unlit / Pitch Black,Congested,1,0,2
ACC-10454,Gujarat,Vadodara,Vadodara,Ahmedabad-Vadodara Expressway NE-1,Anand Toll Plaza Interchange km 54-60,22.56066,72.93152,2021,12,6,7,Expressway,Tire Burst / Mechanical,Car,Motorized Passenger,Clear,Under Construction,Daylight,Medium,1,0,2
ACC-10455,Gujarat,Vadodara,Vadodara,Ahmedabad-Vadodara Expressway NE-1,Anand Toll Plaza Interchange km 54-60,22.56625,72.92225,2023,11,13,22,Expressway,Poor Lighting,Heavy Truck,Commercial Goods,Fog/Mist,Damaged / Potholes,Poor / Intermittent,Congested,1,1,1
ACC-10456,Gujarat,Vadodara,Vadodara,Ahmedabad-Vadodara Expressway NE-1,Anand Toll Plaza Interchange km 54-60,22.56836,72.93068,2021,12,2,10,Expressway,Overspeeding,Car,Motorized Passenger,Clear,Under Construction,Daylight,Medium,1,0,1
ACC-10457,Gujarat,Vadodara,Vadodara,Ahmedabad-Vadodara Expressway NE-1,Anand Toll Plaza Interchange km 54-60,22.5634,72.93375,2024,8,7,19,Expressway,Poor Lighting,Bus,Motorized Passenger,Clear,Dry / Smooth,Poor / Intermittent,Congested,1,0,0
ACC-10458,Gujarat,Vadodara,Vadodara,Ahmedabad-Vadodara Expressway NE-1,Anand Toll Plaza Interchange km 54-60,22.567,72.93066,2024,8,2,20,Expressway,Tire Burst / Mechanical,Bus,Motorized Passenger,Rain,Wet / Slippery,Poor / Intermittent,Congested,1,0,0
ACC-10459,Gujarat,Vadodara,Vadodara,Ahmedabad-Vadodara Expressway NE-1,Anand Toll Plaza Interchange km 54-60,22.57184,72.92523,2024,8,18,11,Expressway,Overspeeding,Heavy Truck,Commercial Goods,Rain,Wet / Slippery,Daylight,Congested,1,0,1
ACC-10460,Gujarat,Vadodara,Vadodara,Ahmedabad-Vadodara Expressway NE-1,Anand Toll Plaza Interchange km 54-60,22.56192,72.92572,2021,10,2,9,Expressway,Tire Burst / Mechanical,Bus,Motorized Passenger,Clear,Dry / Smooth,Daylight,Congested,1,0,1
ACC-10461,Gujarat,Vadodara,Vadodara,Ahmedabad-Vadodara Expressway NE-1,Anand Toll Plaza Interchange km 54-60,22.57001,72.92919,2022,4,8,21,Expressway,Overspeeding,Bus,Motorized Passenger,Clear,Dry / Smooth,Poor / Intermittent,Medium,1,1,1
ACC-10462,Gujarat,Vadodara,Vadodara,Ahmedabad-Vadodara Expressway NE-1,Anand Toll Plaza Interchange km 54-60,22.5578,72.9309,2024,5,1,12,Expressway,Overspeeding,Heavy Truck,Commercial Goods,Rain,Under Construction,Daylight,Low,1,0,2
ACC-10463,Kerala,Ernakulam,Kochi,Kochi Bypass NH-66,Edapally Toll Junction to Palarivattom,9.97989,76.31141,2023,8,17,13,Urban Arterial,Dangerous Junction Geometry,Car,Motorized Passenger,Rain,Wet / Slippery,Daylight,Congested,1,0,1
ACC-10464,Kerala,Ernakulam,Kochi,Kochi Bypass NH-66,Edapally Toll Junction to Palarivattom,9.97113,76.31576,2022,5,9,21,Urban Arterial,Overspeeding,Car,Motorized Passenger,Clear,Dry / Smooth,Streetlights Operational,Low,1,1,1
ACC-10465,Kerala,Ernakulam,Kochi,Kochi Bypass NH-66,Edapally Toll Junction to Palarivattom,9.97306,76.32429,2021,11,27,8,Urban Arterial,Overspeeding,Auto-Rickshaw,Vulnerable Road User (VRU),Rain,Damaged / Potholes,Daylight,Congested,1,1,2
ACC-10466,Kerala,Ernakulam,Kochi,Kochi Bypass NH-66,Edapally Toll Junction to Palarivattom,9.97526,76.315,2022,10,16,23,Urban Arterial,Overspeeding,Auto-Rickshaw,Vulnerable Road User (VRU),Clear,Under Construction,Streetlights Operational,Medium,1,1,0
ACC-10467,Kerala,Ernakulam,Kochi,Kochi Bypass NH-66,Edapally Toll Junction to Palarivattom,9.97392,76.31669,2024,7,11,17,Urban Arterial,Adverse Weather / Fog,Car,Motorized Passenger,Rain,Wet / Slippery,Daylight,Low,1,0,1
ACC-10468,Kerala,Ernakulam,Kochi,Kochi Bypass NH-66,Edapally Toll Junction to Palarivattom,9.97693,76.31464,2021,3,7,8,Urban Arterial,Overspeeding,Pedestrian,Vulnerable Road User (VRU),Rain,Under Construction,Daylight,High,1,1,0
ACC-10469,Kerala,Ernakulam,Kochi,Kochi Bypass NH-66,Edapally Toll Junction to Palarivattom,9.97081,76.31601,2022,11,28,23,Urban Arterial,Overspeeding,Two-Wheeler,Vulnerable Road User (VRU),Rain,Wet / Slippery,Unlit / Pitch Black,Low,1,0,3
ACC-10470,Kerala,Ernakulam,Kochi,Kochi Bypass NH-66,Edapally Toll Junction to Palarivattom,9.9739,76.32257,2021,7,27,5,Urban Arterial,Potholes / Road Surface Defect,Two-Wheeler,Vulnerable Road User (VRU),Clear,Damaged / Potholes,Streetlights Operational,Low,1,0,0
ACC-10471,Kerala,Ernakulam,Kochi,Kochi Bypass NH-66,Edapally Toll Junction to Palarivattom,9.96837,76.31963,2023,6,27,18,Urban Arterial,Potholes / Road Surface Defect,Pedestrian,Vulnerable Road User (VRU),Clear,Damaged / Potholes,Unlit / Pitch Black,Medium,1,0,1
ACC-10472,Kerala,Ernakulam,Kochi,Kochi Bypass NH-66,Edapally Toll Junction to Palarivattom,9.97011,76.32165,2024,9,12,4,Urban Arterial,Dangerous Junction Geometry,Pedestrian,Vulnerable Road User (VRU),Rain,Wet / Slippery,Streetlights Operational,Low,1,0,3
ACC-10473,Kerala,Ernakulam,Kochi,Kochi Bypass NH-66,Edapally Toll Junction to Palarivattom,9.97011,76.3232,2023,1,21,12,Urban Arterial,Adverse Weather / Fog,Two-Wheeler,Vulnerable Road User (VRU),Clear,Damaged / Potholes,Daylight,Congested,1,0,3
ACC-10474,Kerala,Ernakulam,Kochi,Kochi Bypass NH-66,Edapally Toll Junction to Palarivattom,9.96906,76.32395,2021,9,28,19,Urban Arterial,Overspeeding,Two-Wheeler,Vulnerable Road User (VRU),Rain,Wet / Slippery,Streetlights Operational,Low,1,2,2
ACC-10475,Kerala,Ernakulam,Kochi,Kochi Bypass NH-66,Edapally Toll Junction to Palarivattom,9.97106,76.3249,2022,8,21,22,Urban Arterial,Overspeeding,Two-Wheeler,Vulnerable Road User (VRU),Rain,Under Construction,Unlit / Pitch Black,Congested,1,0,1
ACC-10476,Kerala,Ernakulam,Kochi,Kochi Bypass NH-66,Edapally Toll Junction to Palarivattom,9.97456,76.31314,2021,3,23,1,Urban Arterial,Dangerous Junction Geometry,Pedestrian,Vulnerable Road User (VRU),Rain,Wet / Slippery,Streetlights Operational,Congested,1,0,2
ACC-10477,Kerala,Ernakulam,Kochi,Kochi Bypass NH-66,Edapally Toll Junction to Palarivattom,9.97658,76.32059,2024,11,5,7,Urban Arterial,Dangerous Junction Geometry,Auto-Rickshaw,Vulnerable Road User (VRU),Clear,Dry / Smooth,Daylight,Medium,1,0,2
ACC-10478,Kerala,Ernakulam,Kochi,Kochi Bypass NH-66,Edapally Toll Junction to Palarivattom,9.97709,76.31338,2022,10,22,9,Urban Arterial,Overspeeding,Pedestrian,Vulnerable Road User (VRU),Clear,Damaged / Potholes,Daylight,Medium,1,0,2
ACC-10479,Kerala,Ernakulam,Kochi,Kochi Bypass NH-66,Edapally Toll Junction to Palarivattom,9.97552,76.3129,2024,6,6,18,Urban Arterial,Potholes / Road Surface Defect,Two-Wheeler,Vulnerable Road User (VRU),Clear,Damaged / Potholes,Streetlights Operational,High,1,0,0
ACC-10480,Kerala,Ernakulam,Kochi,Kochi Bypass NH-66,Edapally Toll Junction to Palarivattom,9.96789,76.31345,2024,10,14,2,Urban Arterial,Adverse Weather / Fog,Auto-Rickshaw,Vulnerable Road User (VRU),Rain,Dry / Smooth,Unlit / Pitch Black,Congested,1,0,1
ACC-10481,Kerala,Ernakulam,Kochi,Kochi Bypass NH-66,Edapally Toll Junction to Palarivattom,9.96664,76.31484,2023,5,24,2,Urban Arterial,Overspeeding,Car,Motorized Passenger,Rain,Wet / Slippery,Streetlights Operational,Medium,1,0,1
ACC-10482,Kerala,Ernakulam,Kochi,Kochi Bypass NH-66,Edapally Toll Junction to Palarivattom,9.97529,76.32161,2023,4,20,7,Urban Arterial,Dangerous Junction Geometry,Pedestrian,Vulnerable Road User (VRU),Clear,Dry / Smooth,Daylight,Congested,1,1,2
ACC-10483,Kerala,Ernakulam,Kochi,Kochi Bypass NH-66,Edapally Toll Junction to Palarivattom,9.97978,76.31977,2024,12,20,1,Urban Arterial,Adverse Weather / Fog,Two-Wheeler,Vulnerable Road User (VRU),Fog/Mist,Under Construction,Unlit / Pitch Black,Low,1,0,3
ACC-10484,Kerala,Ernakulam,Kochi,Kochi Bypass NH-66,Edapally Toll Junction to Palarivattom,9.97919,76.32425,2021,1,9,18,Urban Arterial,Dangerous Junction Geometry,Pedestrian,Vulnerable Road User (VRU),Clear,Damaged / Potholes,Streetlights Operational,Medium,1,0,1
ACC-10485,Kerala,Ernakulam,Kochi,Kochi Bypass NH-66,Edapally Toll Junction to Palarivattom,9.97766,76.32217,2022,2,11,9,Urban Arterial,Potholes / Road Surface Defect,Auto-Rickshaw,Vulnerable Road User (VRU),Clear,Damaged / Potholes,Daylight,Low,1,1,2
ACC-10486,Kerala,Ernakulam,Kochi,Kochi Bypass NH-66,Edapally Toll Junction to Palarivattom,9.97795,76.32072,2024,5,9,8,Urban Arterial,Dangerous Junction Geometry,Pedestrian,Vulnerable Road User (VRU),Clear,Damaged / Potholes,Daylight,Congested,1,0,0
ACC-10487,Kerala,Ernakulam,Kochi,Kochi Bypass NH-66,Edapally Toll Junction to Palarivattom,9.97862,76.31812,2024,1,7,7,Urban Arterial,Potholes / Road Surface Defect,Two-Wheeler,Vulnerable Road User (VRU),Rain,Damaged / Potholes,Daylight,Low,1,1,0
ACC-10488,Kerala,Ernakulam,Kochi,Kochi Bypass NH-66,Edapally Toll Junction to Palarivattom,9.9763,76.32336,2024,6,23,19,Urban Arterial,Overspeeding,Two-Wheeler,Vulnerable Road User (VRU),Clear,Dry / Smooth,Streetlights Operational,High,1,1,2
ACC-10489,Kerala,Ernakulam,Kochi,Kochi Bypass NH-66,Edapally Toll Junction to Palarivattom,9.96472,76.3211,2022,10,1,21,Urban Arterial,Potholes / Road Surface Defect,Pedestrian,Vulnerable Road User (VRU),Clear,Damaged / Potholes,Streetlights Operational,Congested,1,0,2
ACC-10490,Kerala,Ernakulam,Kochi,Kochi Bypass NH-66,Edapally Toll Junction to Palarivattom,9.97982,76.3207,2021,7,12,1,Urban Arterial,Dangerous Junction Geometry,Car,Motorized Passenger,Rain,Under Construction,Poor / Intermittent,Low,1,0,0
ACC-10491,Kerala,Ernakulam,Kochi,Kochi Bypass NH-66,Edapally Toll Junction to Palarivattom,9.96543,76.32543,2024,6,24,17,Urban Arterial,Potholes / Road Surface Defect,Car,Motorized Passenger,Clear,Damaged / Potholes,Daylight,Low,1,0,0
ACC-10492,Kerala,Ernakulam,Kochi,Kochi Bypass NH-66,Edapally Toll Junction to Palarivattom,9.97465,76.32547,2024,2,13,7,Urban Arterial,Overspeeding,Two-Wheeler,Vulnerable Road User (VRU),Clear,Dry / Smooth,Daylight,Medium,1,0,1
ACC-10493,Kerala,Ernakulam,Kochi,Kochi Bypass NH-66,Edapally Toll Junction to Palarivattom,9.97192,76.31921,2022,2,10,18,Urban Arterial,Dangerous Junction Geometry,Car,Motorized Passenger,Rain,Wet / Slippery,Unlit / Pitch Black,Medium,1,0,2
ACC-10494,Kerala,Ernakulam,Kochi,Kochi Bypass NH-66,Edapally Toll Junction to Palarivattom,9.96789,76.32118,2024,2,25,9,Urban Arterial,Potholes / Road Surface Defect,Pedestrian,Vulnerable Road User (VRU),Rain,Damaged / Potholes,Daylight,High,1,1,1
ACC-10495,Maharashtra,Mumbai Suburban,Mumbai,Western Express Highway (WEH),Goregaon Aarey Flyover to Malad Subway,19.16531,72.85438,2022,8,17,20,Urban Arterial,Overspeeding,Car,Motorized Passenger,Rain,Wet / Slippery,Streetlights Operational,Congested,1,3,2
ACC-10496,Maharashtra,Mumbai Suburban,Mumbai,Western Express Highway (WEH),Goregaon Aarey Flyover to Malad Subway,19.16455,72.85448,2024,5,19,1,Urban Arterial,Overspeeding,Auto-Rickshaw,Vulnerable Road User (VRU),Clear,Under Construction,Poor / Intermittent,Congested,1,0,1
ACC-10497,Maharashtra,Mumbai Suburban,Mumbai,Western Express Highway (WEH),Goregaon Aarey Flyover to Malad Subway,19.1699,72.85768,2021,9,1,22,Urban Arterial,Potholes / Road Surface Defect,Two-Wheeler,Vulnerable Road User (VRU),Rain,Damaged / Potholes,Streetlights Operational,High,1,2,1
ACC-10498,Maharashtra,Mumbai Suburban,Mumbai,Western Express Highway (WEH),Goregaon Aarey Flyover to Malad Subway,19.16813,72.86147,2024,10,26,2,Urban Arterial,Dangerous Junction Geometry,Two-Wheeler,Vulnerable Road User (VRU),Rain,Dry / Smooth,Poor / Intermittent,High,1,1,0
ACC-10499,Maharashtra,Mumbai Suburban,Mumbai,Western Express Highway (WEH),Goregaon Aarey Flyover to Malad Subway,19.16075,72.86593,2024,5,20,12,Urban Arterial,Poor Lighting,Auto-Rickshaw,Vulnerable Road User (VRU),Clear,Under Construction,Daylight,High,1,1,0
ACC-10500,Maharashtra,Mumbai Suburban,Mumbai,Western Express Highway (WEH),Goregaon Aarey Flyover to Malad Subway,19.16725,72.85226,2021,4,16,22,Urban Arterial,Dangerous Junction Geometry,Car,Motorized Passenger,Clear,Damaged / Potholes,Streetlights Operational,Low,1,0,0
ACC-10501,Maharashtra,Mumbai Suburban,Mumbai,Western Express Highway (WEH),Goregaon Aarey Flyover to Malad Subway,19.16584,72.85204,2022,12,23,19,Urban Arterial,Potholes / Road Surface Defect,Two-Wheeler,Vulnerable Road User (VRU),Clear,Damaged / Potholes,Streetlights Operational,Medium,1,2,1
ACC-10502,Maharashtra,Mumbai Suburban,Mumbai,Western Express Highway (WEH),Goregaon Aarey Flyover to Malad Subway,19.16972,72.85925,2024,7,28,21,Urban Arterial,Poor Lighting,Two-Wheeler,Vulnerable Road User (VRU),Rain,Wet / Slippery,Poor / Intermittent,Congested,1,1,0
ACC-10503,Maharashtra,Mumbai Suburban,Mumbai,Western Express Highway (WEH),Goregaon Aarey Flyover to Malad Subway,19.17212,72.85791,2023,11,14,4,Urban Arterial,Potholes / Road Surface Defect,Auto-Rickshaw,Vulnerable Road User (VRU),Fog/Mist,Damaged / Potholes,Streetlights Operational,Low,1,1,0
ACC-10504,Maharashtra,Mumbai Suburban,Mumbai,Western Express Highway (WEH),Goregaon Aarey Flyover to Malad Subway,19.17127,72.86215,2024,4,17,22,Urban Arterial,Poor Lighting,Auto-Rickshaw,Vulnerable Road User (VRU),Clear,Damaged / Potholes,Poor / Intermittent,Congested,1,0,2
ACC-10505,Maharashtra,Mumbai Suburban,Mumbai,Western Express Highway (WEH),Goregaon Aarey Flyover to Malad Subway,19.16716,72.8663,2024,3,20,23,Urban Arterial,Overspeeding,Auto-Rickshaw,Vulnerable Road User (VRU),Clear,Damaged / Potholes,Streetlights Operational,Medium,1,0,0
ACC-10506,Maharashtra,Mumbai Suburban,Mumbai,Western Express Highway (WEH),Goregaon Aarey Flyover to Malad Subway,19.16232,72.85403,2023,4,7,0,Urban Arterial,Poor Lighting,Car,Motorized Passenger,Clear,Damaged / Potholes,Poor / Intermittent,High,1,0,1
ACC-10507,Maharashtra,Mumbai Suburban,Mumbai,Western Express Highway (WEH),Goregaon Aarey Flyover to Malad Subway,19.17017,72.85207,2022,8,9,15,Urban Arterial,Poor Lighting,Two-Wheeler,Vulnerable Road User (VRU),Rain,Wet / Slippery,Daylight,Medium,1,0,2
ACC-10508,Maharashtra,Mumbai Suburban,Mumbai,Western Express Highway (WEH),Goregaon Aarey Flyover to Malad Subway,19.16629,72.86205,2021,8,26,1,Urban Arterial,Overspeeding,Auto-Rickshaw,Vulnerable Road User (VRU),Clear,Dry / Smooth,Streetlights Operational,High,1,1,1
ACC-10509,Maharashtra,Mumbai Suburban,Mumbai,Western Express Highway (WEH),Goregaon Aarey Flyover to Malad Subway,19.16443,72.86335,2024,9,16,4,Urban Arterial,Dangerous Junction Geometry,Auto-Rickshaw,Vulnerable Road User (VRU),Rain,Wet / Slippery,Unlit / Pitch Black,Medium,1,1,2
ACC-10510,Maharashtra,Mumbai Suburban,Mumbai,Western Express Highway (WEH),Goregaon Aarey Flyover to Malad Subway,19.16415,72.86323,2023,5,17,8,Urban Arterial,Poor Lighting,Auto-Rickshaw,Vulnerable Road User (VRU),Clear,Under Construction,Daylight,Medium,1,1,1
ACC-10511,Maharashtra,Mumbai Suburban,Mumbai,Western Express Highway (WEH),Goregaon Aarey Flyover to Malad Subway,19.16161,72.85581,2024,7,15,11,Urban Arterial,Poor Lighting,Two-Wheeler,Vulnerable Road User (VRU),Rain,Wet / Slippery,Daylight,High,1,0,1
ACC-10512,Maharashtra,Mumbai Suburban,Mumbai,Western Express Highway (WEH),Goregaon Aarey Flyover to Malad Subway,19.16601,72.86363,2024,3,14,0,Urban Arterial,Dangerous Junction Geometry,Auto-Rickshaw,Vulnerable Road User (VRU),Rain,Under Construction,Poor / Intermittent,Low,1,0,1
ACC-10513,Maharashtra,Mumbai Suburban,Mumbai,Western Express Highway (WEH),Goregaon Aarey Flyover to Malad Subway,19.16185,72.859,2022,12,13,7,Urban Arterial,Potholes / Road Surface Defect,Auto-Rickshaw,Vulnerable Road User (VRU),Clear,Damaged / Potholes,Daylight,Congested,1,0,2
ACC-10514,Maharashtra,Mumbai Suburban,Mumbai,Western Express Highway (WEH),Goregaon Aarey Flyover to Malad Subway,19.16095,72.86315,2024,12,24,5,Urban Arterial,Poor Lighting,Two-Wheeler,Vulnerable Road User (VRU),Rain,Wet / Slippery,Unlit / Pitch Black,Low,1,0,0
ACC-10515,Maharashtra,Mumbai Suburban,Mumbai,Western Express Highway (WEH),Goregaon Aarey Flyover to Malad Subway,19.16862,72.85238,2023,4,27,14,Urban Arterial,Potholes / Road Surface Defect,Auto-Rickshaw,Vulnerable Road User (VRU),Clear,Damaged / Potholes,Daylight,High,1,0,1
ACC-10516,Maharashtra,Mumbai Suburban,Mumbai,Western Express Highway (WEH),Goregaon Aarey Flyover to Malad Subway,19.16966,72.85264,2021,8,10,0,Urban Arterial,Potholes / Road Surface Defect,Car,Motorized Passenger,Clear,Damaged / Potholes,Streetlights Operational,Low,1,1,2
ACC-10517,Maharashtra,Mumbai Suburban,Mumbai,Western Express Highway (WEH),Goregaon Aarey Flyover to Malad Subway,19.16181,72.8514,2024,9,24,9,Urban Arterial,Dangerous Junction Geometry,Car,Motorized Passenger,Rain,Wet / Slippery,Daylight,Medium,1,0,2
ACC-10518,Maharashtra,Mumbai Suburban,Mumbai,Western Express Highway (WEH),Goregaon Aarey Flyover to Malad Subway,19.17644,72.86142,2022,8,7,9,Urban Arterial,Potholes / Road Surface Defect,Auto-Rickshaw,Vulnerable Road User (VRU),Rain,Damaged / Potholes,Daylight,Low,1,0,1
ACC-10519,Maharashtra,Mumbai Suburban,Mumbai,Western Express Highway (WEH),Goregaon Aarey Flyover to Malad Subway,19.16102,72.85291,2024,12,14,5,Urban Arterial,Dangerous Junction Geometry,Car,Motorized Passenger,Fog/Mist,Damaged / Potholes,Streetlights Operational,High,1,0,1
ACC-10520,Maharashtra,Mumbai Suburban,Mumbai,Western Express Highway (WEH),Goregaon Aarey Flyover to Malad Subway,19.16827,72.86306,2023,2,20,4,Urban Arterial,Overspeeding,Car,Motorized Passenger,Clear,Dry / Smooth,Streetlights Operational,High,1,3,1
ACC-10521,Maharashtra,Mumbai Suburban,Mumbai,Western Express Highway (WEH),Goregaon Aarey Flyover to Malad Subway,19.16718,72.85957,2022,10,14,8,Urban Arterial,Poor Lighting,Two-Wheeler,Vulnerable Road User (VRU),Rain,Damaged / Potholes,Daylight,High,1,1,2
ACC-10522,Maharashtra,Mumbai Suburban,Mumbai,Western Express Highway (WEH),Goregaon Aarey Flyover to Malad Subway,19.17215,72.85183,2024,6,26,23,Urban Arterial,Dangerous Junction Geometry,Two-Wheeler,Vulnerable Road User (VRU),Rain,Wet / Slippery,Streetlights Operational,Congested,1,0,0
ACC-10523,Maharashtra,Mumbai Suburban,Mumbai,Western Express Highway (WEH),Goregaon Aarey Flyover to Malad Subway,19.16965,72.86314,2024,7,8,8,Urban Arterial,Overspeeding,Auto-Rickshaw,Vulnerable Road User (VRU),Rain,Wet / Slippery,Daylight,High,1,0,2
ACC-10524,Maharashtra,Mumbai Suburban,Mumbai,Western Express Highway (WEH),Goregaon Aarey Flyover to Malad Subway,19.17103,72.85891,2023,9,21,20,Urban Arterial,Overspeeding,Two-Wheeler,Vulnerable Road User (VRU),Clear,Dry / Smooth,Streetlights Operational,Congested,1,0,0
ACC-10525,Maharashtra,Mumbai Suburban,Mumbai,Western Express Highway (WEH),Goregaon Aarey Flyover to Malad Subway,19.17544,72.85584,2021,5,26,23,Urban Arterial,Potholes / Road Surface Defect,Two-Wheeler,Vulnerable Road User (VRU),Clear,Damaged / Potholes,Streetlights Operational,Congested,1,0,1
ACC-10526,Maharashtra,Mumbai Suburban,Mumbai,Western Express Highway (WEH),Goregaon Aarey Flyover to Malad Subway,19.16507,72.85332,2022,7,1,8,Urban Arterial,Potholes / Road Surface Defect,Car,Motorized Passenger,Clear,Damaged / Potholes,Daylight,High,1,0,1
ACC-10527,Maharashtra,Mumbai Suburban,Mumbai,Western Express Highway (WEH),Goregaon Aarey Flyover to Malad Subway,19.16562,72.85701,2021,3,10,13,Urban Arterial,Dangerous Junction Geometry,Two-Wheeler,Vulnerable Road User (VRU),Rain,Wet / Slippery,Daylight,Medium,1,1,1
ACC-10528,Maharashtra,Mumbai Suburban,Mumbai,Western Express Highway (WEH),Goregaon Aarey Flyover to Malad Subway,19.16666,72.85224,2023,5,13,17,Urban Arterial,Overspeeding,Two-Wheeler,Vulnerable Road User (VRU),Clear,Damaged / Potholes,Daylight,Medium,1,0,2
ACC-10529,Maharashtra,Mumbai Suburban,Mumbai,Western Express Highway (WEH),Goregaon Aarey Flyover to Malad Subway,19.16212,72.86261,2021,6,15,1,Urban Arterial,Potholes / Road Surface Defect,Two-Wheeler,Vulnerable Road User (VRU),Clear,Damaged / Potholes,Unlit / Pitch Black,Low,1,0,1
ACC-10530,Maharashtra,Mumbai Suburban,Mumbai,Western Express Highway (WEH),Goregaon Aarey Flyover to Malad Subway,19.17043,72.86085,2022,5,19,1,Urban Arterial,Dangerous Junction Geometry,Two-Wheeler,Vulnerable Road User (VRU),Rain,Damaged / Potholes,Unlit / Pitch Black,Congested,1,2,3
ACC-10531,Maharashtra,Mumbai Suburban,Mumbai,Western Express Highway (WEH),Goregaon Aarey Flyover to Malad Subway,19.1639,72.86385,2022,1,2,10,Urban Arterial,Poor Lighting,Auto-Rickshaw,Vulnerable Road User (VRU),Rain,Wet / Slippery,Daylight,Congested,1,0,2
ACC-10532,Maharashtra,Mumbai Suburban,Mumbai,Western Express Highway (WEH),Goregaon Aarey Flyover to Malad Subway,19.17648,72.86445,2023,1,6,12,Urban Arterial,Overspeeding,Car,Motorized Passenger,Rain,Dry / Smooth,Daylight,High,1,0,2
ACC-10533,Maharashtra,Mumbai Suburban,Mumbai,Western Express Highway (WEH),Goregaon Aarey Flyover to Malad Subway,19.16387,72.86574,2022,10,17,8,Urban Arterial,Poor Lighting,Auto-Rickshaw,Vulnerable Road User (VRU),Rain,Wet / Slippery,Daylight,Congested,1,1,1
ACC-10534,Maharashtra,Mumbai Suburban,Mumbai,Western Express Highway (WEH),Goregaon Aarey Flyover to Malad Subway,19.1727,72.85901,2023,1,23,0,Urban Arterial,Potholes / Road Surface Defect,Two-Wheeler,Vulnerable Road User (VRU),Fog/Mist,Damaged / Potholes,Streetlights Operational,Medium,1,2,2
ACC-10535,Maharashtra,Mumbai Suburban,Mumbai,Western Express Highway (WEH),Goregaon Aarey Flyover to Malad Subway,19.17012,72.85659,2021,9,1,16,Urban Arterial,Potholes / Road Surface Defect,Auto-Rickshaw,Vulnerable Road User (VRU),Clear,Damaged / Potholes,Daylight,Low,1,0,1
ACC-10536,Maharashtra,Mumbai Suburban,Mumbai,Western Express Highway (WEH),Goregaon Aarey Flyover to Malad Subway,19.17185,72.85346,2021,2,15,7,Urban Arterial,Potholes / Road Surface Defect,Two-Wheeler,Vulnerable Road User (VRU),Clear,Damaged / Potholes,Daylight,High,1,0,2
ACC-10537,Delhi,East Delhi,Delhi,Delhi-Meerut Expressway (NE-3),Ghazipur Border to UP Gate Overpass,28.62013,77.3803,2023,12,8,19,Expressway,Adverse Weather / Fog,Two-Wheeler,Vulnerable Road User (VRU),Clear,Dry / Smooth,Unlit / Pitch Black,Congested,1,1,1
ACC-10538,Delhi,East Delhi,Delhi,Delhi-Meerut Expressway (NE-3),Ghazipur Border to UP Gate Overpass,28.63292,77.38804,2022,2,19,1,Expressway,Overspeeding,Car,Motorized Passenger,Clear,Damaged / Potholes,Streetlights Operational,Medium,1,0,0
ACC-10539,Delhi,East Delhi,Delhi,Delhi-Meerut Expressway (NE-3),Ghazipur Border to UP Gate Overpass,28.62178,77.38808,2023,11,18,3,Expressway,Pedestrian Crossing Hazard,Heavy Truck,Commercial Goods,Fog/Mist,Dry / Smooth,Streetlights Operational,Low,1,0,4
ACC-10540,Delhi,East Delhi,Delhi,Delhi-Meerut Expressway (NE-3),Ghazipur Border to UP Gate Overpass,28.63032,77.39304,2024,8,12,0,Expressway,Overspeeding,Two-Wheeler,Vulnerable Road User (VRU),Rain,Wet / Slippery,Poor / Intermittent,High,1,1,2
ACC-10541,Delhi,East Delhi,Delhi,Delhi-Meerut Expressway (NE-3),Ghazipur Border to UP Gate Overpass,28.62431,77.37758,2022,12,14,17,Expressway,Overspeeding,Two-Wheeler,Vulnerable Road User (VRU),Clear,Damaged / Potholes,Daylight,Low,1,1,0
ACC-10542,Delhi,East Delhi,Delhi,Delhi-Meerut Expressway (NE-3),Ghazipur Border to UP Gate Overpass,28.62731,77.38943,2023,5,8,7,Expressway,Adverse Weather / Fog,Two-Wheeler,Vulnerable Road User (VRU),Rain,Wet / Slippery,Daylight,Medium,1,0,2
ACC-10543,Delhi,East Delhi,Delhi,Delhi-Meerut Expressway (NE-3),Ghazipur Border to UP Gate Overpass,28.61903,77.37809,2024,10,4,0,Expressway,Wrong-side Driving,Car,Motorized Passenger,Clear,Damaged / Potholes,Unlit / Pitch Black,Congested,1,1,1
ACC-10544,Delhi,East Delhi,Delhi,Delhi-Meerut Expressway (NE-3),Ghazipur Border to UP Gate Overpass,28.62732,77.37882,2021,5,28,1,Expressway,Pedestrian Crossing Hazard,Two-Wheeler,Vulnerable Road User (VRU),Rain,Dry / Smooth,Streetlights Operational,Congested,1,0,1
ACC-10545,Delhi,East Delhi,Delhi,Delhi-Meerut Expressway (NE-3),Ghazipur Border to UP Gate Overpass,28.63187,77.37922,2021,8,17,7,Expressway,Wrong-side Driving,Two-Wheeler,Vulnerable Road User (VRU),Rain,Wet / Slippery,Daylight,High,1,0,2
ACC-10546,Delhi,East Delhi,Delhi,Delhi-Meerut Expressway (NE-3),Ghazipur Border to UP Gate Overpass,28.62783,77.38292,2023,6,14,21,Expressway,Pedestrian Crossing Hazard,Two-Wheeler,Vulnerable Road User (VRU),Rain,Wet / Slippery,Unlit / Pitch Black,Low,1,0,1
ACC-10547,Delhi,East Delhi,Delhi,Delhi-Meerut Expressway (NE-3),Ghazipur Border to UP Gate Overpass,28.62635,77.37807,2022,3,16,9,Expressway,Adverse Weather / Fog,Car,Motorized Passenger,Clear,Dry / Smooth,Daylight,High,1,0,2
ACC-10548,Delhi,East Delhi,Delhi,Delhi-Meerut Expressway (NE-3),Ghazipur Border to UP Gate Overpass,28.62665,77.39261,2023,4,7,7,Expressway,Wrong-side Driving,Car,Motorized Passenger,Rain,Damaged / Potholes,Daylight,Congested,1,0,1
ACC-10549,Delhi,East Delhi,Delhi,Delhi-Meerut Expressway (NE-3),Ghazipur Border to UP Gate Overpass,28.63264,77.3825,2023,7,11,19,Expressway,Wrong-side Driving,Car,Motorized Passenger,Rain,Damaged / Potholes,Unlit / Pitch Black,Medium,1,0,2
ACC-10550,Delhi,East Delhi,Delhi,Delhi-Meerut Expressway (NE-3),Ghazipur Border to UP Gate Overpass,28.632,77.38296,2024,4,13,0,Expressway,Adverse Weather / Fog,Two-Wheeler,Vulnerable Road User (VRU),Clear,Dry / Smooth,Unlit / Pitch Black,Low,1,0,1
ACC-10551,Delhi,East Delhi,Delhi,Delhi-Meerut Expressway (NE-3),Ghazipur Border to UP Gate Overpass,28.63089,77.39177,2021,4,7,7,Expressway,Adverse Weather / Fog,Heavy Truck,Commercial Goods,Clear,Damaged / Potholes,Daylight,Medium,1,0,0
ACC-10552,Delhi,East Delhi,Delhi,Delhi-Meerut Expressway (NE-3),Ghazipur Border to UP Gate Overpass,28.63303,77.39316,2021,11,5,1,Expressway,Adverse Weather / Fog,Two-Wheeler,Vulnerable Road User (VRU),Rain,Wet / Slippery,Unlit / Pitch Black,Low,1,0,3
ACC-10553,Delhi,East Delhi,Delhi,Delhi-Meerut Expressway (NE-3),Ghazipur Border to UP Gate Overpass,28.62131,77.37794,2024,12,3,2,Expressway,Overspeeding,Two-Wheeler,Vulnerable Road User (VRU),Rain,Wet / Slippery,Streetlights Operational,Low,1,0,4
ACC-10554,Delhi,East Delhi,Delhi,Delhi-Meerut Expressway (NE-3),Ghazipur Border to UP Gate Overpass,28.63157,77.38055,2022,9,10,8,Expressway,Overspeeding,Two-Wheeler,Vulnerable Road User (VRU),Rain,Wet / Slippery,Daylight,Medium,1,0,3
ACC-10555,Delhi,East Delhi,Delhi,Delhi-Meerut Expressway (NE-3),Ghazipur Border to UP Gate Overpass,28.62513,77.39249,2021,8,26,4,Expressway,Overspeeding,Heavy Truck,Commercial Goods,Rain,Wet / Slippery,Poor / Intermittent,Congested,1,1,1
ACC-10556,Delhi,East Delhi,Delhi,Delhi-Meerut Expressway (NE-3),Ghazipur Border to UP Gate Overpass,28.61992,77.39068,2024,5,19,21,Expressway,Wrong-side Driving,Two-Wheeler,Vulnerable Road User (VRU),Clear,Under Construction,Unlit / Pitch Black,Congested,1,1,1
ACC-10557,Delhi,East Delhi,Delhi,Delhi-Meerut Expressway (NE-3),Ghazipur Border to UP Gate Overpass,28.62422,77.38468,2023,9,3,1,Expressway,Adverse Weather / Fog,Car,Motorized Passenger,Rain,Wet / Slippery,Streetlights Operational,High,1,0,1
ACC-10558,Delhi,East Delhi,Delhi,Delhi-Meerut Expressway (NE-3),Ghazipur Border to UP Gate Overpass,28.63182,77.38191,2024,6,26,8,Expressway,Pedestrian Crossing Hazard,Two-Wheeler,Vulnerable Road User (VRU),Rain,Wet / Slippery,Daylight,Medium,1,0,0
ACC-10559,Delhi,East Delhi,Delhi,Delhi-Meerut Expressway (NE-3),Ghazipur Border to UP Gate Overpass,28.62932,77.3895,2021,5,8,1,Expressway,Adverse Weather / Fog,Two-Wheeler,Vulnerable Road User (VRU),Rain,Wet / Slippery,Streetlights Operational,Medium,1,0,1
ACC-10560,Delhi,East Delhi,Delhi,Delhi-Meerut Expressway (NE-3),Ghazipur Border to UP Gate Overpass,28.62389,77.38648,2023,4,23,2,Expressway,Adverse Weather / Fog,Two-Wheeler,Vulnerable Road User (VRU),Rain,Wet / Slippery,Streetlights Operational,Low,1,0,1
ACC-10561,Delhi,East Delhi,Delhi,Delhi-Meerut Expressway (NE-3),Ghazipur Border to UP Gate Overpass,28.63007,77.38221,2021,8,21,2,Expressway,Pedestrian Crossing Hazard,Two-Wheeler,Vulnerable Road User (VRU),Rain,Wet / Slippery,Unlit / Pitch Black,Congested,1,0,1
ACC-10562,Delhi,East Delhi,Delhi,Delhi-Meerut Expressway (NE-3),Ghazipur Border to UP Gate Overpass,28.61945,77.39229,2022,7,25,9,Expressway,Overspeeding,Car,Motorized Passenger,Rain,Wet / Slippery,Daylight,High,1,0,1
ACC-10563,Delhi,East Delhi,Delhi,Delhi-Meerut Expressway (NE-3),Ghazipur Border to UP Gate Overpass,28.62219,77.38659,2021,8,26,8,Expressway,Adverse Weather / Fog,Two-Wheeler,Vulnerable Road User (VRU),Rain,Wet / Slippery,Daylight,Congested,1,0,2
ACC-10564,Delhi,East Delhi,Delhi,Delhi-Meerut Expressway (NE-3),Ghazipur Border to UP Gate Overpass,28.61914,77.38631,2021,3,5,8,Expressway,Pedestrian Crossing Hazard,Car,Motorized Passenger,Rain,Damaged / Potholes,Daylight,High,1,0,0
ACC-10565,Delhi,East Delhi,Delhi,Delhi-Meerut Expressway (NE-3),Ghazipur Border to UP Gate Overpass,28.62194,77.38093,2024,11,10,1,Expressway,Overspeeding,Two-Wheeler,Vulnerable Road User (VRU),Fog/Mist,Under Construction,Streetlights Operational,High,1,1,3
ACC-10566,Delhi,East Delhi,Delhi,Delhi-Meerut Expressway (NE-3),Ghazipur Border to UP Gate Overpass,28.62409,77.38909,2021,8,2,0,Expressway,Overspeeding,Car,Motorized Passenger,Rain,Wet / Slippery,Streetlights Operational,Medium,1,0,0
ACC-10567,Delhi,East Delhi,Delhi,Delhi-Meerut Expressway (NE-3),Ghazipur Border to UP Gate Overpass,28.62836,77.38161,2024,4,5,7,Expressway,Pedestrian Crossing Hazard,Heavy Truck,Commercial Goods,Clear,Under Construction,Daylight,Low,1,0,1
ACC-10568,Delhi,East Delhi,Delhi,Delhi-Meerut Expressway (NE-3),Ghazipur Border to UP Gate Overpass,28.6315,77.3845,2021,3,15,18,Expressway,Overspeeding,Heavy Truck,Commercial Goods,Rain,Under Construction,Poor / Intermittent,High,1,0,1
ACC-10569,Karnataka,Bengaluru Rural,Bengaluru,Old Madras Road NH-75,KR Puram Hanging Bridge to Avalahalli,13.00244,77.7523,2023,7,20,16,National Highway,Poor Lighting,Bus,Motorized Passenger,Rain,Wet / Slippery,Daylight,Congested,1,0,3
ACC-10570,Karnataka,Bengaluru Rural,Bengaluru,Old Madras Road NH-75,KR Puram Hanging Bridge to Avalahalli,13.00298,77.7511,2024,12,2,2,National Highway,Potholes / Road Surface Defect,Heavy Truck,Commercial Goods,Fog/Mist,Damaged / Potholes,Streetlights Operational,High,1,0,2
ACC-10571,Karnataka,Bengaluru Rural,Bengaluru,Old Madras Road NH-75,KR Puram Hanging Bridge to Avalahalli,13.00689,77.74437,2021,6,3,11,National Highway,Potholes / Road Surface Defect,Bus,Motorized Passenger,Rain,Damaged / Potholes,Daylight,Medium,1,0,1
ACC-10572,Karnataka,Bengaluru Rural,Bengaluru,Old Madras Road NH-75,KR Puram Hanging Bridge to Avalahalli,13.01148,77.75096,2024,7,11,16,National Highway,Poor Lighting,Bus,Motorized Passenger,Rain,Wet / Slippery,Daylight,Low,1,2,1
ACC-10573,Karnataka,Bengaluru Rural,Bengaluru,Old Madras Road NH-75,KR Puram Hanging Bridge to Avalahalli,13.00421,77.75175,2021,2,18,14,National Highway,Dangerous Junction Geometry,Pedestrian,Vulnerable Road User (VRU),Clear,Under Construction,Daylight,Medium,1,1,0
ACC-10574,Karnataka,Bengaluru Rural,Bengaluru,Old Madras Road NH-75,KR Puram Hanging Bridge to Avalahalli,13.00657,77.74396,2024,3,3,3,National Highway,Potholes / Road Surface Defect,Pedestrian,Vulnerable Road User (VRU),Clear,Damaged / Potholes,Unlit / Pitch Black,High,1,0,1
ACC-10575,Karnataka,Bengaluru Rural,Bengaluru,Old Madras Road NH-75,KR Puram Hanging Bridge to Avalahalli,12.99973,77.75633,2021,7,23,0,National Highway,Pedestrian Crossing Hazard,Two-Wheeler,Vulnerable Road User (VRU),Clear,Damaged / Potholes,Streetlights Operational,Medium,1,1,0
ACC-10576,Karnataka,Bengaluru Rural,Bengaluru,Old Madras Road NH-75,KR Puram Hanging Bridge to Avalahalli,13.00953,77.75319,2021,4,4,16,National Highway,Poor Lighting,Pedestrian,Vulnerable Road User (VRU),Rain,Dry / Smooth,Daylight,High,1,0,1
ACC-10577,Karnataka,Bengaluru Rural,Bengaluru,Old Madras Road NH-75,KR Puram Hanging Bridge to Avalahalli,13.00056,77.75624,2024,7,4,1,National Highway,Potholes / Road Surface Defect,Heavy Truck,Commercial Goods,Clear,Damaged / Potholes,Poor / Intermittent,High,1,0,1
ACC-10578,Karnataka,Bengaluru Rural,Bengaluru,Old Madras Road NH-75,KR Puram Hanging Bridge to Avalahalli,13.00469,77.75329,2023,1,3,9,National Highway,Potholes / Road Surface Defect,Bus,Motorized Passenger,Clear,Damaged / Potholes,Daylight,Medium,1,0,0
ACC-10579,Karnataka,Bengaluru Rural,Bengaluru,Old Madras Road NH-75,KR Puram Hanging Bridge to Avalahalli,13.00768,77.75507,2024,11,25,8,National Highway,Poor Lighting,Heavy Truck,Commercial Goods,Clear,Under Construction,Daylight,Low,1,2,1
ACC-10580,Karnataka,Bengaluru Rural,Bengaluru,Old Madras Road NH-75,KR Puram Hanging Bridge to Avalahalli,13.00193,77.74647,2021,4,1,1,National Highway,Potholes / Road Surface Defect,Pedestrian,Vulnerable Road User (VRU),Clear,Damaged / Potholes,Streetlights Operational,High,1,1,1
ACC-10581,Karnataka,Bengaluru Rural,Bengaluru,Old Madras Road NH-75,KR Puram Hanging Bridge to Avalahalli,13.01123,77.74868,2021,4,24,19,National Highway,Potholes / Road Surface Defect,Pedestrian,Vulnerable Road User (VRU),Rain,Damaged / Potholes,Unlit / Pitch Black,Low,1,0,1
ACC-10582,Karnataka,Bengaluru Rural,Bengaluru,Old Madras Road NH-75,KR Puram Hanging Bridge to Avalahalli,13.01342,77.74432,2022,9,2,13,National Highway,Poor Lighting,Pedestrian,Vulnerable Road User (VRU),Clear,Under Construction,Daylight,Medium,1,0,0
ACC-10583,Karnataka,Bengaluru Rural,Bengaluru,Old Madras Road NH-75,KR Puram Hanging Bridge to Avalahalli,13.00448,77.75475,2022,1,21,6,National Highway,Poor Lighting,Two-Wheeler,Vulnerable Road User (VRU),Fog/Mist,Damaged / Potholes,Daylight,Medium,1,1,2
ACC-10584,Karnataka,Bengaluru Rural,Bengaluru,Old Madras Road NH-75,KR Puram Hanging Bridge to Avalahalli,13.01472,77.74895,2022,7,6,8,National Highway,Potholes / Road Surface Defect,Bus,Motorized Passenger,Clear,Damaged / Potholes,Daylight,Low,1,0,1
ACC-10585,Karnataka,Bengaluru Rural,Bengaluru,Old Madras Road NH-75,KR Puram Hanging Bridge to Avalahalli,13.014,77.748,2024,3,16,20,National Highway,Dangerous Junction Geometry,Pedestrian,Vulnerable Road User (VRU),Clear,Under Construction,Streetlights Operational,Congested,1,0,0
ACC-10586,Karnataka,Bengaluru Rural,Bengaluru,Old Madras Road NH-75,KR Puram Hanging Bridge to Avalahalli,13.00198,77.74623,2022,9,24,18,National Highway,Dangerous Junction Geometry,Heavy Truck,Commercial Goods,Rain,Wet / Slippery,Streetlights Operational,Congested,1,1,1
ACC-10587,Karnataka,Bengaluru Rural,Bengaluru,Old Madras Road NH-75,KR Puram Hanging Bridge to Avalahalli,13.00891,77.74974,2021,9,24,10,National Highway,Dangerous Junction Geometry,Bus,Motorized Passenger,Rain,Wet / Slippery,Daylight,Congested,1,0,1
ACC-10588,Karnataka,Bengaluru Rural,Bengaluru,Old Madras Road NH-75,KR Puram Hanging Bridge to Avalahalli,13.00042,77.74937,2021,2,13,5,National Highway,Poor Lighting,Bus,Motorized Passenger,Rain,Wet / Slippery,Poor / Intermittent,Congested,1,0,1
ACC-10589,Karnataka,Bengaluru Rural,Bengaluru,Old Madras Road NH-75,KR Puram Hanging Bridge to Avalahalli,13.00357,77.75283,2024,12,8,0,National Highway,Potholes / Road Surface Defect,Two-Wheeler,Vulnerable Road User (VRU),Fog/Mist,Damaged / Potholes,Streetlights Operational,Medium,1,1,2
ACC-10590,Karnataka,Bengaluru Rural,Bengaluru,Old Madras Road NH-75,KR Puram Hanging Bridge to Avalahalli,13.00751,77.75173,2022,1,4,13,National Highway,Dangerous Junction Geometry,Bus,Motorized Passenger,Clear,Dry / Smooth,Daylight,Congested,1,1,2
ACC-10591,Karnataka,Bengaluru Rural,Bengaluru,Old Madras Road NH-75,KR Puram Hanging Bridge to Avalahalli,13.01068,77.7433,2024,10,10,15,National Highway,Pedestrian Crossing Hazard,Two-Wheeler,Vulnerable Road User (VRU),Rain,Wet / Slippery,Daylight,Medium,1,1,2
ACC-10592,Karnataka,Bengaluru Rural,Bengaluru,Old Madras Road NH-75,KR Puram Hanging Bridge to Avalahalli,13.00754,77.74496,2022,8,1,23,National Highway,Dangerous Junction Geometry,Bus,Motorized Passenger,Clear,Damaged / Potholes,Streetlights Operational,Low,1,1,1
ACC-10593,Karnataka,Bengaluru Rural,Bengaluru,Old Madras Road NH-75,KR Puram Hanging Bridge to Avalahalli,13.00053,77.74367,2022,3,7,2,National Highway,Poor Lighting,Heavy Truck,Commercial Goods,Clear,Under Construction,Poor / Intermittent,Medium,1,1,0
ACC-10594,Karnataka,Bengaluru Rural,Bengaluru,Old Madras Road NH-75,KR Puram Hanging Bridge to Avalahalli,13.01529,77.75538,2022,8,16,4,National Highway,Pedestrian Crossing Hazard,Two-Wheeler,Vulnerable Road User (VRU),Clear,Dry / Smooth,Unlit / Pitch Black,Medium,1,1,2
ACC-10595,Karnataka,Bengaluru Rural,Bengaluru,Old Madras Road NH-75,KR Puram Hanging Bridge to Avalahalli,13.01014,77.74925,2024,8,25,18,National Highway,Potholes / Road Surface Defect,Heavy Truck,Commercial Goods,Clear,Damaged / Potholes,Streetlights Operational,Low,1,0,3
ACC-10596,Karnataka,Bengaluru Rural,Bengaluru,Old Madras Road NH-75,KR Puram Hanging Bridge to Avalahalli,13.01472,77.75522,2021,6,28,1,National Highway,Pedestrian Crossing Hazard,Bus,Motorized Passenger,Rain,Wet / Slippery,Streetlights Operational,Medium,1,1,1
ACC-10597,Karnataka,Bengaluru Rural,Bengaluru,Old Madras Road NH-75,KR Puram Hanging Bridge to Avalahalli,13.01242,77.74841,2022,6,15,22,National Highway,Dangerous Junction Geometry,Bus,Motorized Passenger,Rain,Wet / Slippery,Streetlights Operational,Low,1,1,0
ACC-10598,Karnataka,Bengaluru Rural,Bengaluru,Old Madras Road NH-75,KR Puram Hanging Bridge to Avalahalli,13.01342,77.75722,2024,4,20,23,National Highway,Pedestrian Crossing Hazard,Heavy Truck,Commercial Goods,Rain,Dry / Smooth,Poor / Intermittent,Low,1,0,2
ACC-10599,Karnataka,Bengaluru Rural,Bengaluru,Old Madras Road NH-75,KR Puram Hanging Bridge to Avalahalli,13.00289,77.75525,2021,3,16,7,National Highway,Dangerous Junction Geometry,Pedestrian,Vulnerable Road User (VRU),Clear,Under Construction,Daylight,Congested,1,0,1
ACC-10600,Karnataka,Bengaluru Rural,Bengaluru,Old Madras Road NH-75,KR Puram Hanging Bridge to Avalahalli,13.01472,77.75393,2021,2,14,3,National Highway,Poor Lighting,Heavy Truck,Commercial Goods,Rain,Wet / Slippery,Poor / Intermittent,Medium,1,0,2
ACC-10601,Karnataka,Bengaluru Rural,Bengaluru,Old Madras Road NH-75,KR Puram Hanging Bridge to Avalahalli,13.00561,77.75347,2022,9,21,4,National Highway,Potholes / Road Surface Defect,Pedestrian,Vulnerable Road User (VRU),Clear,Damaged / Potholes,Streetlights Operational,Low,1,1,2
ACC-10602,Karnataka,Bengaluru Rural,Bengaluru,Old Madras Road NH-75,KR Puram Hanging Bridge to Avalahalli,13.00538,77.75685,2024,4,8,8,National Highway,Pedestrian Crossing Hazard,Two-Wheeler,Vulnerable Road User (VRU),Clear,Dry / Smooth,Daylight,Medium,1,0,0
ACC-10603,Karnataka,Bengaluru Rural,Bengaluru,Old Madras Road NH-75,KR Puram Hanging Bridge to Avalahalli,13.00152,77.75382,2024,10,24,0,National Highway,Poor Lighting,Bus,Motorized Passenger,Rain,Wet / Slippery,Poor / Intermittent,Low,1,0,3
ACC-10604,Karnataka,Bengaluru Rural,Bengaluru,Old Madras Road NH-75,KR Puram Hanging Bridge to Avalahalli,13.00912,77.74553,2022,2,13,19,National Highway,Potholes / Road Surface Defect,Pedestrian,Vulnerable Road User (VRU),Clear,Damaged / Potholes,Streetlights Operational,Medium,1,0,1
ACC-10605,Karnataka,Bengaluru Rural,Bengaluru,Old Madras Road NH-75,KR Puram Hanging Bridge to Avalahalli,13.01246,77.74564,2021,10,11,23,National Highway,Pedestrian Crossing Hazard,Heavy Truck,Commercial Goods,Clear,Under Construction,Streetlights Operational,Congested,1,3,0
ACC-10606,Karnataka,Bengaluru Rural,Bengaluru,Old Madras Road NH-75,KR Puram Hanging Bridge to Avalahalli,13.01308,77.75906,2022,12,26,23,National Highway,Pedestrian Crossing Hazard,Pedestrian,Vulnerable Road User (VRU),Fog/Mist,Under Construction,Streetlights Operational,Low,1,0,2
ACC-10607,Karnataka,Bengaluru Rural,Bengaluru,Old Madras Road NH-75,KR Puram Hanging Bridge to Avalahalli,13.01072,77.75197,2024,6,14,8,National Highway,Dangerous Junction Geometry,Bus,Motorized Passenger,Rain,Wet / Slippery,Daylight,Low,1,0,3
ACC-10608,Karnataka,Bengaluru Rural,Bengaluru,Old Madras Road NH-75,KR Puram Hanging Bridge to Avalahalli,13.01386,77.74656,2021,3,11,12,National Highway,Pedestrian Crossing Hazard,Heavy Truck,Commercial Goods,Clear,Under Construction,Daylight,Medium,1,0,1
ACC-10609,Karnataka,Bengaluru Rural,Bengaluru,Old Madras Road NH-75,KR Puram Hanging Bridge to Avalahalli,13.00034,77.75888,2022,12,21,23,National Highway,Pedestrian Crossing Hazard,Pedestrian,Vulnerable Road User (VRU),Fog/Mist,Damaged / Potholes,Poor / Intermittent,High,1,3,0
ACC-10610,Karnataka,Bengaluru Rural,Bengaluru,Old Madras Road NH-75,KR Puram Hanging Bridge to Avalahalli,13.00904,77.74596,2023,10,14,13,National Highway,Dangerous Junction Geometry,Pedestrian,Vulnerable Road User (VRU),Clear,Dry / Smooth,Daylight,Medium,1,0,1
ACC-10611,Tamil Nadu,Coimbatore,Coimbatore,Avinashi Road Corridor,Peelamedu PSG College to SITRA Junction,11.03366,77.03864,2024,12,26,4,Urban Arterial,Poor Lighting,Bus,Motorized Passenger,Fog/Mist,Under Construction,Poor / Intermittent,Low,1,1,0
ACC-10612,Tamil Nadu,Coimbatore,Coimbatore,Avinashi Road Corridor,Peelamedu PSG College to SITRA Junction,11.02817,77.0261,2022,1,19,21,Urban Arterial,Poor Lighting,Car,Motorized Passenger,Rain,Damaged / Potholes,Unlit / Pitch Black,Congested,1,0,2
ACC-10613,Tamil Nadu,Coimbatore,Coimbatore,Avinashi Road Corridor,Peelamedu PSG College to SITRA Junction,11.0365,77.03453,2023,2,23,15,Urban Arterial,Overspeeding,Bus,Motorized Passenger,Rain,Dry / Smooth,Daylight,Congested,1,2,1
ACC-10614,Tamil Nadu,Coimbatore,Coimbatore,Avinashi Road Corridor,Peelamedu PSG College to SITRA Junction,11.02481,77.02821,2022,11,4,21,Urban Arterial,Overspeeding,Two-Wheeler,Vulnerable Road User (VRU),Rain,Wet / Slippery,Streetlights Operational,High,1,1,2
ACC-10615,Tamil Nadu,Coimbatore,Coimbatore,Avinashi Road Corridor,Peelamedu PSG College to SITRA Junction,11.02809,77.03265,2021,2,4,9,Urban Arterial,Overspeeding,Bus,Motorized Passenger,Clear,Dry / Smooth,Daylight,Low,1,2,3
ACC-10616,Tamil Nadu,Coimbatore,Coimbatore,Avinashi Road Corridor,Peelamedu PSG College to SITRA Junction,11.02684,77.02625,2022,10,16,11,Urban Arterial,Pedestrian Crossing Hazard,Pedestrian,Vulnerable Road User (VRU),Clear,Dry / Smooth,Daylight,Medium,1,1,2
ACC-10617,Tamil Nadu,Coimbatore,Coimbatore,Avinashi Road Corridor,Peelamedu PSG College to SITRA Junction,11.0307,77.03922,2022,10,12,23,Urban Arterial,Poor Lighting,Two-Wheeler,Vulnerable Road User (VRU),Rain,Wet / Slippery,Poor / Intermittent,Congested,1,0,0
ACC-10618,Tamil Nadu,Coimbatore,Coimbatore,Avinashi Road Corridor,Peelamedu PSG College to SITRA Junction,11.036,77.03016,2024,12,5,1,Urban Arterial,Pedestrian Crossing Hazard,Pedestrian,Vulnerable Road User (VRU),Fog/Mist,Damaged / Potholes,Streetlights Operational,Congested,1,0,1
ACC-10619,Tamil Nadu,Coimbatore,Coimbatore,Avinashi Road Corridor,Peelamedu PSG College to SITRA Junction,11.03617,77.02848,2022,2,9,1,Urban Arterial,Poor Lighting,Two-Wheeler,Vulnerable Road User (VRU),Clear,Dry / Smooth,Poor / Intermittent,Low,1,0,0
ACC-10620,Tamil Nadu,Coimbatore,Coimbatore,Avinashi Road Corridor,Peelamedu PSG College to SITRA Junction,11.03222,77.03382,2021,7,8,1,Urban Arterial,Dangerous Junction Geometry,Pedestrian,Vulnerable Road User (VRU),Clear,Under Construction,Streetlights Operational,Low,1,0,2
ACC-10621,Tamil Nadu,Coimbatore,Coimbatore,Avinashi Road Corridor,Peelamedu PSG College to SITRA Junction,11.03481,77.03462,2021,3,11,9,Urban Arterial,Overspeeding,Car,Motorized Passenger,Rain,Under Construction,Daylight,Medium,1,0,2
ACC-10622,Tamil Nadu,Coimbatore,Coimbatore,Avinashi Road Corridor,Peelamedu PSG College to SITRA Junction,11.03144,77.02851,2022,7,19,3,Urban Arterial,Pedestrian Crossing Hazard,Pedestrian,Vulnerable Road User (VRU),Rain,Wet / Slippery,Streetlights Operational,Congested,1,3,2
ACC-10623,Tamil Nadu,Coimbatore,Coimbatore,Avinashi Road Corridor,Peelamedu PSG College to SITRA Junction,11.03355,77.02533,2024,9,23,16,Urban Arterial,Overspeeding,Car,Motorized Passenger,Clear,Dry / Smooth,Daylight,Congested,1,0,2
ACC-10624,Tamil Nadu,Coimbatore,Coimbatore,Avinashi Road Corridor,Peelamedu PSG College to SITRA Junction,11.03937,77.03831,2022,2,6,1,Urban Arterial,Pedestrian Crossing Hazard,Bus,Motorized Passenger,Rain,Dry / Smooth,Streetlights Operational,Medium,1,0,1
ACC-10625,Tamil Nadu,Coimbatore,Coimbatore,Avinashi Road Corridor,Peelamedu PSG College to SITRA Junction,11.03751,77.03248,2021,7,1,23,Urban Arterial,Dangerous Junction Geometry,Bus,Motorized Passenger,Clear,Damaged / Potholes,Streetlights Operational,Congested,1,0,2
ACC-10626,Tamil Nadu,Coimbatore,Coimbatore,Avinashi Road Corridor,Peelamedu PSG College to SITRA Junction,11.03671,77.03771,2022,3,3,2,Urban Arterial,Pedestrian Crossing Hazard,Two-Wheeler,Vulnerable Road User (VRU),Clear,Damaged / Potholes,Poor / Intermittent,High,1,0,2
ACC-10627,Tamil Nadu,Coimbatore,Coimbatore,Avinashi Road Corridor,Peelamedu PSG College to SITRA Junction,11.03165,77.03839,2021,5,10,8,Urban Arterial,Overspeeding,Two-Wheeler,Vulnerable Road User (VRU),Clear,Under Construction,Daylight,Low,1,0,3
ACC-10628,Tamil Nadu,Coimbatore,Coimbatore,Avinashi Road Corridor,Peelamedu PSG College to SITRA Junction,11.03764,77.02708,2024,10,28,9,Urban Arterial,Dangerous Junction Geometry,Bus,Motorized Passenger,Rain,Wet / Slippery,Daylight,Low,1,0,0
ACC-10629,Tamil Nadu,Coimbatore,Coimbatore,Avinashi Road Corridor,Peelamedu PSG College to SITRA Junction,11.03093,77.03009,2023,1,4,7,Urban Arterial,Dangerous Junction Geometry,Pedestrian,Vulnerable Road User (VRU),Clear,Under Construction,Daylight,Congested,1,1,1
ACC-10630,Tamil Nadu,Coimbatore,Coimbatore,Avinashi Road Corridor,Peelamedu PSG College to SITRA Junction,11.02915,77.03803,2023,7,6,8,Urban Arterial,Dangerous Junction Geometry,Bus,Motorized Passenger,Clear,Under Construction,Daylight,Medium,1,0,1
ACC-10631,Tamil Nadu,Coimbatore,Coimbatore,Avinashi Road Corridor,Peelamedu PSG College to SITRA Junction,11.03913,77.026,2022,2,7,2,Urban Arterial,Poor Lighting,Bus,Motorized Passenger,Clear,Dry / Smooth,Poor / Intermittent,Medium,1,0,3
ACC-10632,Tamil Nadu,Coimbatore,Coimbatore,Avinashi Road Corridor,Peelamedu PSG College to SITRA Junction,11.02589,77.0321,2024,9,16,14,Urban Arterial,Overspeeding,Car,Motorized Passenger,Rain,Under Construction,Daylight,Medium,1,1,0
ACC-10633,Tamil Nadu,Coimbatore,Coimbatore,Avinashi Road Corridor,Peelamedu PSG College to SITRA Junction,11.02736,77.02654,2022,1,22,9,Urban Arterial,Dangerous Junction Geometry,Bus,Motorized Passenger,Clear,Under Construction,Daylight,Low,1,0,2
ACC-10634,Tamil Nadu,Coimbatore,Coimbatore,Avinashi Road Corridor,Peelamedu PSG College to SITRA Junction,11.03462,77.03214,2022,4,9,16,Urban Arterial,Pedestrian Crossing Hazard,Pedestrian,Vulnerable Road User (VRU),Clear,Under Construction,Daylight,Congested,1,0,2
ACC-10635,Tamil Nadu,Coimbatore,Coimbatore,Avinashi Road Corridor,Peelamedu PSG College to SITRA Junction,11.03326,77.02555,2022,4,28,22,Urban Arterial,Overspeeding,Pedestrian,Vulnerable Road User (VRU),Clear,Dry / Smooth,Poor / Intermittent,Medium,1,0,1
ACC-10636,Tamil Nadu,Coimbatore,Coimbatore,Avinashi Road Corridor,Peelamedu PSG College to SITRA Junction,11.02771,77.02859,2021,7,14,23,Urban Arterial,Overspeeding,Pedestrian,Vulnerable Road User (VRU),Rain,Wet / Slippery,Poor / Intermittent,Congested,1,0,1
ACC-10637,Tamil Nadu,Coimbatore,Coimbatore,Avinashi Road Corridor,Peelamedu PSG College to SITRA Junction,11.02501,77.02706,2023,12,14,0,Urban Arterial,Overspeeding,Two-Wheeler,Vulnerable Road User (VRU),Fog/Mist,Damaged / Potholes,Poor / Intermittent,Low,1,0,3
ACC-10638,Tamil Nadu,Coimbatore,Coimbatore,Avinashi Road Corridor,Peelamedu PSG College to SITRA Junction,11.02954,77.0383,2024,6,11,1,Urban Arterial,Dangerous Junction Geometry,Pedestrian,Vulnerable Road User (VRU),Rain,Wet / Slippery,Poor / Intermittent,Medium,1,0,1
ACC-10639,Tamil Nadu,Coimbatore,Coimbatore,Avinashi Road Corridor,Peelamedu PSG College to SITRA Junction,11.02822,77.03169,2022,11,24,0,Urban Arterial,Overspeeding,Pedestrian,Vulnerable Road User (VRU),Fog/Mist,Dry / Smooth,Streetlights Operational,High,1,0,1
ACC-10640,Tamil Nadu,Coimbatore,Coimbatore,Avinashi Road Corridor,Peelamedu PSG College to SITRA Junction,11.03488,77.03867,2022,9,24,2,Urban Arterial,Overspeeding,Bus,Motorized Passenger,Rain,Wet / Slippery,Streetlights Operational,Low,1,0,1
ACC-10641,Tamil Nadu,Coimbatore,Coimbatore,Avinashi Road Corridor,Peelamedu PSG College to SITRA Junction,11.03896,77.02714,2021,8,14,20,Urban Arterial,Dangerous Junction Geometry,Pedestrian,Vulnerable Road User (VRU),Clear,Damaged / Potholes,Streetlights Operational,High,1,0,0
ACC-10642,Tamil Nadu,Coimbatore,Coimbatore,Avinashi Road Corridor,Peelamedu PSG College to SITRA Junction,11.03255,77.03357,2024,8,22,20,Urban Arterial,Dangerous Junction Geometry,Pedestrian,Vulnerable Road User (VRU),Rain,Under Construction,Poor / Intermittent,Low,1,0,0
ACC-10643,Uttar Pradesh,Kannauj,Kannauj,Lucknow-Agra Expressway,Kannauj Interchange km 170-176,26.97783,79.90821,2021,9,15,23,Expressway,Adverse Weather / Fog,Heavy Truck,Commercial Goods,Rain,Wet / Slippery,Streetlights Operational,Low,1,0,0
ACC-10644,Uttar Pradesh,Kannauj,Kannauj,Lucknow-Agra Expressway,Kannauj Interchange km 170-176,26.98266,79.91408,2021,11,5,7,Expressway,Overspeeding,Heavy Truck,Commercial Goods,Clear,Dry / Smooth,Daylight,Medium,1,0,0
ACC-10645,Uttar Pradesh,Kannauj,Kannauj,Lucknow-Agra Expressway,Kannauj Interchange km 170-176,26.99015,79.91758,2023,6,3,17,Expressway,Adverse Weather / Fog,Bus,Motorized Passenger,Rain,Wet / Slippery,Daylight,Low,1,0,0
ACC-10646,Uttar Pradesh,Kannauj,Kannauj,Lucknow-Agra Expressway,Kannauj Interchange km 170-176,26.98591,79.91747,2022,12,9,0,Expressway,Driver Drowsiness,Bus,Motorized Passenger,Fog/Mist,Under Construction,Streetlights Operational,Low,1,0,1
ACC-10647,Uttar Pradesh,Kannauj,Kannauj,Lucknow-Agra Expressway,Kannauj Interchange km 170-176,26.9909,79.90742,2022,6,9,22,Expressway,Tire Burst / Mechanical,Car,Motorized Passenger,Rain,Wet / Slippery,Poor / Intermittent,Congested,1,1,0
ACC-10648,Uttar Pradesh,Kannauj,Kannauj,Lucknow-Agra Expressway,Kannauj Interchange km 170-176,26.99165,79.91993,2024,12,6,0,Expressway,Adverse Weather / Fog,Car,Motorized Passenger,Fog/Mist,Under Construction,Streetlights Operational,Medium,1,1,1
ACC-10649,Uttar Pradesh,Kannauj,Kannauj,Lucknow-Agra Expressway,Kannauj Interchange km 170-176,26.99212,79.91399,2021,12,17,0,Expressway,Driver Drowsiness,Heavy Truck,Commercial Goods,Fog/Mist,Dry / Smooth,Unlit / Pitch Black,High,1,1,1
ACC-10650,Uttar Pradesh,Kannauj,Kannauj,Lucknow-Agra Expressway,Kannauj Interchange km 170-176,26.98476,79.9083,2021,2,18,8,Expressway,Driver Drowsiness,Car,Motorized Passenger,Rain,Damaged / Potholes,Daylight,Congested,1,0,1
ACC-10651,Uttar Pradesh,Kannauj,Kannauj,Lucknow-Agra Expressway,Kannauj Interchange km 170-176,26.98393,79.90676,2023,11,18,0,Expressway,Driver Drowsiness,Bus,Motorized Passenger,Fog/Mist,Damaged / Potholes,Poor / Intermittent,High,1,0,0
ACC-10652,Uttar Pradesh,Kannauj,Kannauj,Lucknow-Agra Expressway,Kannauj Interchange km 170-176,26.99187,79.91912,2023,4,22,23,Expressway,Driver Drowsiness,Heavy Truck,Commercial Goods,Clear,Damaged / Potholes,Unlit / Pitch Black,Low,1,1,0
ACC-10653,Uttar Pradesh,Kannauj,Kannauj,Lucknow-Agra Expressway,Kannauj Interchange km 170-176,26.99176,79.91499,2021,10,5,20,Expressway,Adverse Weather / Fog,Bus,Motorized Passenger,Clear,Damaged / Potholes,Poor / Intermittent,Low,1,0,0
ACC-10654,Uttar Pradesh,Kannauj,Kannauj,Lucknow-Agra Expressway,Kannauj Interchange km 170-176,26.98475,79.90548,2023,12,26,0,Expressway,Overspeeding,Bus,Motorized Passenger,Fog/Mist,Under Construction,Unlit / Pitch Black,Congested,1,0,2
ACC-10655,Uttar Pradesh,Kannauj,Kannauj,Lucknow-Agra Expressway,Kannauj Interchange km 170-176,26.99267,79.91403,2024,12,9,9,Expressway,Overspeeding,Car,Motorized Passenger,Clear,Under Construction,Daylight,Low,1,0,1
ACC-10656,Uttar Pradesh,Kannauj,Kannauj,Lucknow-Agra Expressway,Kannauj Interchange km 170-176,26.98325,79.9137,2023,3,26,17,Expressway,Overspeeding,Heavy Truck,Commercial Goods,Rain,Under Construction,Daylight,Congested,1,0,2
ACC-10657,Uttar Pradesh,Kannauj,Kannauj,Lucknow-Agra Expressway,Kannauj Interchange km 170-176,26.98603,79.91972,2024,9,19,15,Expressway,Overspeeding,Bus,Motorized Passenger,Rain,Wet / Slippery,Daylight,Low,1,3,0
ACC-10658,Uttar Pradesh,Kannauj,Kannauj,Lucknow-Agra Expressway,Kannauj Interchange km 170-176,26.9793,79.91979,2021,1,12,2,Expressway,Adverse Weather / Fog,Heavy Truck,Commercial Goods,Fog/Mist,Damaged / Potholes,Poor / Intermittent,Medium,1,0,0
ACC-10659,Uttar Pradesh,Kannauj,Kannauj,Lucknow-Agra Expressway,Kannauj Interchange km 170-176,26.97833,79.91351,2022,7,24,18,Expressway,Adverse Weather / Fog,Car,Motorized Passenger,Rain,Dry / Smooth,Streetlights Operational,Medium,1,1,0
ACC-10660,Uttar Pradesh,Kannauj,Kannauj,Lucknow-Agra Expressway,Kannauj Interchange km 170-176,26.98822,79.90899,2024,3,25,23,Expressway,Overspeeding,Bus,Motorized Passenger,Rain,Wet / Slippery,Streetlights Operational,Congested,1,1,2
ACC-10661,Uttar Pradesh,Kannauj,Kannauj,Lucknow-Agra Expressway,Kannauj Interchange km 170-176,26.98845,79.91118,2022,1,21,2,Expressway,Overspeeding,Car,Motorized Passenger,Fog/Mist,Under Construction,Poor / Intermittent,Low,1,0,1
ACC-10662,Uttar Pradesh,Kannauj,Kannauj,Lucknow-Agra Expressway,Kannauj Interchange km 170-176,26.98678,79.90564,2022,5,3,2,Expressway,Overspeeding,Heavy Truck,Commercial Goods,Rain,Damaged / Potholes,Streetlights Operational,Medium,1,0,4
ACC-10663,Uttar Pradesh,Kannauj,Kannauj,Lucknow-Agra Expressway,Kannauj Interchange km 170-176,26.97883,79.90564,2024,8,11,9,Expressway,Tire Burst / Mechanical,Car,Motorized Passenger,Rain,Wet / Slippery,Daylight,Low,1,0,0
ACC-10664,Uttar Pradesh,Kannauj,Kannauj,Lucknow-Agra Expressway,Kannauj Interchange km 170-176,26.97762,79.90871,2023,1,8,20,Expressway,Driver Drowsiness,Car,Motorized Passenger,Rain,Wet / Slippery,Unlit / Pitch Black,Medium,1,0,1
ACC-10665,Uttar Pradesh,Kannauj,Kannauj,Lucknow-Agra Expressway,Kannauj Interchange km 170-176,26.98213,79.91065,2021,10,26,0,Expressway,Adverse Weather / Fog,Car,Motorized Passenger,Clear,Dry / Smooth,Streetlights Operational,Low,1,0,1
ACC-10666,Uttar Pradesh,Kannauj,Kannauj,Lucknow-Agra Expressway,Kannauj Interchange km 170-176,26.98648,79.91803,2023,3,23,8,Expressway,Tire Burst / Mechanical,Bus,Motorized Passenger,Clear,Dry / Smooth,Daylight,High,1,0,1
ACC-10667,Uttar Pradesh,Kannauj,Kannauj,Lucknow-Agra Expressway,Kannauj Interchange km 170-176,26.98175,79.91438,2023,3,5,4,Expressway,Driver Drowsiness,Bus,Motorized Passenger,Clear,Damaged / Potholes,Unlit / Pitch Black,Low,1,0,0
ACC-10668,Uttar Pradesh,Kannauj,Kannauj,Lucknow-Agra Expressway,Kannauj Interchange km 170-176,26.98205,79.91828,2024,1,23,9,Expressway,Overspeeding,Car,Motorized Passenger,Clear,Dry / Smooth,Daylight,Congested,1,1,2
ACC-10669,Uttar Pradesh,Kannauj,Kannauj,Lucknow-Agra Expressway,Kannauj Interchange km 170-176,26.98467,79.9085,2021,8,4,2,Expressway,Adverse Weather / Fog,Car,Motorized Passenger,Rain,Wet / Slippery,Poor / Intermittent,High,1,1,1
ACC-10670,Uttar Pradesh,Kannauj,Kannauj,Lucknow-Agra Expressway,Kannauj Interchange km 170-176,26.99177,79.90646,2024,11,5,12,Expressway,Tire Burst / Mechanical,Car,Motorized Passenger,Rain,Wet / Slippery,Daylight,Low,1,0,2
ACC-10671,Uttar Pradesh,Kannauj,Kannauj,Lucknow-Agra Expressway,Kannauj Interchange km 170-176,26.98896,79.90832,2023,9,28,9,Expressway,Adverse Weather / Fog,Car,Motorized Passenger,Clear,Under Construction,Daylight,High,1,0,1
ACC-10672,Uttar Pradesh,Kannauj,Kannauj,Lucknow-Agra Expressway,Kannauj Interchange km 170-176,26.9846,79.91296,2021,3,28,18,Expressway,Overspeeding,Bus,Motorized Passenger,Rain,Damaged / Potholes,Unlit / Pitch Black,Congested,1,0,1
ACC-10673,Uttar Pradesh,Kannauj,Kannauj,Lucknow-Agra Expressway,Kannauj Interchange km 170-176,26.98834,79.91202,2024,2,3,1,Expressway,Tire Burst / Mechanical,Heavy Truck,Commercial Goods,Clear,Dry / Smooth,Poor / Intermittent,Low,1,0,1
ACC-10674,Uttar Pradesh,Kannauj,Kannauj,Lucknow-Agra Expressway,Kannauj Interchange km 170-176,26.98051,79.90778,2023,8,2,19,Expressway,Overspeeding,Bus,Motorized Passenger,Clear,Under Construction,Unlit / Pitch Black,Low,1,0,4
ACC-10675,Uttar Pradesh,Kannauj,Kannauj,Lucknow-Agra Expressway,Kannauj Interchange km 170-176,26.9855,79.91511,2021,11,14,22,Expressway,Overspeeding,Car,Motorized Passenger,Fog/Mist,Under Construction,Poor / Intermittent,High,1,1,2
ACC-10676,Uttar Pradesh,Kannauj,Kannauj,Lucknow-Agra Expressway,Kannauj Interchange km 170-176,26.99255,79.91139,2023,3,27,18,Expressway,Adverse Weather / Fog,Heavy Truck,Commercial Goods,Rain,Under Construction,Poor / Intermittent,Congested,1,0,2
ACC-10677,Uttar Pradesh,Kannauj,Kannauj,Lucknow-Agra Expressway,Kannauj Interchange km 170-176,26.98509,79.90946,2024,1,18,12,Expressway,Overspeeding,Car,Motorized Passenger,Clear,Damaged / Potholes,Daylight,Low,1,2,3
ACC-10678,Uttar Pradesh,Kannauj,Kannauj,Lucknow-Agra Expressway,Kannauj Interchange km 170-176,26.98584,79.90706,2024,5,17,10,Expressway,Overspeeding,Bus,Motorized Passenger,Clear,Under Construction,Daylight,High,1,3,1
ACC-10679,Uttar Pradesh,Kannauj,Kannauj,Lucknow-Agra Expressway,Kannauj Interchange km 170-176,26.9902,79.9064,2024,4,12,7,Expressway,Driver Drowsiness,Heavy Truck,Commercial Goods,Rain,Wet / Slippery,Daylight,High,1,0,1
ACC-10680,Uttar Pradesh,Kannauj,Kannauj,Lucknow-Agra Expressway,Kannauj Interchange km 170-176,26.98307,79.91324,2024,11,15,9,Expressway,Adverse Weather / Fog,Bus,Motorized Passenger,Clear,Under Construction,Daylight,High,1,0,1
ACC-10681,Uttar Pradesh,Kannauj,Kannauj,Lucknow-Agra Expressway,Kannauj Interchange km 170-176,26.98504,79.91643,2022,9,14,22,Expressway,Tire Burst / Mechanical,Bus,Motorized Passenger,Clear,Dry / Smooth,Unlit / Pitch Black,High,1,0,1
ACC-10682,Uttar Pradesh,Kannauj,Kannauj,Lucknow-Agra Expressway,Kannauj Interchange km 170-176,26.99258,79.91902,2021,11,15,0,Expressway,Adverse Weather / Fog,Heavy Truck,Commercial Goods,Fog/Mist,Under Construction,Poor / Intermittent,High,1,1,0
ACC-10683,Uttar Pradesh,Kannauj,Kannauj,Lucknow-Agra Expressway,Kannauj Interchange km 170-176,26.99052,79.91712,2024,11,23,9,Expressway,Driver Drowsiness,Heavy Truck,Commercial Goods,Clear,Damaged / Potholes,Daylight,Low,1,0,1
ACC-10684,Uttar Pradesh,Kannauj,Kannauj,Lucknow-Agra Expressway,Kannauj Interchange km 170-176,26.98599,79.91066,2024,11,8,18,Expressway,Driver Drowsiness,Car,Motorized Passenger,Rain,Wet / Slippery,Poor / Intermittent,Low,1,1,1
ACC-10685,Haryana,Gurugram,Gurugram,Mehrauli-Gurgaon (MG) Road,IFFCO Chowk Metro to Sikanderpur Underpass,28.47479,77.08632,2024,1,26,9,Urban Arterial,Pedestrian Crossing Hazard,Auto-Rickshaw,Vulnerable Road User (VRU),Rain,Damaged / Potholes,Daylight,Low,1,0,1
ACC-10686,Haryana,Gurugram,Gurugram,Mehrauli-Gurgaon (MG) Road,IFFCO Chowk Metro to Sikanderpur Underpass,28.48552,77.07595,2021,11,19,16,Urban Arterial,Overspeeding,Pedestrian,Vulnerable Road User (VRU),Rain,Wet / Slippery,Daylight,Medium,1,1,0
ACC-10687,Haryana,Gurugram,Gurugram,Mehrauli-Gurgaon (MG) Road,IFFCO Chowk Metro to Sikanderpur Underpass,28.48177,77.07742,2021,10,13,23,Urban Arterial,Pedestrian Crossing Hazard,Auto-Rickshaw,Vulnerable Road User (VRU),Rain,Wet / Slippery,Streetlights Operational,Medium,1,2,1
ACC-10688,Haryana,Gurugram,Gurugram,Mehrauli-Gurgaon (MG) Road,IFFCO Chowk Metro to Sikanderpur Underpass,28.47547,77.07769,2024,5,22,1,Urban Arterial,Pedestrian Crossing Hazard,Car,Motorized Passenger,Clear,Dry / Smooth,Streetlights Operational,Congested,1,0,0
ACC-10689,Haryana,Gurugram,Gurugram,Mehrauli-Gurgaon (MG) Road,IFFCO Chowk Metro to Sikanderpur Underpass,28.48321,77.07686,2022,2,3,9,Urban Arterial,Pedestrian Crossing Hazard,Auto-Rickshaw,Vulnerable Road User (VRU),Rain,Dry / Smooth,Daylight,High,1,0,1
ACC-10690,Haryana,Gurugram,Gurugram,Mehrauli-Gurgaon (MG) Road,IFFCO Chowk Metro to Sikanderpur Underpass,28.48302,77.08224,2024,7,11,19,Urban Arterial,Pedestrian Crossing Hazard,Pedestrian,Vulnerable Road User (VRU),Clear,Dry / Smooth,Unlit / Pitch Black,Low,1,0,1
ACC-10691,Haryana,Gurugram,Gurugram,Mehrauli-Gurgaon (MG) Road,IFFCO Chowk Metro to Sikanderpur Underpass,28.47672,77.08514,2022,9,24,1,Urban Arterial,Pedestrian Crossing Hazard,Car,Motorized Passenger,Clear,Damaged / Potholes,Streetlights Operational,Low,1,1,1
ACC-10692,Haryana,Gurugram,Gurugram,Mehrauli-Gurgaon (MG) Road,IFFCO Chowk Metro to Sikanderpur Underpass,28.47637,77.08704,2022,5,9,1,Urban Arterial,Overspeeding,Two-Wheeler,Vulnerable Road User (VRU),Rain,Under Construction,Streetlights Operational,Congested,1,0,1
ACC-10693,Haryana,Gurugram,Gurugram,Mehrauli-Gurgaon (MG) Road,IFFCO Chowk Metro to Sikanderpur Underpass,28.48317,77.08322,2023,7,4,21,Urban Arterial,Overspeeding,Pedestrian,Vulnerable Road User (VRU),Rain,Under Construction,Streetlights Operational,Congested,1,1,2
ACC-10694,Haryana,Gurugram,Gurugram,Mehrauli-Gurgaon (MG) Road,IFFCO Chowk Metro to Sikanderpur Underpass,28.48864,77.07914,2024,4,19,22,Urban Arterial,Drunk Driving,Auto-Rickshaw,Vulnerable Road User (VRU),Rain,Wet / Slippery,Unlit / Pitch Black,Congested,1,2,2
ACC-10695,Haryana,Gurugram,Gurugram,Mehrauli-Gurgaon (MG) Road,IFFCO Chowk Metro to Sikanderpur Underpass,28.48567,77.07546,2021,2,6,9,Urban Arterial,Pedestrian Crossing Hazard,Two-Wheeler,Vulnerable Road User (VRU),Clear,Damaged / Potholes,Daylight,Medium,1,0,1
ACC-10696,Haryana,Gurugram,Gurugram,Mehrauli-Gurgaon (MG) Road,IFFCO Chowk Metro to Sikanderpur Underpass,28.48164,77.07515,2023,12,1,6,Urban Arterial,Poor Lighting,Two-Wheeler,Vulnerable Road User (VRU),Fog/Mist,Damaged / Potholes,Daylight,High,1,0,1
ACC-10697,Haryana,Gurugram,Gurugram,Mehrauli-Gurgaon (MG) Road,IFFCO Chowk Metro to Sikanderpur Underpass,28.47395,77.07789,2023,12,20,15,Urban Arterial,Drunk Driving,Auto-Rickshaw,Vulnerable Road User (VRU),Clear,Under Construction,Daylight,Low,1,1,1
ACC-10698,Haryana,Gurugram,Gurugram,Mehrauli-Gurgaon (MG) Road,IFFCO Chowk Metro to Sikanderpur Underpass,28.48901,77.08809,2021,2,15,9,Urban Arterial,Poor Lighting,Pedestrian,Vulnerable Road User (VRU),Clear,Dry / Smooth,Daylight,High,1,0,2
ACC-10699,Haryana,Gurugram,Gurugram,Mehrauli-Gurgaon (MG) Road,IFFCO Chowk Metro to Sikanderpur Underpass,28.47802,77.07858,2023,3,27,3,Urban Arterial,Drunk Driving,Two-Wheeler,Vulnerable Road User (VRU),Rain,Dry / Smooth,Streetlights Operational,High,1,0,1
ACC-10700,Haryana,Gurugram,Gurugram,Mehrauli-Gurgaon (MG) Road,IFFCO Chowk Metro to Sikanderpur Underpass,28.48777,77.08699,2023,7,3,9,Urban Arterial,Poor Lighting,Car,Motorized Passenger,Rain,Wet / Slippery,Daylight,Congested,1,0,1
ACC-10701,Haryana,Gurugram,Gurugram,Mehrauli-Gurgaon (MG) Road,IFFCO Chowk Metro to Sikanderpur Underpass,28.4791,77.08795,2021,1,8,0,Urban Arterial,Pedestrian Crossing Hazard,Car,Motorized Passenger,Fog/Mist,Under Construction,Streetlights Operational,Medium,1,1,3
ACC-10702,Haryana,Gurugram,Gurugram,Mehrauli-Gurgaon (MG) Road,IFFCO Chowk Metro to Sikanderpur Underpass,28.47752,77.07623,2021,12,28,0,Urban Arterial,Drunk Driving,Car,Motorized Passenger,Fog/Mist,Dry / Smooth,Streetlights Operational,Low,1,1,2
ACC-10703,Haryana,Gurugram,Gurugram,Mehrauli-Gurgaon (MG) Road,IFFCO Chowk Metro to Sikanderpur Underpass,28.48882,77.07865,2022,10,15,9,Urban Arterial,Pedestrian Crossing Hazard,Auto-Rickshaw,Vulnerable Road User (VRU),Clear,Under Construction,Daylight,Medium,1,0,2
ACC-10704,Haryana,Gurugram,Gurugram,Mehrauli-Gurgaon (MG) Road,IFFCO Chowk Metro to Sikanderpur Underpass,28.48393,77.08099,2024,4,3,8,Urban Arterial,Drunk Driving,Two-Wheeler,Vulnerable Road User (VRU),Clear,Damaged / Potholes,Daylight,High,1,1,1
ACC-10705,Haryana,Gurugram,Gurugram,Mehrauli-Gurgaon (MG) Road,IFFCO Chowk Metro to Sikanderpur Underpass,28.47902,77.0891,2024,4,16,7,Urban Arterial,Overspeeding,Two-Wheeler,Vulnerable Road User (VRU),Clear,Under Construction,Daylight,High,1,0,1
ACC-10706,Haryana,Gurugram,Gurugram,Mehrauli-Gurgaon (MG) Road,IFFCO Chowk Metro to Sikanderpur Underpass,28.47705,77.08781,2022,7,7,18,Urban Arterial,Pedestrian Crossing Hazard,Two-Wheeler,Vulnerable Road User (VRU),Clear,Dry / Smooth,Streetlights Operational,Congested,1,0,2
ACC-10707,Haryana,Gurugram,Gurugram,Mehrauli-Gurgaon (MG) Road,IFFCO Chowk Metro to Sikanderpur Underpass,28.48124,77.08163,2022,5,1,20,Urban Arterial,Poor Lighting,Two-Wheeler,Vulnerable Road User (VRU),Clear,Dry / Smooth,Poor / Intermittent,Low,1,0,0
ACC-10708,Haryana,Gurugram,Gurugram,Mehrauli-Gurgaon (MG) Road,IFFCO Chowk Metro to Sikanderpur Underpass,28.4815,77.07525,2021,8,9,0,Urban Arterial,Poor Lighting,Auto-Rickshaw,Vulnerable Road User (VRU),Rain,Wet / Slippery,Unlit / Pitch Black,Congested,1,1,2
ACC-10709,Haryana,Gurugram,Gurugram,Mehrauli-Gurgaon (MG) Road,IFFCO Chowk Metro to Sikanderpur Underpass,28.48732,77.08469,2021,11,8,6,Urban Arterial,Drunk Driving,Car,Motorized Passenger,Fog/Mist,Dry / Smooth,Daylight,Low,1,1,1
ACC-10710,Haryana,Gurugram,Gurugram,Mehrauli-Gurgaon (MG) Road,IFFCO Chowk Metro to Sikanderpur Underpass,28.47325,77.07646,2024,7,13,23,Urban Arterial,Overspeeding,Auto-Rickshaw,Vulnerable Road User (VRU),Rain,Wet / Slippery,Unlit / Pitch Black,Low,1,0,1
ACC-10711,Haryana,Gurugram,Gurugram,Mehrauli-Gurgaon (MG) Road,IFFCO Chowk Metro to Sikanderpur Underpass,28.4886,77.08416,2024,12,10,14,Urban Arterial,Pedestrian Crossing Hazard,Pedestrian,Vulnerable Road User (VRU),Rain,Wet / Slippery,Daylight,High,1,1,1
ACC-10712,Haryana,Gurugram,Gurugram,Mehrauli-Gurgaon (MG) Road,IFFCO Chowk Metro to Sikanderpur Underpass,28.47716,77.07525,2024,6,1,8,Urban Arterial,Drunk Driving,Pedestrian,Vulnerable Road User (VRU),Clear,Dry / Smooth,Daylight,Congested,1,0,1
ACC-10713,Haryana,Gurugram,Gurugram,Mehrauli-Gurgaon (MG) Road,IFFCO Chowk Metro to Sikanderpur Underpass,28.48496,77.08934,2021,10,22,16,Urban Arterial,Pedestrian Crossing Hazard,Pedestrian,Vulnerable Road User (VRU),Clear,Damaged / Potholes,Daylight,High,1,1,1
ACC-10714,Haryana,Gurugram,Gurugram,Mehrauli-Gurgaon (MG) Road,IFFCO Chowk Metro to Sikanderpur Underpass,28.47353,77.08916,2023,11,16,19,Urban Arterial,Drunk Driving,Two-Wheeler,Vulnerable Road User (VRU),Clear,Under Construction,Poor / Intermittent,Low,1,0,2
ACC-10715,Haryana,Gurugram,Gurugram,Mehrauli-Gurgaon (MG) Road,IFFCO Chowk Metro to Sikanderpur Underpass,28.48723,77.08436,2022,11,5,0,Urban Arterial,Pedestrian Crossing Hazard,Auto-Rickshaw,Vulnerable Road User (VRU),Fog/Mist,Damaged / Potholes,Unlit / Pitch Black,Congested,1,0,3
ACC-10716,Haryana,Gurugram,Gurugram,Mehrauli-Gurgaon (MG) Road,IFFCO Chowk Metro to Sikanderpur Underpass,28.48655,77.07547,2024,9,6,22,Urban Arterial,Overspeeding,Two-Wheeler,Vulnerable Road User (VRU),Rain,Wet / Slippery,Poor / Intermittent,Low,1,1,2
ACC-10717,Haryana,Gurugram,Gurugram,Mehrauli-Gurgaon (MG) Road,IFFCO Chowk Metro to Sikanderpur Underpass,28.47784,77.08243,2024,10,26,7,Urban Arterial,Drunk Driving,Car,Motorized Passenger,Clear,Under Construction,Daylight,Congested,1,0,1
ACC-10718,Haryana,Gurugram,Gurugram,Mehrauli-Gurgaon (MG) Road,IFFCO Chowk Metro to Sikanderpur Underpass,28.48101,77.07358,2022,5,16,8,Urban Arterial,Drunk Driving,Auto-Rickshaw,Vulnerable Road User (VRU),Clear,Dry / Smooth,Daylight,Low,1,0,0
ACC-10719,Haryana,Gurugram,Gurugram,Mehrauli-Gurgaon (MG) Road,IFFCO Chowk Metro to Sikanderpur Underpass,28.47548,77.08523,2023,11,27,8,Urban Arterial,Pedestrian Crossing Hazard,Two-Wheeler,Vulnerable Road User (VRU),Rain,Wet / Slippery,Daylight,Medium,1,0,2
ACC-10720,Haryana,Gurugram,Gurugram,Mehrauli-Gurgaon (MG) Road,IFFCO Chowk Metro to Sikanderpur Underpass,28.47738,77.07833,2024,10,3,0,Urban Arterial,Poor Lighting,Two-Wheeler,Vulnerable Road User (VRU),Rain,Under Construction,Unlit / Pitch Black,Congested,1,0,0
ACC-10721,Haryana,Gurugram,Gurugram,Mehrauli-Gurgaon (MG) Road,IFFCO Chowk Metro to Sikanderpur Underpass,28.47808,77.07826,2023,3,19,9,Urban Arterial,Pedestrian Crossing Hazard,Pedestrian,Vulnerable Road User (VRU),Rain,Wet / Slippery,Daylight,Medium,1,0,0
ACC-10722,Haryana,Gurugram,Gurugram,Mehrauli-Gurgaon (MG) Road,IFFCO Chowk Metro to Sikanderpur Underpass,28.48058,77.0881,2024,9,6,18,Urban Arterial,Drunk Driving,Pedestrian,Vulnerable Road User (VRU),Rain,Wet / Slippery,Streetlights Operational,Congested,1,1,3
ACC-10723,Haryana,Gurugram,Gurugram,Mehrauli-Gurgaon (MG) Road,IFFCO Chowk Metro to Sikanderpur Underpass,28.48724,77.07436,2021,7,3,12,Urban Arterial,Overspeeding,Pedestrian,Vulnerable Road User (VRU),Rain,Wet / Slippery,Daylight,Medium,1,0,2
ACC-10724,Haryana,Gurugram,Gurugram,Mehrauli-Gurgaon (MG) Road,IFFCO Chowk Metro to Sikanderpur Underpass,28.47854,77.07506,2024,3,13,10,Urban Arterial,Poor Lighting,Car,Motorized Passenger,Clear,Dry / Smooth,Daylight,Low,1,0,1
ACC-10725,Haryana,Gurugram,Gurugram,Mehrauli-Gurgaon (MG) Road,IFFCO Chowk Metro to Sikanderpur Underpass,28.47538,77.08782,2023,10,16,16,Urban Arterial,Drunk Driving,Car,Motorized Passenger,Clear,Dry / Smooth,Daylight,Medium,1,0,3
ACC-10726,Haryana,Gurugram,Gurugram,Mehrauli-Gurgaon (MG) Road,IFFCO Chowk Metro to Sikanderpur Underpass,28.47475,77.07677,2022,5,21,0,Urban Arterial,Poor Lighting,Pedestrian,Vulnerable Road User (VRU),Clear,Dry / Smooth,Unlit / Pitch Black,Medium,1,0,0
ACC-10727,Karnataka,Bengaluru Urban,Bengaluru,Hosur Road Elevated Tollway,Central Silk Board Ramp to Bommanahalli,12.92295,77.62497,2024,1,27,18,Expressway,Overspeeding,Two-Wheeler,Vulnerable Road User (VRU),Clear,Damaged / Potholes,Poor / Intermittent,Low,1,0,2
ACC-10728,Karnataka,Bengaluru Urban,Bengaluru,Hosur Road Elevated Tollway,Central Silk Board Ramp to Bommanahalli,12.91709,77.62578,2024,3,21,2,Expressway,Dangerous Junction Geometry,Two-Wheeler,Vulnerable Road User (VRU),Rain,Damaged / Potholes,Streetlights Operational,Congested,1,1,3
ACC-10729,Karnataka,Bengaluru Urban,Bengaluru,Hosur Road Elevated Tollway,Central Silk Board Ramp to Bommanahalli,12.90938,77.61994,2024,7,23,10,Expressway,Poor Lighting,Car,Motorized Passenger,Rain,Wet / Slippery,Daylight,Low,1,0,1
ACC-10730,Karnataka,Bengaluru Urban,Bengaluru,Hosur Road Elevated Tollway,Central Silk Board Ramp to Bommanahalli,12.91257,77.62954,2024,1,12,10,Expressway,Poor Lighting,Car,Motorized Passenger,Clear,Dry / Smooth,Daylight,Low,1,0,2
ACC-10731,Karnataka,Bengaluru Urban,Bengaluru,Hosur Road Elevated Tollway,Central Silk Board Ramp to Bommanahalli,12.91365,77.6273,2024,9,3,2,Expressway,Potholes / Road Surface Defect,Bus,Motorized Passenger,Clear,Damaged / Potholes,Streetlights Operational,Congested,1,0,2
ACC-10732,Karnataka,Bengaluru Urban,Bengaluru,Hosur Road Elevated Tollway,Central Silk Board Ramp to Bommanahalli,12.91849,77.62445,2023,7,3,13,Expressway,Poor Lighting,Car,Motorized Passenger,Clear,Damaged / Potholes,Daylight,Medium,1,0,1
ACC-10733,Karnataka,Bengaluru Urban,Bengaluru,Hosur Road Elevated Tollway,Central Silk Board Ramp to Bommanahalli,12.92214,77.62682,2024,2,2,23,Expressway,Dangerous Junction Geometry,Two-Wheeler,Vulnerable Road User (VRU),Rain,Under Construction,Unlit / Pitch Black,Low,1,0,4
ACC-10734,Karnataka,Bengaluru Urban,Bengaluru,Hosur Road Elevated Tollway,Central Silk Board Ramp to Bommanahalli,12.91519,77.6252,2022,2,6,9,Expressway,Poor Lighting,Two-Wheeler,Vulnerable Road User (VRU),Clear,Dry / Smooth,Daylight,High,1,1,1
ACC-10735,Karnataka,Bengaluru Urban,Bengaluru,Hosur Road Elevated Tollway,Central Silk Board Ramp to Bommanahalli,12.91242,77.61769,2021,3,11,19,Expressway,Poor Lighting,Two-Wheeler,Vulnerable Road User (VRU),Clear,Damaged / Potholes,Unlit / Pitch Black,Congested,1,0,1
ACC-10736,Karnataka,Bengaluru Urban,Bengaluru,Hosur Road Elevated Tollway,Central Silk Board Ramp to Bommanahalli,12.91465,77.62602,2022,2,19,22,Expressway,Overspeeding,Two-Wheeler,Vulnerable Road User (VRU),Clear,Dry / Smooth,Unlit / Pitch Black,Congested,1,0,2
ACC-10737,Karnataka,Bengaluru Urban,Bengaluru,Hosur Road Elevated Tollway,Central Silk Board Ramp to Bommanahalli,12.92318,77.62421,2024,4,27,19,Expressway,Potholes / Road Surface Defect,Car,Motorized Passenger,Clear,Damaged / Potholes,Streetlights Operational,High,1,0,1
ACC-10738,Karnataka,Bengaluru Urban,Bengaluru,Hosur Road Elevated Tollway,Central Silk Board Ramp to Bommanahalli,12.92245,77.62135,2022,9,10,19,Expressway,Dangerous Junction Geometry,Two-Wheeler,Vulnerable Road User (VRU),Rain,Wet / Slippery,Streetlights Operational,Medium,1,0,1
ACC-10739,Karnataka,Bengaluru Urban,Bengaluru,Hosur Road Elevated Tollway,Central Silk Board Ramp to Bommanahalli,12.92347,77.62442,2023,2,28,7,Expressway,Overspeeding,Bus,Motorized Passenger,Clear,Damaged / Potholes,Daylight,Congested,1,0,1
ACC-10740,Karnataka,Bengaluru Urban,Bengaluru,Hosur Road Elevated Tollway,Central Silk Board Ramp to Bommanahalli,12.92399,77.62571,2023,11,1,18,Expressway,Potholes / Road Surface Defect,Two-Wheeler,Vulnerable Road User (VRU),Clear,Damaged / Potholes,Unlit / Pitch Black,Medium,1,0,2
ACC-10741,Karnataka,Bengaluru Urban,Bengaluru,Hosur Road Elevated Tollway,Central Silk Board Ramp to Bommanahalli,12.90987,77.61567,2021,4,16,21,Expressway,Overspeeding,Car,Motorized Passenger,Clear,Under Construction,Streetlights Operational,Congested,1,0,1
ACC-10742,Karnataka,Bengaluru Urban,Bengaluru,Hosur Road Elevated Tollway,Central Silk Board Ramp to Bommanahalli,12.92011,77.62691,2022,11,12,8,Expressway,Dangerous Junction Geometry,Two-Wheeler,Vulnerable Road User (VRU),Clear,Dry / Smooth,Daylight,Medium,1,0,2
ACC-10743,Karnataka,Bengaluru Urban,Bengaluru,Hosur Road Elevated Tollway,Central Silk Board Ramp to Bommanahalli,12.92492,77.62098,2024,1,13,14,Expressway,Dangerous Junction Geometry,Car,Motorized Passenger,Clear,Under Construction,Daylight,High,1,0,2
ACC-10744,Karnataka,Bengaluru Urban,Bengaluru,Hosur Road Elevated Tollway,Central Silk Board Ramp to Bommanahalli,12.92072,77.6281,2022,6,14,6,Expressway,Dangerous Junction Geometry,Two-Wheeler,Vulnerable Road User (VRU),Rain,Damaged / Potholes,Daylight,High,1,0,0
ACC-10745,Karnataka,Bengaluru Urban,Bengaluru,Hosur Road Elevated Tollway,Central Silk Board Ramp to Bommanahalli,12.91557,77.62562,2021,1,5,8,Expressway,Overspeeding,Car,Motorized Passenger,Rain,Wet / Slippery,Daylight,Medium,1,0,0
ACC-10746,Karnataka,Bengaluru Urban,Bengaluru,Hosur Road Elevated Tollway,Central Silk Board Ramp to Bommanahalli,12.91507,77.62392,2021,2,9,6,Expressway,Poor Lighting,Bus,Motorized Passenger,Rain,Wet / Slippery,Daylight,Medium,1,0,1
ACC-10747,Karnataka,Bengaluru Urban,Bengaluru,Hosur Road Elevated Tollway,Central Silk Board Ramp to Bommanahalli,12.91289,77.62697,2022,9,9,20,Expressway,Overspeeding,Two-Wheeler,Vulnerable Road User (VRU),Clear,Under Construction,Poor / Intermittent,High,1,1,3
ACC-10748,Karnataka,Bengaluru Urban,Bengaluru,Hosur Road Elevated Tollway,Central Silk Board Ramp to Bommanahalli,12.92258,77.61942,2022,2,12,15,Expressway,Dangerous Junction Geometry,Two-Wheeler,Vulnerable Road User (VRU),Rain,Damaged / Potholes,Daylight,Congested,1,0,0
ACC-10749,Karnataka,Bengaluru Urban,Bengaluru,Hosur Road Elevated Tollway,Central Silk Board Ramp to Bommanahalli,12.91527,77.62566,2024,5,27,3,Expressway,Potholes / Road Surface Defect,Bus,Motorized Passenger,Rain,Damaged / Potholes,Unlit / Pitch Black,Congested,1,0,1
ACC-10750,Karnataka,Bengaluru Urban,Bengaluru,Hosur Road Elevated Tollway,Central Silk Board Ramp to Bommanahalli,12.92132,77.62056,2021,11,10,9,Expressway,Overspeeding,Bus,Motorized Passenger,Rain,Wet / Slippery,Daylight,Low,1,0,1
ACC-10751,Karnataka,Bengaluru Urban,Bengaluru,Hosur Road Elevated Tollway,Central Silk Board Ramp to Bommanahalli,12.9215,77.61926,2024,7,26,14,Expressway,Overspeeding,Two-Wheeler,Vulnerable Road User (VRU),Rain,Wet / Slippery,Daylight,Congested,1,0,2
ACC-10752,Karnataka,Bengaluru Urban,Bengaluru,Hosur Road Elevated Tollway,Central Silk Board Ramp to Bommanahalli,12.9146,77.62141,2024,8,24,6,Expressway,Dangerous Junction Geometry,Two-Wheeler,Vulnerable Road User (VRU),Rain,Wet / Slippery,Daylight,Low,1,1,1
ACC-10753,Karnataka,Bengaluru Urban,Bengaluru,Hosur Road Elevated Tollway,Central Silk Board Ramp to Bommanahalli,12.9163,77.61538,2023,6,9,15,Expressway,Overspeeding,Two-Wheeler,Vulnerable Road User (VRU),Rain,Wet / Slippery,Daylight,Low,1,0,2
ACC-10754,Karnataka,Bengaluru Urban,Bengaluru,Hosur Road Elevated Tollway,Central Silk Board Ramp to Bommanahalli,12.91422,77.61612,2021,8,2,10,Expressway,Dangerous Junction Geometry,Car,Motorized Passenger,Rain,Wet / Slippery,Daylight,High,1,0,1
ACC-10755,Karnataka,Bengaluru Urban,Bengaluru,Hosur Road Elevated Tollway,Central Silk Board Ramp to Bommanahalli,12.91292,77.62557,2022,5,25,7,Expressway,Poor Lighting,Two-Wheeler,Vulnerable Road User (VRU),Clear,Damaged / Potholes,Daylight,Medium,1,0,2
ACC-10756,Karnataka,Bengaluru Urban,Bengaluru,Hosur Road Elevated Tollway,Central Silk Board Ramp to Bommanahalli,12.9248,77.61536,2022,11,17,12,Expressway,Potholes / Road Surface Defect,Two-Wheeler,Vulnerable Road User (VRU),Clear,Damaged / Potholes,Daylight,High,1,0,4
ACC-10757,Karnataka,Bengaluru Urban,Bengaluru,Hosur Road Elevated Tollway,Central Silk Board Ramp to Bommanahalli,12.91833,77.62837,2023,9,23,7,Expressway,Potholes / Road Surface Defect,Two-Wheeler,Vulnerable Road User (VRU),Clear,Damaged / Potholes,Daylight,Congested,1,1,1
ACC-10758,Karnataka,Bengaluru Urban,Bengaluru,Hosur Road Elevated Tollway,Central Silk Board Ramp to Bommanahalli,12.91963,77.62263,2024,2,21,8,Expressway,Dangerous Junction Geometry,Two-Wheeler,Vulnerable Road User (VRU),Rain,Wet / Slippery,Daylight,Low,1,0,1
ACC-10759,Madhya Pradesh,Indore,Indore,Indore Bypass AB Road,Dewas Naka Bypass to Nipania Square,22.75323,75.9237,2023,10,1,0,Ring Road,Poor Lighting,Two-Wheeler,Vulnerable Road User (VRU),Clear,Dry / Smooth,Unlit / Pitch Black,Low,1,0,2
ACC-10760,Madhya Pradesh,Indore,Indore,Indore Bypass AB Road,Dewas Naka Bypass to Nipania Square,22.75519,75.92614,2023,4,13,3,Ring Road,Wrong-side Driving,Car,Motorized Passenger,Clear,Dry / Smooth,Streetlights Operational,Medium,1,0,4
ACC-10761,Madhya Pradesh,Indore,Indore,Indore Bypass AB Road,Dewas Naka Bypass to Nipania Square,22.74879,75.91944,2021,9,26,19,Ring Road,Overspeeding,Tractor,Motorized Passenger,Rain,Wet / Slippery,Poor / Intermittent,Medium,1,0,4
ACC-10762,Madhya Pradesh,Indore,Indore,Indore Bypass AB Road,Dewas Naka Bypass to Nipania Square,22.7518,75.92351,2021,12,8,18,Ring Road,Poor Lighting,Heavy Truck,Commercial Goods,Clear,Dry / Smooth,Poor / Intermittent,Congested,1,0,1
ACC-10763,Madhya Pradesh,Indore,Indore,Indore Bypass AB Road,Dewas Naka Bypass to Nipania Square,22.75318,75.91677,2022,9,8,9,Ring Road,Wrong-side Driving,Tractor,Motorized Passenger,Rain,Wet / Slippery,Daylight,Low,1,0,1
ACC-10764,Madhya Pradesh,Indore,Indore,Indore Bypass AB Road,Dewas Naka Bypass to Nipania Square,22.74565,75.9213,2024,11,25,2,Ring Road,Overspeeding,Heavy Truck,Commercial Goods,Rain,Wet / Slippery,Poor / Intermittent,Congested,1,0,0
ACC-10765,Madhya Pradesh,Indore,Indore,Indore Bypass AB Road,Dewas Naka Bypass to Nipania Square,22.75049,75.92414,2022,2,5,20,Ring Road,Overspeeding,Car,Motorized Passenger,Clear,Damaged / Potholes,Poor / Intermittent,High,1,0,2
ACC-10766,Madhya Pradesh,Indore,Indore,Indore Bypass AB Road,Dewas Naka Bypass to Nipania Square,22.75684,75.92598,2021,12,2,9,Ring Road,Overspeeding,Car,Motorized Passenger,Rain,Under Construction,Daylight,Low,1,0,2
ACC-10767,Madhya Pradesh,Indore,Indore,Indore Bypass AB Road,Dewas Naka Bypass to Nipania Square,22.75747,75.91812,2021,3,1,9,Ring Road,Overspeeding,Car,Motorized Passenger,Rain,Wet / Slippery,Daylight,Congested,1,1,1
ACC-10768,Madhya Pradesh,Indore,Indore,Indore Bypass AB Road,Dewas Naka Bypass to Nipania Square,22.75917,75.91943,2024,6,2,20,Ring Road,Overspeeding,Tractor,Motorized Passenger,Clear,Damaged / Potholes,Poor / Intermittent,Medium,1,0,1
ACC-10769,Madhya Pradesh,Indore,Indore,Indore Bypass AB Road,Dewas Naka Bypass to Nipania Square,22.7548,75.9161,2023,5,6,8,Ring Road,Overspeeding,Car,Motorized Passenger,Clear,Damaged / Potholes,Daylight,Low,1,0,1
ACC-10770,Madhya Pradesh,Indore,Indore,Indore Bypass AB Road,Dewas Naka Bypass to Nipania Square,22.75101,75.91891,2022,11,9,7,Ring Road,Wrong-side Driving,Heavy Truck,Commercial Goods,Clear,Dry / Smooth,Daylight,High,1,0,2
ACC-10771,Madhya Pradesh,Indore,Indore,Indore Bypass AB Road,Dewas Naka Bypass to Nipania Square,22.76099,75.92611,2024,12,15,19,Ring Road,Poor Lighting,Heavy Truck,Commercial Goods,Rain,Under Construction,Unlit / Pitch Black,Congested,1,0,2
ACC-10772,Madhya Pradesh,Indore,Indore,Indore Bypass AB Road,Dewas Naka Bypass to Nipania Square,22.75331,75.92683,2021,6,26,7,Ring Road,Heavy Freight Congestion,Tractor,Motorized Passenger,Rain,Wet / Slippery,Daylight,Low,1,0,1
ACC-10773,Madhya Pradesh,Indore,Indore,Indore Bypass AB Road,Dewas Naka Bypass to Nipania Square,22.75587,75.91864,2023,1,14,23,Ring Road,Poor Lighting,Two-Wheeler,Vulnerable Road User (VRU),Fog/Mist,Dry / Smooth,Unlit / Pitch Black,Medium,1,1,3
ACC-10774,Madhya Pradesh,Indore,Indore,Indore Bypass AB Road,Dewas Naka Bypass to Nipania Square,22.75488,75.92576,2022,8,27,19,Ring Road,Poor Lighting,Two-Wheeler,Vulnerable Road User (VRU),Clear,Dry / Smooth,Unlit / Pitch Black,High,1,0,1
ACC-10775,Madhya Pradesh,Indore,Indore,Indore Bypass AB Road,Dewas Naka Bypass to Nipania Square,22.75294,75.92448,2021,7,23,18,Ring Road,Wrong-side Driving,Tractor,Motorized Passenger,Clear,Damaged / Potholes,Streetlights Operational,Medium,1,0,2
ACC-10776,Madhya Pradesh,Indore,Indore,Indore Bypass AB Road,Dewas Naka Bypass to Nipania Square,22.74695,75.92184,2023,9,16,7,Ring Road,Heavy Freight Congestion,Tractor,Motorized Passenger,Rain,Wet / Slippery,Daylight,Congested,1,0,2
ACC-10777,Madhya Pradesh,Indore,Indore,Indore Bypass AB Road,Dewas Naka Bypass to Nipania Square,22.75872,75.92094,2023,11,4,18,Ring Road,Wrong-side Driving,Car,Motorized Passenger,Rain,Under Construction,Streetlights Operational,Medium,1,1,1
ACC-10778,Madhya Pradesh,Indore,Indore,Indore Bypass AB Road,Dewas Naka Bypass to Nipania Square,22.7582,75.91934,2023,5,22,18,Ring Road,Overspeeding,Car,Motorized Passenger,Rain,Wet / Slippery,Unlit / Pitch Black,Congested,1,0,1
ACC-10779,Madhya Pradesh,Indore,Indore,Indore Bypass AB Road,Dewas Naka Bypass to Nipania Square,22.75666,75.92724,2024,4,19,11,Ring Road,Wrong-side Driving,Heavy Truck,Commercial Goods,Rain,Wet / Slippery,Daylight,Medium,1,0,0
ACC-10780,Madhya Pradesh,Indore,Indore,Indore Bypass AB Road,Dewas Naka Bypass to Nipania Square,22.75143,75.92589,2021,12,11,15,Ring Road,Heavy Freight Congestion,Heavy Truck,Commercial Goods,Clear,Damaged / Potholes,Daylight,Medium,1,0,2
ACC-10781,Madhya Pradesh,Indore,Indore,Indore Bypass AB Road,Dewas Naka Bypass to Nipania Square,22.74578,75.91893,2023,3,12,7,Ring Road,Wrong-side Driving,Heavy Truck,Commercial Goods,Clear,Dry / Smooth,Daylight,High,1,0,2
ACC-10782,Madhya Pradesh,Indore,Indore,Indore Bypass AB Road,Dewas Naka Bypass to Nipania Square,22.74942,75.91576,2021,4,21,6,Ring Road,Heavy Freight Congestion,Tractor,Motorized Passenger,Rain,Dry / Smooth,Daylight,Congested,1,0,2
ACC-10783,Madhya Pradesh,Indore,Indore,Indore Bypass AB Road,Dewas Naka Bypass to Nipania Square,22.7584,75.92815,2021,9,24,14,Ring Road,Overspeeding,Heavy Truck,Commercial Goods,Rain,Wet / Slippery,Daylight,Medium,1,1,1
ACC-10784,Madhya Pradesh,Indore,Indore,Indore Bypass AB Road,Dewas Naka Bypass to Nipania Square,22.75113,75.92127,2023,7,17,7,Ring Road,Poor Lighting,Car,Motorized Passenger,Rain,Wet / Slippery,Daylight,Low,1,0,1
ACC-10785,Madhya Pradesh,Indore,Indore,Indore Bypass AB Road,Dewas Naka Bypass to Nipania Square,22.7573,75.92583,2022,7,18,8,Ring Road,Wrong-side Driving,Car,Motorized Passenger,Rain,Wet / Slippery,Daylight,Congested,1,0,3
ACC-10786,Madhya Pradesh,Indore,Indore,Indore Bypass AB Road,Dewas Naka Bypass to Nipania Square,22.75042,75.92735,2024,4,19,9,Ring Road,Wrong-side Driving,Car,Motorized Passenger,Rain,Wet / Slippery,Daylight,Congested,1,0,1
ACC-10787,Madhya Pradesh,Indore,Indore,Indore Bypass AB Road,Dewas Naka Bypass to Nipania Square,22.75051,75.91681,2021,2,18,19,Ring Road,Wrong-side Driving,Heavy Truck,Commercial Goods,Clear,Damaged / Potholes,Poor / Intermittent,Congested,1,0,1
ACC-10788,Madhya Pradesh,Indore,Indore,Indore Bypass AB Road,Dewas Naka Bypass to Nipania Square,22.75248,75.92213,2023,12,19,0,Ring Road,Poor Lighting,Two-Wheeler,Vulnerable Road User (VRU),Fog/Mist,Under Construction,Poor / Intermittent,Low,1,0,1
ACC-10789,Madhya Pradesh,Indore,Indore,Indore Bypass AB Road,Dewas Naka Bypass to Nipania Square,22.74692,75.92857,2021,2,14,9,Ring Road,Wrong-side Driving,Heavy Truck,Commercial Goods,Clear,Damaged / Potholes,Daylight,Medium,1,0,2
ACC-10790,Madhya Pradesh,Indore,Indore,Indore Bypass AB Road,Dewas Naka Bypass to Nipania Square,22.75662,75.92848,2024,3,21,10,Ring Road,Wrong-side Driving,Car,Motorized Passenger,Clear,Under Construction,Daylight,Low,1,0,4
ACC-10791,Bihar,Patna,Patna,Patna Bypass NH-30,Anisabad Roundabout to Didarganj Toll,25.58034,85.18487,2023,9,11,9,National Highway,Pedestrian Crossing Hazard,Two-Wheeler,Vulnerable Road User (VRU),Rain,Wet / Slippery,Daylight,Medium,1,0,3
ACC-10792,Bihar,Patna,Patna,Patna Bypass NH-30,Anisabad Roundabout to Didarganj Toll,25.57547,85.19083,2024,8,7,17,National Highway,Pedestrian Crossing Hazard,Two-Wheeler,Vulnerable Road User (VRU),Clear,Under Construction,Daylight,Low,1,0,0
ACC-10793,Bihar,Patna,Patna,Patna Bypass NH-30,Anisabad Roundabout to Didarganj Toll,25.57802,85.18526,2023,12,7,1,National Highway,Wrong-side Driving,Heavy Truck,Commercial Goods,Fog/Mist,Damaged / Potholes,Poor / Intermittent,High,1,0,1
ACC-10794,Bihar,Patna,Patna,Patna Bypass NH-30,Anisabad Roundabout to Didarganj Toll,25.58467,85.17844,2022,5,10,16,National Highway,Wrong-side Driving,Heavy Truck,Commercial Goods,Rain,Wet / Slippery,Daylight,Congested,1,0,1
ACC-10795,Bihar,Patna,Patna,Patna Bypass NH-30,Anisabad Roundabout to Didarganj Toll,25.58425,85.18975,2022,2,24,2,National Highway,Poor Lighting,Pedestrian,Vulnerable Road User (VRU),Clear,Under Construction,Unlit / Pitch Black,Low,1,0,2
ACC-10796,Bihar,Patna,Patna,Patna Bypass NH-30,Anisabad Roundabout to Didarganj Toll,25.57564,85.19072,2022,3,1,6,National Highway,Potholes / Road Surface Defect,Two-Wheeler,Vulnerable Road User (VRU),Clear,Damaged / Potholes,Daylight,Medium,1,0,0
ACC-10797,Bihar,Patna,Patna,Patna Bypass NH-30,Anisabad Roundabout to Didarganj Toll,25.57939,85.18355,2022,9,26,22,National Highway,Wrong-side Driving,Heavy Truck,Commercial Goods,Rain,Wet / Slippery,Unlit / Pitch Black,Congested,1,1,1
ACC-10798,Bihar,Patna,Patna,Patna Bypass NH-30,Anisabad Roundabout to Didarganj Toll,25.58137,85.18077,2021,10,27,2,National Highway,Poor Lighting,Two-Wheeler,Vulnerable Road User (VRU),Rain,Under Construction,Poor / Intermittent,Low,1,0,1
ACC-10799,Bihar,Patna,Patna,Patna Bypass NH-30,Anisabad Roundabout to Didarganj Toll,25.58147,85.18362,2021,6,28,22,National Highway,Poor Lighting,Auto-Rickshaw,Vulnerable Road User (VRU),Rain,Damaged / Potholes,Unlit / Pitch Black,Low,1,1,0
ACC-10800,Bihar,Patna,Patna,Patna Bypass NH-30,Anisabad Roundabout to Didarganj Toll,25.58077,85.19113,2021,10,10,9,National Highway,Poor Lighting,Pedestrian,Vulnerable Road User (VRU),Rain,Wet / Slippery,Daylight,High,1,0,1
ACC-10801,Bihar,Patna,Patna,Patna Bypass NH-30,Anisabad Roundabout to Didarganj Toll,25.58313,85.17686,2023,5,21,21,National Highway,Potholes / Road Surface Defect,Auto-Rickshaw,Vulnerable Road User (VRU),Rain,Damaged / Potholes,Streetlights Operational,Congested,1,1,2
ACC-10802,Bihar,Patna,Patna,Patna Bypass NH-30,Anisabad Roundabout to Didarganj Toll,25.57596,85.18391,2023,1,20,5,National Highway,Pedestrian Crossing Hazard,Two-Wheeler,Vulnerable Road User (VRU),Fog/Mist,Dry / Smooth,Unlit / Pitch Black,Congested,1,0,0
ACC-10803,Bihar,Patna,Patna,Patna Bypass NH-30,Anisabad Roundabout to Didarganj Toll,25.5878,85.18591,2022,11,20,8,National Highway,Poor Lighting,Two-Wheeler,Vulnerable Road User (VRU),Rain,Wet / Slippery,Daylight,High,1,0,1
ACC-10804,Bihar,Patna,Patna,Patna Bypass NH-30,Anisabad Roundabout to Didarganj Toll,25.58095,85.18536,2021,4,27,5,National Highway,Poor Lighting,Pedestrian,Vulnerable Road User (VRU),Clear,Under Construction,Unlit / Pitch Black,Low,1,0,2
ACC-10805,Bihar,Patna,Patna,Patna Bypass NH-30,Anisabad Roundabout to Didarganj Toll,25.57578,85.18028,2021,5,9,1,National Highway,Poor Lighting,Auto-Rickshaw,Vulnerable Road User (VRU),Clear,Under Construction,Unlit / Pitch Black,High,1,0,0
ACC-10806,Bihar,Patna,Patna,Patna Bypass NH-30,Anisabad Roundabout to Didarganj Toll,25.57937,85.18127,2021,3,26,22,National Highway,Poor Lighting,Auto-Rickshaw,Vulnerable Road User (VRU),Clear,Damaged / Potholes,Unlit / Pitch Black,Medium,1,0,2
ACC-10807,Bihar,Patna,Patna,Patna Bypass NH-30,Anisabad Roundabout to Didarganj Toll,25.57863,85.18304,2023,3,9,9,National Highway,Wrong-side Driving,Two-Wheeler,Vulnerable Road User (VRU),Clear,Damaged / Potholes,Daylight,Medium,1,1,2
ACC-10808,Bihar,Patna,Patna,Patna Bypass NH-30,Anisabad Roundabout to Didarganj Toll,25.57772,85.18639,2023,6,25,19,National Highway,Pedestrian Crossing Hazard,Pedestrian,Vulnerable Road User (VRU),Clear,Damaged / Potholes,Streetlights Operational,Congested,1,2,2
ACC-10809,Bihar,Patna,Patna,Patna Bypass NH-30,Anisabad Roundabout to Didarganj Toll,25.5845,85.1828,2023,2,17,7,National Highway,Pedestrian Crossing Hazard,Auto-Rickshaw,Vulnerable Road User (VRU),Rain,Wet / Slippery,Daylight,High,1,0,1
ACC-10810,Bihar,Patna,Patna,Patna Bypass NH-30,Anisabad Roundabout to Didarganj Toll,25.58885,85.17819,2024,10,11,18,National Highway,Potholes / Road Surface Defect,Heavy Truck,Commercial Goods,Clear,Damaged / Potholes,Streetlights Operational,High,1,1,1
ACC-10811,Bihar,Patna,Patna,Patna Bypass NH-30,Anisabad Roundabout to Didarganj Toll,25.5783,85.18677,2023,5,6,2,National Highway,Potholes / Road Surface Defect,Auto-Rickshaw,Vulnerable Road User (VRU),Rain,Damaged / Potholes,Streetlights Operational,Congested,1,0,1
ACC-10812,Bihar,Patna,Patna,Patna Bypass NH-30,Anisabad Roundabout to Didarganj Toll,25.58859,85.19064,2023,8,22,0,National Highway,Pedestrian Crossing Hazard,Pedestrian,Vulnerable Road User (VRU),Clear,Under Construction,Poor / Intermittent,Medium,1,0,3
ACC-10813,Bihar,Patna,Patna,Patna Bypass NH-30,Anisabad Roundabout to Didarganj Toll,25.57705,85.17521,2022,10,25,22,National Highway,Poor Lighting,Pedestrian,Vulnerable Road User (VRU),Rain,Wet / Slippery,Unlit / Pitch Black,Medium,1,0,1
ACC-10814,Bihar,Patna,Patna,Patna Bypass NH-30,Anisabad Roundabout to Didarganj Toll,25.57448,85.17775,2022,4,6,1,National Highway,Pedestrian Crossing Hazard,Two-Wheeler,Vulnerable Road User (VRU),Clear,Under Construction,Streetlights Operational,Medium,1,1,2
ACC-10815,Bihar,Patna,Patna,Patna Bypass NH-30,Anisabad Roundabout to Didarganj Toll,25.58936,85.1816,2021,8,18,14,National Highway,Pedestrian Crossing Hazard,Auto-Rickshaw,Vulnerable Road User (VRU),Clear,Under Construction,Daylight,High,1,0,1
ACC-10816,Bihar,Patna,Patna,Patna Bypass NH-30,Anisabad Roundabout to Didarganj Toll,25.57483,85.18937,2023,5,27,16,National Highway,Wrong-side Driving,Auto-Rickshaw,Vulnerable Road User (VRU),Clear,Dry / Smooth,Daylight,Congested,1,0,4
ACC-10817,Bihar,Patna,Patna,Patna Bypass NH-30,Anisabad Roundabout to Didarganj Toll,25.57923,85.17669,2022,4,12,20,National Highway,Potholes / Road Surface Defect,Auto-Rickshaw,Vulnerable Road User (VRU),Clear,Damaged / Potholes,Streetlights Operational,Medium,1,0,0
ACC-10818,Bihar,Patna,Patna,Patna Bypass NH-30,Anisabad Roundabout to Didarganj Toll,25.57702,85.18612,2024,11,6,8,National Highway,Poor Lighting,Auto-Rickshaw,Vulnerable Road User (VRU),Clear,Under Construction,Daylight,Low,1,0,1
ACC-10819,Bihar,Patna,Patna,Patna Bypass NH-30,Anisabad Roundabout to Didarganj Toll,25.58168,85.18298,2021,8,26,22,National Highway,Potholes / Road Surface Defect,Auto-Rickshaw,Vulnerable Road User (VRU),Clear,Damaged / Potholes,Streetlights Operational,Medium,1,1,1
ACC-10820,Bihar,Patna,Patna,Patna Bypass NH-30,Anisabad Roundabout to Didarganj Toll,25.58655,85.18913,2024,7,25,18,National Highway,Poor Lighting,Pedestrian,Vulnerable Road User (VRU),Clear,Under Construction,Poor / Intermittent,Low,1,1,1
ACC-10821,Bihar,Patna,Patna,Patna Bypass NH-30,Anisabad Roundabout to Didarganj Toll,25.58027,85.18943,2021,3,1,23,National Highway,Poor Lighting,Two-Wheeler,Vulnerable Road User (VRU),Clear,Under Construction,Poor / Intermittent,Congested,1,1,1
ACC-10822,Bihar,Patna,Patna,Patna Bypass NH-30,Anisabad Roundabout to Didarganj Toll,25.57959,85.18538,2023,5,14,8,National Highway,Potholes / Road Surface Defect,Heavy Truck,Commercial Goods,Clear,Damaged / Potholes,Daylight,Low,1,0,0
ACC-10823,Bihar,Patna,Patna,Patna Bypass NH-30,Anisabad Roundabout to Didarganj Toll,25.5788,85.19075,2021,6,24,23,National Highway,Wrong-side Driving,Two-Wheeler,Vulnerable Road User (VRU),Rain,Wet / Slippery,Unlit / Pitch Black,Medium,1,0,1
ACC-10824,Bihar,Patna,Patna,Patna Bypass NH-30,Anisabad Roundabout to Didarganj Toll,25.58924,85.18719,2022,12,27,19,National Highway,Potholes / Road Surface Defect,Pedestrian,Vulnerable Road User (VRU),Clear,Damaged / Potholes,Unlit / Pitch Black,High,1,3,0
ACC-10825,Bihar,Patna,Patna,Patna Bypass NH-30,Anisabad Roundabout to Didarganj Toll,25.5871,85.18631,2024,7,1,23,National Highway,Poor Lighting,Pedestrian,Vulnerable Road User (VRU),Clear,Damaged / Potholes,Poor / Intermittent,Low,1,0,1
ACC-10826,Bihar,Patna,Patna,Patna Bypass NH-30,Anisabad Roundabout to Didarganj Toll,25.58091,85.1755,2021,6,19,18,National Highway,Poor Lighting,Two-Wheeler,Vulnerable Road User (VRU),Rain,Dry / Smooth,Poor / Intermittent,Medium,1,0,1
ACC-10827,Bihar,Patna,Patna,Patna Bypass NH-30,Anisabad Roundabout to Didarganj Toll,25.58415,85.18257,2024,11,5,19,National Highway,Poor Lighting,Pedestrian,Vulnerable Road User (VRU),Clear,Damaged / Potholes,Unlit / Pitch Black,Low,1,1,2
ACC-10828,Bihar,Patna,Patna,Patna Bypass NH-30,Anisabad Roundabout to Didarganj Toll,25.58292,85.17792,2024,11,20,18,National Highway,Wrong-side Driving,Pedestrian,Vulnerable Road User (VRU),Rain,Wet / Slippery,Poor / Intermittent,Congested,1,2,1
ACC-10829,Bihar,Patna,Patna,Patna Bypass NH-30,Anisabad Roundabout to Didarganj Toll,25.57907,85.18025,2024,5,13,21,National Highway,Potholes / Road Surface Defect,Auto-Rickshaw,Vulnerable Road User (VRU),Clear,Damaged / Potholes,Streetlights Operational,High,1,3,1
ACC-10830,Bihar,Patna,Patna,Patna Bypass NH-30,Anisabad Roundabout to Didarganj Toll,25.57816,85.18994,2024,1,5,2,National Highway,Poor Lighting,Auto-Rickshaw,Vulnerable Road User (VRU),Fog/Mist,Dry / Smooth,Poor / Intermittent,Low,1,0,1
ACC-10831,Bihar,Patna,Patna,Patna Bypass NH-30,Anisabad Roundabout to Didarganj Toll,25.59015,85.19086,2022,7,20,4,National Highway,Potholes / Road Surface Defect,Auto-Rickshaw,Vulnerable Road User (VRU),Clear,Damaged / Potholes,Unlit / Pitch Black,Medium,1,0,2
ACC-10832,Bihar,Patna,Patna,Patna Bypass NH-30,Anisabad Roundabout to Didarganj Toll,25.57898,85.18999,2024,6,25,21,National Highway,Poor Lighting,Heavy Truck,Commercial Goods,Rain,Wet / Slippery,Poor / Intermittent,Congested,1,1,2
ACC-10833,Punjab,Mohali,Zirakpur,Chandigarh-Kalka Highway NH-5,Zirakpur Flyover to Pinjore Gateway,30.65738,76.826,2022,3,13,20,National Highway,Pedestrian Crossing Hazard,Pedestrian,Vulnerable Road User (VRU),Rain,Dry / Smooth,Streetlights Operational,Congested,1,0,1
ACC-10834,Punjab,Mohali,Zirakpur,Chandigarh-Kalka Highway NH-5,Zirakpur Flyover to Pinjore Gateway,30.64756,76.82572,2022,10,20,1,National Highway,Poor Lighting,Two-Wheeler,Vulnerable Road User (VRU),Clear,Damaged / Potholes,Poor / Intermittent,Congested,1,0,3
ACC-10835,Punjab,Mohali,Zirakpur,Chandigarh-Kalka Highway NH-5,Zirakpur Flyover to Pinjore Gateway,30.65236,76.82079,2024,9,17,16,National Highway,Overspeeding,Pedestrian,Vulnerable Road User (VRU),Rain,Wet / Slippery,Daylight,Medium,1,2,3
ACC-10836,Punjab,Mohali,Zirakpur,Chandigarh-Kalka Highway NH-5,Zirakpur Flyover to Pinjore Gateway,30.66115,76.83064,2021,4,19,7,National Highway,Poor Lighting,Car,Motorized Passenger,Rain,Damaged / Potholes,Daylight,High,1,0,2
ACC-10837,Punjab,Mohali,Zirakpur,Chandigarh-Kalka Highway NH-5,Zirakpur Flyover to Pinjore Gateway,30.6558,76.82755,2022,8,24,3,National Highway,Dangerous Junction Geometry,Pedestrian,Vulnerable Road User (VRU),Clear,Under Construction,Streetlights Operational,Congested,1,0,2
ACC-10838,Punjab,Mohali,Zirakpur,Chandigarh-Kalka Highway NH-5,Zirakpur Flyover to Pinjore Gateway,30.65759,76.82296,2021,8,16,3,National Highway,Pedestrian Crossing Hazard,Pedestrian,Vulnerable Road User (VRU),Clear,Dry / Smooth,Streetlights Operational,Congested,1,0,1
ACC-10839,Punjab,Mohali,Zirakpur,Chandigarh-Kalka Highway NH-5,Zirakpur Flyover to Pinjore Gateway,30.65109,76.82382,2021,2,5,15,National Highway,Dangerous Junction Geometry,Car,Motorized Passenger,Rain,Wet / Slippery,Daylight,Congested,1,0,0
ACC-10840,Punjab,Mohali,Zirakpur,Chandigarh-Kalka Highway NH-5,Zirakpur Flyover to Pinjore Gateway,30.65839,76.82519,2023,2,11,1,National Highway,Poor Lighting,Pedestrian,Vulnerable Road User (VRU),Rain,Wet / Slippery,Unlit / Pitch Black,Low,1,1,2
ACC-10841,Punjab,Mohali,Zirakpur,Chandigarh-Kalka Highway NH-5,Zirakpur Flyover to Pinjore Gateway,30.65734,76.8237,2021,3,5,0,National Highway,Overspeeding,Heavy Truck,Commercial Goods,Rain,Wet / Slippery,Streetlights Operational,Low,1,0,0
ACC-10842,Punjab,Mohali,Zirakpur,Chandigarh-Kalka Highway NH-5,Zirakpur Flyover to Pinjore Gateway,30.65059,76.82095,2024,11,10,23,National Highway,Overspeeding,Car,Motorized Passenger,Fog/Mist,Under Construction,Streetlights Operational,Low,1,0,0
ACC-10843,Punjab,Mohali,Zirakpur,Chandigarh-Kalka Highway NH-5,Zirakpur Flyover to Pinjore Gateway,30.65557,76.82215,2021,5,12,14,National Highway,Poor Lighting,Pedestrian,Vulnerable Road User (VRU),Clear,Damaged / Potholes,Daylight,Medium,1,0,1
ACC-10844,Punjab,Mohali,Zirakpur,Chandigarh-Kalka Highway NH-5,Zirakpur Flyover to Pinjore Gateway,30.65079,76.82055,2024,11,6,10,National Highway,Overspeeding,Pedestrian,Vulnerable Road User (VRU),Clear,Under Construction,Daylight,High,1,0,1
ACC-10845,Punjab,Mohali,Zirakpur,Chandigarh-Kalka Highway NH-5,Zirakpur Flyover to Pinjore Gateway,30.65247,76.81718,2021,11,7,19,National Highway,Dangerous Junction Geometry,Car,Motorized Passenger,Rain,Wet / Slippery,Streetlights Operational,High,1,0,0
ACC-10846,Punjab,Mohali,Zirakpur,Chandigarh-Kalka Highway NH-5,Zirakpur Flyover to Pinjore Gateway,30.64784,76.82585,2021,1,15,7,National Highway,Overspeeding,Heavy Truck,Commercial Goods,Clear,Damaged / Potholes,Daylight,Medium,1,0,1
ACC-10847,Punjab,Mohali,Zirakpur,Chandigarh-Kalka Highway NH-5,Zirakpur Flyover to Pinjore Gateway,30.65984,76.81727,2023,2,24,1,National Highway,Overspeeding,Heavy Truck,Commercial Goods,Rain,Damaged / Potholes,Unlit / Pitch Black,Congested,1,2,0
ACC-10848,Punjab,Mohali,Zirakpur,Chandigarh-Kalka Highway NH-5,Zirakpur Flyover to Pinjore Gateway,30.64898,76.83028,2024,2,15,7,National Highway,Dangerous Junction Geometry,Car,Motorized Passenger,Clear,Under Construction,Daylight,High,1,0,2
ACC-10849,Punjab,Mohali,Zirakpur,Chandigarh-Kalka Highway NH-5,Zirakpur Flyover to Pinjore Gateway,30.65493,76.82064,2022,10,26,19,National Highway,Dangerous Junction Geometry,Heavy Truck,Commercial Goods,Rain,Wet / Slippery,Streetlights Operational,Congested,1,0,1
ACC-10850,Punjab,Mohali,Zirakpur,Chandigarh-Kalka Highway NH-5,Zirakpur Flyover to Pinjore Gateway,30.66279,76.82363,2023,5,28,9,National Highway,Pedestrian Crossing Hazard,Heavy Truck,Commercial Goods,Clear,Under Construction,Daylight,Medium,1,0,1
ACC-10851,Punjab,Mohali,Zirakpur,Chandigarh-Kalka Highway NH-5,Zirakpur Flyover to Pinjore Gateway,30.65212,76.82099,2022,3,3,13,National Highway,Pedestrian Crossing Hazard,Two-Wheeler,Vulnerable Road User (VRU),Clear,Under Construction,Daylight,Medium,1,1,1
ACC-10852,Punjab,Mohali,Zirakpur,Chandigarh-Kalka Highway NH-5,Zirakpur Flyover to Pinjore Gateway,30.66251,76.8318,2024,2,22,21,National Highway,Overspeeding,Car,Motorized Passenger,Clear,Under Construction,Unlit / Pitch Black,Medium,1,0,0
ACC-10853,Punjab,Mohali,Zirakpur,Chandigarh-Kalka Highway NH-5,Zirakpur Flyover to Pinjore Gateway,30.66047,76.82115,2024,12,9,8,National Highway,Poor Lighting,Heavy Truck,Commercial Goods,Rain,Wet / Slippery,Daylight,Medium,1,0,2
ACC-10854,Punjab,Mohali,Zirakpur,Chandigarh-Kalka Highway NH-5,Zirakpur Flyover to Pinjore Gateway,30.64751,76.82737,2023,7,19,18,National Highway,Dangerous Junction Geometry,Pedestrian,Vulnerable Road User (VRU),Rain,Wet / Slippery,Poor / Intermittent,Medium,1,0,2
ACC-10855,Punjab,Mohali,Zirakpur,Chandigarh-Kalka Highway NH-5,Zirakpur Flyover to Pinjore Gateway,30.65996,76.82598,2022,11,23,9,National Highway,Dangerous Junction Geometry,Heavy Truck,Commercial Goods,Rain,Under Construction,Daylight,Low,1,0,2
ACC-10856,Punjab,Mohali,Zirakpur,Chandigarh-Kalka Highway NH-5,Zirakpur Flyover to Pinjore Gateway,30.65499,76.82058,2024,5,4,2,National Highway,Pedestrian Crossing Hazard,Pedestrian,Vulnerable Road User (VRU),Clear,Under Construction,Streetlights Operational,Congested,1,0,3
ACC-10857,Andhra Pradesh,Visakhapatnam,Visakhapatnam,Visakhapatnam Port Freight Corridor,Sheela Nagar Flyover to Scindia Junction,17.69235,83.2224,2024,1,4,9,State Highway,Potholes / Road Surface Defect,Auto-Rickshaw,Vulnerable Road User (VRU),Clear,Damaged / Potholes,Daylight,Congested,1,0,0
ACC-10858,Andhra Pradesh,Visakhapatnam,Visakhapatnam,Visakhapatnam Port Freight Corridor,Sheela Nagar Flyover to Scindia Junction,17.69545,83.21915,2023,12,14,16,State Highway,Heavy Freight Congestion,Auto-Rickshaw,Vulnerable Road User (VRU),Rain,Wet / Slippery,Daylight,Medium,1,0,1
ACC-10859,Andhra Pradesh,Visakhapatnam,Visakhapatnam,Visakhapatnam Port Freight Corridor,Sheela Nagar Flyover to Scindia Junction,17.70435,83.21335,2023,9,17,14,State Highway,Poor Lighting,Heavy Truck,Commercial Goods,Clear,Dry / Smooth,Daylight,Low,1,0,1
ACC-10860,Andhra Pradesh,Visakhapatnam,Visakhapatnam,Visakhapatnam Port Freight Corridor,Sheela Nagar Flyover to Scindia Junction,17.69798,83.21117,2024,4,15,7,State Highway,Potholes / Road Surface Defect,Two-Wheeler,Vulnerable Road User (VRU),Clear,Damaged / Potholes,Daylight,Medium,1,1,1
ACC-10861,Andhra Pradesh,Visakhapatnam,Visakhapatnam,Visakhapatnam Port Freight Corridor,Sheela Nagar Flyover to Scindia Junction,17.69924,83.22599,2021,9,12,18,State Highway,Poor Lighting,Auto-Rickshaw,Vulnerable Road User (VRU),Clear,Under Construction,Poor / Intermittent,Low,1,0,2
ACC-10862,Andhra Pradesh,Visakhapatnam,Visakhapatnam,Visakhapatnam Port Freight Corridor,Sheela Nagar Flyover to Scindia Junction,17.70443,83.22631,2021,9,6,16,State Highway,Poor Lighting,Auto-Rickshaw,Vulnerable Road User (VRU),Clear,Damaged / Potholes,Daylight,Congested,1,0,1
ACC-10863,Andhra Pradesh,Visakhapatnam,Visakhapatnam,Visakhapatnam Port Freight Corridor,Sheela Nagar Flyover to Scindia Junction,17.6949,83.22038,2022,11,11,22,State Highway,Potholes / Road Surface Defect,Two-Wheeler,Vulnerable Road User (VRU),Fog/Mist,Damaged / Potholes,Streetlights Operational,Congested,1,0,1
ACC-10864,Andhra Pradesh,Visakhapatnam,Visakhapatnam,Visakhapatnam Port Freight Corridor,Sheela Nagar Flyover to Scindia Junction,17.70334,83.22521,2024,1,1,18,State Highway,Heavy Freight Congestion,Two-Wheeler,Vulnerable Road User (VRU),Rain,Wet / Slippery,Streetlights Operational,Congested,1,0,1
ACC-10865,Andhra Pradesh,Visakhapatnam,Visakhapatnam,Visakhapatnam Port Freight Corridor,Sheela Nagar Flyover to Scindia Junction,17.69544,83.21545,2022,4,25,8,State Highway,Heavy Freight Congestion,Heavy Truck,Commercial Goods,Clear,Dry / Smooth,Daylight,Medium,1,0,3
ACC-10866,Andhra Pradesh,Visakhapatnam,Visakhapatnam,Visakhapatnam Port Freight Corridor,Sheela Nagar Flyover to Scindia Junction,17.70355,83.2164,2022,11,7,2,State Highway,Overspeeding,Two-Wheeler,Vulnerable Road User (VRU),Rain,Wet / Slippery,Unlit / Pitch Black,High,1,2,1
ACC-10867,Andhra Pradesh,Visakhapatnam,Visakhapatnam,Visakhapatnam Port Freight Corridor,Sheela Nagar Flyover to Scindia Junction,17.70323,83.21189,2024,12,28,9,State Highway,Poor Lighting,Two-Wheeler,Vulnerable Road User (VRU),Rain,Under Construction,Daylight,Medium,1,0,1
ACC-10868,Andhra Pradesh,Visakhapatnam,Visakhapatnam,Visakhapatnam Port Freight Corridor,Sheela Nagar Flyover to Scindia Junction,17.69165,83.21851,2022,9,19,4,State Highway,Heavy Freight Congestion,Heavy Truck,Commercial Goods,Rain,Wet / Slippery,Poor / Intermittent,Low,1,0,1
ACC-10869,Andhra Pradesh,Visakhapatnam,Visakhapatnam,Visakhapatnam Port Freight Corridor,Sheela Nagar Flyover to Scindia Junction,17.70358,83.21735,2024,5,17,19,State Highway,Poor Lighting,Heavy Truck,Commercial Goods,Rain,Under Construction,Poor / Intermittent,High,1,0,3
ACC-10870,Andhra Pradesh,Visakhapatnam,Visakhapatnam,Visakhapatnam Port Freight Corridor,Sheela Nagar Flyover to Scindia Junction,17.69225,83.21289,2023,4,23,22,State Highway,Overspeeding,Two-Wheeler,Vulnerable Road User (VRU),Rain,Wet / Slippery,Poor / Intermittent,High,1,1,1
ACC-10871,Andhra Pradesh,Visakhapatnam,Visakhapatnam,Visakhapatnam Port Freight Corridor,Sheela Nagar Flyover to Scindia Junction,17.6985,83.21282,2024,1,2,7,State Highway,Potholes / Road Surface Defect,Two-Wheeler,Vulnerable Road User (VRU),Rain,Damaged / Potholes,Daylight,Medium,1,0,0
ACC-10872,Andhra Pradesh,Visakhapatnam,Visakhapatnam,Visakhapatnam Port Freight Corridor,Sheela Nagar Flyover to Scindia Junction,17.69773,83.22216,2022,6,4,3,State Highway,Overspeeding,Heavy Truck,Commercial Goods,Rain,Wet / Slippery,Poor / Intermittent,Low,1,1,0
ACC-10873,Andhra Pradesh,Visakhapatnam,Visakhapatnam,Visakhapatnam Port Freight Corridor,Sheela Nagar Flyover to Scindia Junction,17.7039,83.21899,2022,7,2,21,State Highway,Heavy Freight Congestion,Heavy Truck,Commercial Goods,Rain,Dry / Smooth,Poor / Intermittent,High,1,1,3
ACC-10874,Andhra Pradesh,Visakhapatnam,Visakhapatnam,Visakhapatnam Port Freight Corridor,Sheela Nagar Flyover to Scindia Junction,17.70551,83.22109,2022,10,26,8,State Highway,Overspeeding,Two-Wheeler,Vulnerable Road User (VRU),Rain,Wet / Slippery,Daylight,Medium,1,0,1
ACC-10875,Andhra Pradesh,Visakhapatnam,Visakhapatnam,Visakhapatnam Port Freight Corridor,Sheela Nagar Flyover to Scindia Junction,17.70075,83.22229,2021,8,16,16,State Highway,Heavy Freight Congestion,Heavy Truck,Commercial Goods,Rain,Wet / Slippery,Daylight,Medium,1,0,0
ACC-10876,Andhra Pradesh,Visakhapatnam,Visakhapatnam,Visakhapatnam Port Freight Corridor,Sheela Nagar Flyover to Scindia Junction,17.69965,83.21867,2024,5,20,7,State Highway,Potholes / Road Surface Defect,Heavy Truck,Commercial Goods,Clear,Damaged / Potholes,Daylight,Low,1,0,1
ACC-10877,Andhra Pradesh,Visakhapatnam,Visakhapatnam,Visakhapatnam Port Freight Corridor,Sheela Nagar Flyover to Scindia Junction,17.69043,83.22055,2023,3,11,22,State Highway,Heavy Freight Congestion,Auto-Rickshaw,Vulnerable Road User (VRU),Rain,Dry / Smooth,Streetlights Operational,High,1,0,4
ACC-10878,Andhra Pradesh,Visakhapatnam,Visakhapatnam,Visakhapatnam Port Freight Corridor,Sheela Nagar Flyover to Scindia Junction,17.6944,83.21744,2022,3,13,21,State Highway,Overspeeding,Two-Wheeler,Vulnerable Road User (VRU),Rain,Damaged / Potholes,Streetlights Operational,Congested,1,0,1
ACC-10879,Andhra Pradesh,Visakhapatnam,Visakhapatnam,Visakhapatnam Port Freight Corridor,Sheela Nagar Flyover to Scindia Junction,17.69898,83.22101,2023,11,25,9,State Highway,Potholes / Road Surface Defect,Heavy Truck,Commercial Goods,Clear,Damaged / Potholes,Daylight,Low,1,0,1
ACC-10880,Andhra Pradesh,Visakhapatnam,Visakhapatnam,Visakhapatnam Port Freight Corridor,Sheela Nagar Flyover to Scindia Junction,17.69212,83.2218,2023,9,9,9,State Highway,Overspeeding,Auto-Rickshaw,Vulnerable Road User (VRU),Rain,Wet / Slippery,Daylight,Medium,1,3,2
ACC-10881,Andhra Pradesh,Visakhapatnam,Visakhapatnam,Visakhapatnam Port Freight Corridor,Sheela Nagar Flyover to Scindia Junction,17.69338,83.22231,2022,6,10,20,State Highway,Poor Lighting,Auto-Rickshaw,Vulnerable Road User (VRU),Rain,Wet / Slippery,Unlit / Pitch Black,Medium,1,1,2
ACC-10882,Andhra Pradesh,Visakhapatnam,Visakhapatnam,Visakhapatnam Port Freight Corridor,Sheela Nagar Flyover to Scindia Junction,17.70009,83.22389,2022,10,28,0,State Highway,Potholes / Road Surface Defect,Auto-Rickshaw,Vulnerable Road User (VRU),Clear,Damaged / Potholes,Unlit / Pitch Black,Medium,1,1,2
ACC-10883,Andhra Pradesh,Visakhapatnam,Visakhapatnam,Visakhapatnam Port Freight Corridor,Sheela Nagar Flyover to Scindia Junction,17.69694,83.21802,2022,9,20,7,State Highway,Potholes / Road Surface Defect,Heavy Truck,Commercial Goods,Rain,Damaged / Potholes,Daylight,Low,1,0,1
ACC-10884,Andhra Pradesh,Visakhapatnam,Visakhapatnam,Visakhapatnam Port Freight Corridor,Sheela Nagar Flyover to Scindia Junction,17.69789,83.21296,2023,3,24,3,State Highway,Poor Lighting,Two-Wheeler,Vulnerable Road User (VRU),Clear,Damaged / Potholes,Poor / Intermittent,High,1,0,0
ACC-10885,Andhra Pradesh,Visakhapatnam,Visakhapatnam,Visakhapatnam Port Freight Corridor,Sheela Nagar Flyover to Scindia Junction,17.69957,83.22116,2022,7,26,18,State Highway,Overspeeding,Auto-Rickshaw,Vulnerable Road User (VRU),Rain,Wet / Slippery,Poor / Intermittent,Low,1,1,2
ACC-10886,Andhra Pradesh,Visakhapatnam,Visakhapatnam,Visakhapatnam Port Freight Corridor,Sheela Nagar Flyover to Scindia Junction,17.69978,83.21411,2022,8,5,15,State Highway,Potholes / Road Surface Defect,Heavy Truck,Commercial Goods,Clear,Damaged / Potholes,Daylight,Low,1,0,2
ACC-10887,Andhra Pradesh,Visakhapatnam,Visakhapatnam,Visakhapatnam Port Freight Corridor,Sheela Nagar Flyover to Scindia Junction,17.69201,83.21786,2024,5,27,23,State Highway,Overspeeding,Heavy Truck,Commercial Goods,Rain,Wet / Slippery,Poor / Intermittent,High,1,0,2
ACC-10888,Andhra Pradesh,Visakhapatnam,Visakhapatnam,Visakhapatnam Port Freight Corridor,Sheela Nagar Flyover to Scindia Junction,17.69978,83.2162,2022,12,23,10,State Highway,Potholes / Road Surface Defect,Heavy Truck,Commercial Goods,Clear,Damaged / Potholes,Daylight,High,1,0,1
ACC-10889,Odisha,Khordha,Bhubaneswar,Bhubaneswar-Cuttack Highway NH-16,Rasulgarh Square to Pahala Rasagola Mile,20.32677,85.86322,2024,12,14,22,National Highway,Pedestrian Crossing Hazard,Bus,Motorized Passenger,Rain,Wet / Slippery,Streetlights Operational,Low,1,0,1
ACC-10890,Odisha,Khordha,Bhubaneswar,Bhubaneswar-Cuttack Highway NH-16,Rasulgarh Square to Pahala Rasagola Mile,20.32391,85.86891,2023,2,1,19,National Highway,Overspeeding,Car,Motorized Passenger,Rain,Wet / Slippery,Poor / Intermittent,High,1,0,2
ACC-10891,Odisha,Khordha,Bhubaneswar,Bhubaneswar-Cuttack Highway NH-16,Rasulgarh Square to Pahala Rasagola Mile,20.32686,85.87366,2024,10,17,13,National Highway,Poor Lighting,Two-Wheeler,Vulnerable Road User (VRU),Clear,Dry / Smooth,Daylight,High,1,1,1
ACC-10892,Odisha,Khordha,Bhubaneswar,Bhubaneswar-Cuttack Highway NH-16,Rasulgarh Square to Pahala Rasagola Mile,20.32517,85.85959,2024,7,23,8,National Highway,Poor Lighting,Car,Motorized Passenger,Rain,Dry / Smooth,Daylight,Congested,1,0,0
ACC-10893,Odisha,Khordha,Bhubaneswar,Bhubaneswar-Cuttack Highway NH-16,Rasulgarh Square to Pahala Rasagola Mile,20.33168,85.86318,2023,2,10,15,National Highway,Pedestrian Crossing Hazard,Car,Motorized Passenger,Rain,Wet / Slippery,Daylight,Low,1,0,1
ACC-10894,Odisha,Khordha,Bhubaneswar,Bhubaneswar-Cuttack Highway NH-16,Rasulgarh Square to Pahala Rasagola Mile,20.3241,85.86062,2024,1,11,22,National Highway,Adverse Weather / Fog,Pedestrian,Vulnerable Road User (VRU),Fog/Mist,Under Construction,Poor / Intermittent,Low,1,0,0
ACC-10895,Odisha,Khordha,Bhubaneswar,Bhubaneswar-Cuttack Highway NH-16,Rasulgarh Square to Pahala Rasagola Mile,20.3226,85.86915,2023,10,18,16,National Highway,Overspeeding,Bus,Motorized Passenger,Rain,Wet / Slippery,Daylight,High,1,0,0
ACC-10896,Odisha,Khordha,Bhubaneswar,Bhubaneswar-Cuttack Highway NH-16,Rasulgarh Square to Pahala Rasagola Mile,20.31788,85.86851,2022,7,7,23,National Highway,Poor Lighting,Bus,Motorized Passenger,Rain,Wet / Slippery,Poor / Intermittent,Medium,1,0,1
ACC-10897,Odisha,Khordha,Bhubaneswar,Bhubaneswar-Cuttack Highway NH-16,Rasulgarh Square to Pahala Rasagola Mile,20.31776,85.8745,2023,9,18,21,National Highway,Pedestrian Crossing Hazard,Pedestrian,Vulnerable Road User (VRU),Clear,Damaged / Potholes,Poor / Intermittent,Low,1,0,3
ACC-10898,Odisha,Khordha,Bhubaneswar,Bhubaneswar-Cuttack Highway NH-16,Rasulgarh Square to Pahala Rasagola Mile,20.32401,85.87253,2023,10,19,8,National Highway,Overspeeding,Car,Motorized Passenger,Clear,Dry / Smooth,Daylight,Medium,1,0,1
ACC-10899,Odisha,Khordha,Bhubaneswar,Bhubaneswar-Cuttack Highway NH-16,Rasulgarh Square to Pahala Rasagola Mile,20.32383,85.86622,2022,4,8,7,National Highway,Overspeeding,Two-Wheeler,Vulnerable Road User (VRU),Rain,Wet / Slippery,Daylight,Medium,1,0,2
ACC-10900,Odisha,Khordha,Bhubaneswar,Bhubaneswar-Cuttack Highway NH-16,Rasulgarh Square to Pahala Rasagola Mile,20.33091,85.86296,2022,7,6,12,National Highway,Poor Lighting,Car,Motorized Passenger,Rain,Wet / Slippery,Daylight,Low,1,0,1
ACC-10901,Odisha,Khordha,Bhubaneswar,Bhubaneswar-Cuttack Highway NH-16,Rasulgarh Square to Pahala Rasagola Mile,20.32762,85.87068,2023,2,23,23,National Highway,Overspeeding,Pedestrian,Vulnerable Road User (VRU),Rain,Wet / Slippery,Poor / Intermittent,High,1,0,1
ACC-10902,Odisha,Khordha,Bhubaneswar,Bhubaneswar-Cuttack Highway NH-16,Rasulgarh Square to Pahala Rasagola Mile,20.31702,85.86476,2022,8,9,0,National Highway,Poor Lighting,Car,Motorized Passenger,Clear,Dry / Smooth,Poor / Intermittent,High,1,0,1
ACC-10903,Odisha,Khordha,Bhubaneswar,Bhubaneswar-Cuttack Highway NH-16,Rasulgarh Square to Pahala Rasagola Mile,20.33188,85.86264,2022,2,22,23,National Highway,Adverse Weather / Fog,Bus,Motorized Passenger,Rain,Dry / Smooth,Streetlights Operational,Congested,1,0,3
ACC-10904,Odisha,Khordha,Bhubaneswar,Bhubaneswar-Cuttack Highway NH-16,Rasulgarh Square to Pahala Rasagola Mile,20.31695,85.87127,2024,5,18,7,National Highway,Adverse Weather / Fog,Pedestrian,Vulnerable Road User (VRU),Clear,Under Construction,Daylight,Low,1,0,4
ACC-10905,Odisha,Khordha,Bhubaneswar,Bhubaneswar-Cuttack Highway NH-16,Rasulgarh Square to Pahala Rasagola Mile,20.31761,85.86566,2021,2,20,18,National Highway,Overspeeding,Pedestrian,Vulnerable Road User (VRU),Clear,Damaged / Potholes,Unlit / Pitch Black,Congested,1,0,1
ACC-10906,Odisha,Khordha,Bhubaneswar,Bhubaneswar-Cuttack Highway NH-16,Rasulgarh Square to Pahala Rasagola Mile,20.31905,85.86562,2024,7,13,5,National Highway,Adverse Weather / Fog,Pedestrian,Vulnerable Road User (VRU),Rain,Wet / Slippery,Poor / Intermittent,Congested,1,0,1
ACC-10907,Odisha,Khordha,Bhubaneswar,Bhubaneswar-Cuttack Highway NH-16,Rasulgarh Square to Pahala Rasagola Mile,20.31613,85.87496,2022,6,21,9,National Highway,Poor Lighting,Two-Wheeler,Vulnerable Road User (VRU),Clear,Dry / Smooth,Daylight,High,1,0,0
ACC-10908,Odisha,Khordha,Bhubaneswar,Bhubaneswar-Cuttack Highway NH-16,Rasulgarh Square to Pahala Rasagola Mile,20.33005,85.8738,2021,1,11,0,National Highway,Adverse Weather / Fog,Two-Wheeler,Vulnerable Road User (VRU),Fog/Mist,Damaged / Potholes,Streetlights Operational,Congested,1,1,1
ACC-10909,Odisha,Khordha,Bhubaneswar,Bhubaneswar-Cuttack Highway NH-16,Rasulgarh Square to Pahala Rasagola Mile,20.3288,85.86112,2023,10,6,14,National Highway,Overspeeding,Pedestrian,Vulnerable Road User (VRU),Clear,Under Construction,Daylight,High,1,0,2
ACC-10910,Odisha,Khordha,Bhubaneswar,Bhubaneswar-Cuttack Highway NH-16,Rasulgarh Square to Pahala Rasagola Mile,20.32232,85.86637,2023,5,4,2,National Highway,Overspeeding,Two-Wheeler,Vulnerable Road User (VRU),Clear,Damaged / Potholes,Streetlights Operational,Congested,1,0,1
ACC-10911,Odisha,Khordha,Bhubaneswar,Bhubaneswar-Cuttack Highway NH-16,Rasulgarh Square to Pahala Rasagola Mile,20.31704,85.87492,2021,11,18,7,National Highway,Adverse Weather / Fog,Pedestrian,Vulnerable Road User (VRU),Rain,Damaged / Potholes,Daylight,Medium,1,0,0
ACC-10912,Odisha,Khordha,Bhubaneswar,Bhubaneswar-Cuttack Highway NH-16,Rasulgarh Square to Pahala Rasagola Mile,20.32062,85.86137,2024,11,23,12,National Highway,Pedestrian Crossing Hazard,Two-Wheeler,Vulnerable Road User (VRU),Rain,Wet / Slippery,Daylight,Congested,1,0,1
ACC-10913,Odisha,Khordha,Bhubaneswar,Bhubaneswar-Cuttack Highway NH-16,Rasulgarh Square to Pahala Rasagola Mile,20.32232,85.86716,2022,5,21,18,National Highway,Poor Lighting,Two-Wheeler,Vulnerable Road User (VRU),Rain,Dry / Smooth,Poor / Intermittent,High,1,0,1
ACC-10914,Odisha,Khordha,Bhubaneswar,Bhubaneswar-Cuttack Highway NH-16,Rasulgarh Square to Pahala Rasagola Mile,20.32095,85.86221,2023,11,23,0,National Highway,Overspeeding,Two-Wheeler,Vulnerable Road User (VRU),Rain,Wet / Slippery,Unlit / Pitch Black,High,1,0,0
ACC-10915,Odisha,Khordha,Bhubaneswar,Bhubaneswar-Cuttack Highway NH-16,Rasulgarh Square to Pahala Rasagola Mile,20.31965,85.86432,2021,11,28,20,National Highway,Overspeeding,Bus,Motorized Passenger,Clear,Dry / Smooth,Streetlights Operational,High,1,0,0
ACC-10916,Odisha,Khordha,Bhubaneswar,Bhubaneswar-Cuttack Highway NH-16,Rasulgarh Square to Pahala Rasagola Mile,20.31995,85.87222,2022,8,7,21,National Highway,Pedestrian Crossing Hazard,Two-Wheeler,Vulnerable Road User (VRU),Rain,Wet / Slippery,Streetlights Operational,High,1,0,0
ACC-10917,Odisha,Khordha,Bhubaneswar,Bhubaneswar-Cuttack Highway NH-16,Rasulgarh Square to Pahala Rasagola Mile,20.33085,85.87009,2023,3,13,8,National Highway,Poor Lighting,Two-Wheeler,Vulnerable Road User (VRU),Clear,Damaged / Potholes,Daylight,Medium,1,0,1
ACC-10918,Odisha,Khordha,Bhubaneswar,Bhubaneswar-Cuttack Highway NH-16,Rasulgarh Square to Pahala Rasagola Mile,20.32917,85.86701,2023,4,21,7,National Highway,Poor Lighting,Two-Wheeler,Vulnerable Road User (VRU),Rain,Under Construction,Daylight,Congested,1,0,3
ACC-10919,Odisha,Khordha,Bhubaneswar,Bhubaneswar-Cuttack Highway NH-16,Rasulgarh Square to Pahala Rasagola Mile,20.31903,85.86444,2021,11,23,23,National Highway,Poor Lighting,Pedestrian,Vulnerable Road User (VRU),Fog/Mist,Dry / Smooth,Unlit / Pitch Black,High,1,2,1
ACC-10920,Odisha,Khordha,Bhubaneswar,Bhubaneswar-Cuttack Highway NH-16,Rasulgarh Square to Pahala Rasagola Mile,20.32927,85.87334,2023,11,23,9,National Highway,Adverse Weather / Fog,Bus,Motorized Passenger,Rain,Wet / Slippery,Daylight,Low,1,0,0
ACC-10921,Assam,Kamrup Metropolitan,Guwahati,GS Road Khanapara Corridor,Khanapara Rotary to Six Mile Flyover,26.1326,91.807,2021,9,28,2,Urban Arterial,Drunk Driving,Auto-Rickshaw,Vulnerable Road User (VRU),Rain,Wet / Slippery,Streetlights Operational,High,1,0,0
ACC-10922,Assam,Kamrup Metropolitan,Guwahati,GS Road Khanapara Corridor,Khanapara Rotary to Six Mile Flyover,26.1211,91.79433,2022,7,20,23,Urban Arterial,Adverse Weather / Fog,Auto-Rickshaw,Vulnerable Road User (VRU),Rain,Wet / Slippery,Streetlights Operational,Medium,1,0,2
ACC-10923,Assam,Kamrup Metropolitan,Guwahati,GS Road Khanapara Corridor,Khanapara Rotary to Six Mile Flyover,26.12507,91.79512,2022,6,28,17,Urban Arterial,Adverse Weather / Fog,Pedestrian,Vulnerable Road User (VRU),Rain,Wet / Slippery,Daylight,High,1,0,0
ACC-10924,Assam,Kamrup Metropolitan,Guwahati,GS Road Khanapara Corridor,Khanapara Rotary to Six Mile Flyover,26.12298,91.80285,2022,11,7,23,Urban Arterial,Poor Lighting,Two-Wheeler,Vulnerable Road User (VRU),Fog/Mist,Dry / Smooth,Poor / Intermittent,Medium,1,0,1
ACC-10925,Assam,Kamrup Metropolitan,Guwahati,GS Road Khanapara Corridor,Khanapara Rotary to Six Mile Flyover,26.12049,91.79415,2023,1,4,9,Urban Arterial,Drunk Driving,Car,Motorized Passenger,Rain,Wet / Slippery,Daylight,Low,1,2,2
ACC-10926,Assam,Kamrup Metropolitan,Guwahati,GS Road Khanapara Corridor,Khanapara Rotary to Six Mile Flyover,26.12492,91.80396,2021,7,25,7,Urban Arterial,Drunk Driving,Two-Wheeler,Vulnerable Road User (VRU),Rain,Wet / Slippery,Daylight,Congested,1,0,1
ACC-10927,Assam,Kamrup Metropolitan,Guwahati,GS Road Khanapara Corridor,Khanapara Rotary to Six Mile Flyover,26.12398,91.79869,2024,12,8,12,Urban Arterial,Dangerous Junction Geometry,Pedestrian,Vulnerable Road User (VRU),Rain,Under Construction,Daylight,Medium,1,0,2
ACC-10928,Assam,Kamrup Metropolitan,Guwahati,GS Road Khanapara Corridor,Khanapara Rotary to Six Mile Flyover,26.13403,91.8099,2022,7,9,8,Urban Arterial,Drunk Driving,Auto-Rickshaw,Vulnerable Road User (VRU),Clear,Damaged / Potholes,Daylight,Congested,1,0,2
ACC-10929,Assam,Kamrup Metropolitan,Guwahati,GS Road Khanapara Corridor,Khanapara Rotary to Six Mile Flyover,26.13105,91.79623,2022,11,12,18,Urban Arterial,Poor Lighting,Auto-Rickshaw,Vulnerable Road User (VRU),Rain,Under Construction,Poor / Intermittent,Congested,1,0,1
ACC-10930,Assam,Kamrup Metropolitan,Guwahati,GS Road Khanapara Corridor,Khanapara Rotary to Six Mile Flyover,26.12266,91.79584,2022,4,7,12,Urban Arterial,Adverse Weather / Fog,Pedestrian,Vulnerable Road User (VRU),Rain,Under Construction,Daylight,Low,1,0,1
ACC-10931,Assam,Kamrup Metropolitan,Guwahati,GS Road Khanapara Corridor,Khanapara Rotary to Six Mile Flyover,26.12655,91.80238,2024,5,27,16,Urban Arterial,Poor Lighting,Two-Wheeler,Vulnerable Road User (VRU),Clear,Damaged / Potholes,Daylight,Low,1,0,0
ACC-10932,Assam,Kamrup Metropolitan,Guwahati,GS Road Khanapara Corridor,Khanapara Rotary to Six Mile Flyover,26.13222,91.8063,2022,8,1,9,Urban Arterial,Adverse Weather / Fog,Pedestrian,Vulnerable Road User (VRU),Rain,Damaged / Potholes,Daylight,Medium,1,1,1
ACC-10933,Assam,Kamrup Metropolitan,Guwahati,GS Road Khanapara Corridor,Khanapara Rotary to Six Mile Flyover,26.1257,91.79554,2024,6,20,12,Urban Arterial,Drunk Driving,Two-Wheeler,Vulnerable Road User (VRU),Clear,Dry / Smooth,Daylight,High,1,0,2
ACC-10934,Assam,Kamrup Metropolitan,Guwahati,GS Road Khanapara Corridor,Khanapara Rotary to Six Mile Flyover,26.128,91.80536,2023,4,24,7,Urban Arterial,Dangerous Junction Geometry,Two-Wheeler,Vulnerable Road User (VRU),Rain,Wet / Slippery,Daylight,Low,1,0,2
ACC-10935,Assam,Kamrup Metropolitan,Guwahati,GS Road Khanapara Corridor,Khanapara Rotary to Six Mile Flyover,26.13602,91.80472,2023,5,4,5,Urban Arterial,Adverse Weather / Fog,Car,Motorized Passenger,Rain,Damaged / Potholes,Poor / Intermittent,Low,1,0,3
ACC-10936,Assam,Kamrup Metropolitan,Guwahati,GS Road Khanapara Corridor,Khanapara Rotary to Six Mile Flyover,26.1262,91.80115,2022,8,4,5,Urban Arterial,Poor Lighting,Auto-Rickshaw,Vulnerable Road User (VRU),Rain,Wet / Slippery,Poor / Intermittent,High,1,0,4
ACC-10937,Assam,Kamrup Metropolitan,Guwahati,GS Road Khanapara Corridor,Khanapara Rotary to Six Mile Flyover,26.13507,91.79588,2022,8,1,13,Urban Arterial,Dangerous Junction Geometry,Pedestrian,Vulnerable Road User (VRU),Rain,Wet / Slippery,Daylight,High,1,1,2
ACC-10938,Assam,Kamrup Metropolitan,Guwahati,GS Road Khanapara Corridor,Khanapara Rotary to Six Mile Flyover,26.12488,91.80243,2022,11,11,1,Urban Arterial,Dangerous Junction Geometry,Auto-Rickshaw,Vulnerable Road User (VRU),Fog/Mist,Damaged / Potholes,Poor / Intermittent,Low,1,0,0
ACC-10939,Assam,Kamrup Metropolitan,Guwahati,GS Road Khanapara Corridor,Khanapara Rotary to Six Mile Flyover,26.12773,91.79538,2021,8,11,3,Urban Arterial,Adverse Weather / Fog,Pedestrian,Vulnerable Road User (VRU),Rain,Wet / Slippery,Poor / Intermittent,Low,1,0,2
ACC-10940,Assam,Kamrup Metropolitan,Guwahati,GS Road Khanapara Corridor,Khanapara Rotary to Six Mile Flyover,26.13152,91.79842,2021,3,28,12,Urban Arterial,Drunk Driving,Two-Wheeler,Vulnerable Road User (VRU),Rain,Wet / Slippery,Daylight,Congested,1,1,1
ACC-10941,Assam,Kamrup Metropolitan,Guwahati,GS Road Khanapara Corridor,Khanapara Rotary to Six Mile Flyover,26.12467,91.80871,2024,6,12,16,Urban Arterial,Poor Lighting,Auto-Rickshaw,Vulnerable Road User (VRU),Clear,Damaged / Potholes,Daylight,Low,1,0,1
ACC-10942,Assam,Kamrup Metropolitan,Guwahati,GS Road Khanapara Corridor,Khanapara Rotary to Six Mile Flyover,26.13322,91.80656,2021,11,11,17,Urban Arterial,Drunk Driving,Two-Wheeler,Vulnerable Road User (VRU),Clear,Damaged / Potholes,Daylight,Medium,1,1,0
ACC-10943,Assam,Kamrup Metropolitan,Guwahati,GS Road Khanapara Corridor,Khanapara Rotary to Six Mile Flyover,26.12262,91.80879,2021,1,24,9,Urban Arterial,Drunk Driving,Car,Motorized Passenger,Clear,Under Construction,Daylight,High,1,0,0
ACC-10944,Assam,Kamrup Metropolitan,Guwahati,GS Road Khanapara Corridor,Khanapara Rotary to Six Mile Flyover,26.13041,91.79718,2021,3,3,4,Urban Arterial,Drunk Driving,Auto-Rickshaw,Vulnerable Road User (VRU),Clear,Damaged / Potholes,Streetlights Operational,High,1,0,1
ACC-10945,Gujarat,Surat,Surat,Surat-Dumas Airport Road,Sultanabad Junction to Dumas Beach Cross,21.13726,72.7425,2022,12,16,2,State Highway,Drunk Driving,Car,Motorized Passenger,Fog/Mist,Dry / Smooth,Streetlights Operational,Congested,1,1,0
ACC-10946,Gujarat,Surat,Surat,Surat-Dumas Airport Road,Sultanabad Junction to Dumas Beach Cross,21.13885,72.7468,2022,12,4,4,State Highway,Dangerous Junction Geometry,Two-Wheeler,Vulnerable Road User (VRU),Fog/Mist,Damaged / Potholes,Streetlights Operational,Medium,1,0,2
ACC-10947,Gujarat,Surat,Surat,Surat-Dumas Airport Road,Sultanabad Junction to Dumas Beach Cross,21.1351,72.74571,2023,4,14,9,State Highway,Dangerous Junction Geometry,Pedestrian,Vulnerable Road User (VRU),Clear,Dry / Smooth,Daylight,Low,1,0,0
ACC-10948,Gujarat,Surat,Surat,Surat-Dumas Airport Road,Sultanabad Junction to Dumas Beach Cross,21.14945,72.74931,2021,10,25,4,State Highway,Drunk Driving,Two-Wheeler,Vulnerable Road User (VRU),Clear,Dry / Smooth,Streetlights Operational,Low,1,0,1
ACC-10949,Gujarat,Surat,Surat,Surat-Dumas Airport Road,Sultanabad Junction to Dumas Beach Cross,21.13714,72.7496,2023,8,12,10,State Highway,Poor Lighting,Car,Motorized Passenger,Rain,Wet / Slippery,Daylight,Congested,1,0,4
ACC-10950,Gujarat,Surat,Surat,Surat-Dumas Airport Road,Sultanabad Junction to Dumas Beach Cross,21.14081,72.74059,2021,12,12,19,State Highway,Poor Lighting,Car,Motorized Passenger,Rain,Under Construction,Poor / Intermittent,Medium,1,0,2
ACC-10951,Gujarat,Surat,Surat,Surat-Dumas Airport Road,Sultanabad Junction to Dumas Beach Cross,21.13686,72.74969,2022,6,13,13,State Highway,Dangerous Junction Geometry,Car,Motorized Passenger,Rain,Wet / Slippery,Daylight,Congested,1,0,2
ACC-10952,Gujarat,Surat,Surat,Surat-Dumas Airport Road,Sultanabad Junction to Dumas Beach Cross,21.14289,72.74384,2022,4,4,19,State Highway,Dangerous Junction Geometry,Car,Motorized Passenger,Rain,Under Construction,Unlit / Pitch Black,Medium,1,0,3
ACC-10953,Gujarat,Surat,Surat,Surat-Dumas Airport Road,Sultanabad Junction to Dumas Beach Cross,21.13873,72.74396,2024,10,24,18,State Highway,Dangerous Junction Geometry,Car,Motorized Passenger,Clear,Dry / Smooth,Streetlights Operational,High,1,1,1
ACC-10954,Gujarat,Surat,Surat,Surat-Dumas Airport Road,Sultanabad Junction to Dumas Beach Cross,21.14257,72.74566,2024,4,14,8,State Highway,Dangerous Junction Geometry,Car,Motorized Passenger,Rain,Wet / Slippery,Daylight,Congested,1,0,1
ACC-10955,Gujarat,Surat,Surat,Surat-Dumas Airport Road,Sultanabad Junction to Dumas Beach Cross,21.14866,72.75464,2023,12,28,21,State Highway,Drunk Driving,Two-Wheeler,Vulnerable Road User (VRU),Clear,Under Construction,Poor / Intermittent,Medium,1,0,2
ACC-10956,Gujarat,Surat,Surat,Surat-Dumas Airport Road,Sultanabad Junction to Dumas Beach Cross,21.14711,72.74419,2024,5,18,9,State Highway,Dangerous Junction Geometry,Two-Wheeler,Vulnerable Road User (VRU),Rain,Wet / Slippery,Daylight,Medium,1,0,1
ACC-10957,Gujarat,Surat,Surat,Surat-Dumas Airport Road,Sultanabad Junction to Dumas Beach Cross,21.14925,72.75185,2024,1,11,1,State Highway,Drunk Driving,Two-Wheeler,Vulnerable Road User (VRU),Fog/Mist,Dry / Smooth,Streetlights Operational,Congested,1,0,3
ACC-10958,Gujarat,Surat,Surat,Surat-Dumas Airport Road,Sultanabad Junction to Dumas Beach Cross,21.13415,72.7459,2021,8,13,15,State Highway,Poor Lighting,Pedestrian,Vulnerable Road User (VRU),Rain,Wet / Slippery,Daylight,High,1,0,1
ACC-10959,Gujarat,Surat,Surat,Surat-Dumas Airport Road,Sultanabad Junction to Dumas Beach Cross,21.14826,72.74858,2024,9,5,8,State Highway,Drunk Driving,Car,Motorized Passenger,Clear,Damaged / Potholes,Daylight,High,1,0,0
ACC-10960,Gujarat,Surat,Surat,Surat-Dumas Airport Road,Sultanabad Junction to Dumas Beach Cross,21.14,72.75261,2023,4,26,23,State Highway,Overspeeding,Car,Motorized Passenger,Rain,Wet / Slippery,Unlit / Pitch Black,High,1,1,1
ACC-10961,Gujarat,Surat,Surat,Surat-Dumas Airport Road,Sultanabad Junction to Dumas Beach Cross,21.13671,72.74226,2022,8,21,2,State Highway,Drunk Driving,Car,Motorized Passenger,Rain,Wet / Slippery,Poor / Intermittent,Medium,1,0,1
ACC-10962,Gujarat,Surat,Surat,Surat-Dumas Airport Road,Sultanabad Junction to Dumas Beach Cross,21.14444,72.74653,2021,2,2,11,State Highway,Drunk Driving,Car,Motorized Passenger,Clear,Damaged / Potholes,Daylight,Congested,1,0,1
ACC-10963,Gujarat,Surat,Surat,Surat-Dumas Airport Road,Sultanabad Junction to Dumas Beach Cross,21.13634,72.74184,2023,10,27,13,State Highway,Poor Lighting,Car,Motorized Passenger,Clear,Dry / Smooth,Daylight,Medium,1,0,3
ACC-10964,Gujarat,Surat,Surat,Surat-Dumas Airport Road,Sultanabad Junction to Dumas Beach Cross,21.14282,72.74859,2022,12,8,9,State Highway,Poor Lighting,Car,Motorized Passenger,Rain,Dry / Smooth,Daylight,Low,1,0,1
ACC-10965,Gujarat,Surat,Surat,Surat-Dumas Airport Road,Sultanabad Junction to Dumas Beach Cross,21.14439,72.75136,2024,12,5,1,State Highway,Dangerous Junction Geometry,Car,Motorized Passenger,Fog/Mist,Damaged / Potholes,Poor / Intermittent,Medium,1,1,0
ACC-10966,Gujarat,Surat,Surat,Surat-Dumas Airport Road,Sultanabad Junction to Dumas Beach Cross,21.14043,72.74836,2024,1,2,7,State Highway,Dangerous Junction Geometry,Two-Wheeler,Vulnerable Road User (VRU),Rain,Wet / Slippery,Daylight,Low,1,0,1
ACC-10967,Gujarat,Surat,Surat,Surat-Dumas Airport Road,Sultanabad Junction to Dumas Beach Cross,21.14342,72.74031,2023,8,1,14,State Highway,Drunk Driving,Pedestrian,Vulnerable Road User (VRU),Rain,Wet / Slippery,Daylight,Medium,1,0,1
ACC-10968,Gujarat,Surat,Surat,Surat-Dumas Airport Road,Sultanabad Junction to Dumas Beach Cross,21.13666,72.74343,2021,10,12,2,State Highway,Drunk Driving,Two-Wheeler,Vulnerable Road User (VRU),Rain,Wet / Slippery,Unlit / Pitch Black,Low,1,0,1
